tree
version=v4
num_class=1
num_tree_per_iteration=1
label_index=0
max_feature_idx=0
objective=regression
feature_names=Column_0
feature_infos=[-0.14507731193353587:0.16063080460943588]
tree_sizes=3070 3079 3074 3088 3097 3107 3092 3107 3086 3105 3101 3091 3094 3088 3096 3121 3094 3114 3098 3113 3129 3116 3102 3120 3121 3120 3127 3127 3131 3129 3133 3120 3132 3095 3132 3102 3130 3109 3130 3085 3112 3105 3110 3093 3103 3102 3096 3101 3111 3132 3130 3129 3098 3097 3111 3129 3087 3098 3100 3093 3087 3129 3092 3092 3111 3075 3133 3104 3123 3099 3088 3103 3072 3103 3081 3108 3087 3099 3066 3093 3063 3118 3104 3071 3081 3100 3076 3085 3084 3069 3087 3110 3088 3063 3083 3064 3055 3062 3082 3064 3092 3068 3119 3049 3128 3073 3075 3126 3073 3115 3087 3083 3086 3066 3090 3087 3086 3079 3078 3090 3084 3082 3080 3112 3095 3090 3095 3095 3063 3120 3090 3076 3083 3088 3120 3070 3068 3085 3068 3083 3078 3077 3085 3091 3117 3090 3072 3089 3088 3066 3074 3114 3104 3067 3116 3110 3084 3066 3081 3104 3100 3067 3107 3103 3064 3110 3090 3122 3089 3077 3096 3071 3083 3095 3102 3067 3116 3079 3083 3079 3112 3101 3054 3107 3132 3060 3108 3096 3095 3095 3099 3093 3060 3113 3093 3112 3110 3096 3080 3067

Tree=0
num_leaves=31
num_cat=0
split_feature=0 0 0 0 0 0 0 0 0 0 0 0 0 0 0 0 0 0 0 0 0 0 0 0 0 0 0 0 0 0
split_gain=0.104007 0.0229807 0.0251855 0.0143149 0.00700931 0.00506742 0.00214151 0.00189543 0.00130649 0.00127331 0.00121156 0.00178839 0.000914643 0.000597972 0.000306129 0.000436871 0.000604099 0.000413547 0.000673661 0.000382659 0.000376358 0.0003059 0.000299889 0.00028637 0.00034926 0.000243338 0.000270029 0.000283316 0.000574983 0.000240765
threshold=-0.0014914617810069927 0.046204879040816556 0.0036187552532875268 -0.0082134807213181931 0.007776959479531248 -0.050161956975202614 -0.0054481196936981341 0.0014859408838954712 0.012940968014126194 0.037925976458710924 -0.027323983957631862 -0.013109586457152869 -0.014744358271977483 -0.017899142657214113 -0.010382870609192218 -0.011431649397759874 -0.011860397195859339 -0.0092284920864327252 -0.00957397570292093 -0.01241668460002244 -0.010110776558653363 0.0052305128332245888 -0.016018514911379168 0.0046150052830187761 0.0044867306992448638 0.0025105642701259119 0.0027107652337801562 0.0030829115671654477 0.0031414737074156002 0.003540546764762276
decision_type=2 2 2 2 2 2 2 2 2 2 2 2 2 2 2 2 2 2 2 2 2 2 2 2 2 2 2 2 2 2
left_child=3 2 7 5 21 -1 -5 -2 -6 -10 -7 12 13 -12 15 16 19 18 20 -13 -16 23 -15 24 -4 -9 -27 -28 -29 -30
right_child=1 -3 4 6 8 10 -8 25 9 -11 11 14 -14 22 17 -17 -18 -19 -20 -21 -22 -23 -24 -25 -26 26 27 28 29 -31
leaf_value=0.00055549453171385601 0.00034379655237956299 -0.0010867056246015446 0.00054503912121996536 3.312136292990802e-05 0.00071969949545099368 5.8335831119133656e-06 0.00017097060916406262 0.00041203471773969784 0.00090909588605036953 0.00051694602295567643 -0.00036397864163232365 -0.00021757758993889916 -0.00053109523176435498 -1.1170024343268466e-05 -0.00034674111212974035 -4.6347006193811382e-06 -0.00038363390835726444 -0.00011478407623717249 -0.00049095739036416914 6.4770638666264261e-05 -0.0001042417968146443 0.00059058976576724137 -0.0002611237199574116 0.00048753124513292278 0.00069303146412903445 0.00054003399037883676 0.00039395682214690263 0.00071760436749028684 0.00047315017086627727 0.00030156535081849302
leaf_weight=24 1224 23 299 384 391 72 1058 456 207 23 72 24 48 24 24 72 24 96 24 24 48 575 24 184 46 92 161 23 184 23
leaf_count=24 1224 23 299 384 391 72 1058 456 207 23 72 24 48 24 24 72 24 96 24 24 48 575 24 184 46 92 161 23 184 23
internal_value=0.000338101 0.000489115 0.000498437 4.88675e-05 0.000640937 -0.000156364 0.000134262 0.000384792 0.000775322 0.000869881 -0.000186024 -0.000213433 -0.000346631 -0.000272846 -0.000146833 -9.17242e-05 -0.000178814 -0.000188165 -0.000261546 -7.64035e-05 -0.000185075 0.000565345 -0.000136147 0.000537905 0.000564771 0.000438231 0.000462962 0.000444828 0.000480437 0.000454085
internal_weight=5953 3911 3888 2042 1725 600 1442 2163 621 230 576 504 168 120 336 144 72 192 96 48 72 1104 48 529 345 939 483 391 230 207
internal_count=5953 3911 3888 2042 1725 600 1442 2163 621 230 576 504 168 120 336 144 72 192 96 48 72 1104 48 529 345 939 483 391 230 207
is_linear=0
shrinkage=1


Tree=1
num_leaves=31
num_cat=0
split_feature=0 0 0 0 0 0 0 0 0 0 0 0 0 0 0 0 0 0 0 0 0 0 0 0 0 0 0 0 0 0
split_gain=0.0938659 0.0207401 0.0227299 0.0129192 0.00632591 0.00457335 0.00193271 0.00171063 0.0011791 0.00114916 0.00109401 0.00124368 0.00108137 0.000294753 0.000482116 0.000276282 0.000394276 0.0005452 0.000373226 0.00060798 0.000345349 0.000339663 0.000276075 0.00027065 0.000258449 0.000315207 0.0002297 0.000361425 0.000229379 0.000325636
threshold=-0.0014914617810069927 0.046204879040816556 0.0036187552532875268 -0.0082134807213181931 0.007776959479531248 -0.050161956975202614 -0.0054481196936981341 0.0014859408838954712 0.012940968014126194 0.037925976458710924 -0.031965569042257135 -0.013109586457152869 -0.014744358271977483 -0.017899142657214113 -0.027323983957631862 -0.010382870609192218 -0.011431649397759874 -0.011860397195859339 -0.0092284920864327252 -0.00957397570292093 -0.01241668460002244 -0.010110776558653363 0.0052305128332245888 -0.016018514911379168 0.0046150052830187761 0.0044867306992448638 0.0038758061320144379 0.0039859300302273453 -0.0012569284385753766 -0.00084515841527540503
decision_type=2 2 2 2 2 2 2 2 2 2 2 2 2 2 2 2 2 2 2 2 2 2 2 2 2 2 2 2 2 2
left_child=3 2 7 5 22 -1 -5 28 -6 -10 -7 12 13 14 -12 16 17 20 19 21 -13 -17 24 -15 25 26 -4 -28 -2 -30
right_child=1 -3 4 6 8 10 -8 -9 9 -11 11 15 -14 23 -16 18 -18 -19 -20 -21 -22 -23 -24 -25 -26 -27 27 -29 29 -31
leaf_value=0.00020652395131340505 9.3967713125849798e-05 -0.0013535662210020036 0.00026232767236449391 -0.00028973058473837912 0.00036251864323341227 -0.00026937696165987293 -0.00015877379431477307 9.5123199051311773e-05 0.00054244519133530764 0.00016990278242662066 -0.00040820809081196788 -0.00052789457173882208 -0.00082573633101977375 -0.00033180742738447106 -0.00066697557661730879 -0.00065059993042571778 -0.00032559885362894018 -0.00068564809419816204 -0.00043024076189794873 -0.0007876054039419009 -0.00025966376000117938 -0.00042022558936878341 0.000239864405243798 -0.00056926339893834663 0.00014195880876681971 0.00033718401454794019 4.3772412055145457e-05 0.0002026901674257687 -7.195145710442296e-05 9.9001081777885536e-06
leaf_weight=24 69 23 92 384 391 48 1058 939 207 23 24 24 48 24 72 24 72 24 96 24 24 48 575 24 184 46 46 161 138 1017
leaf_count=24 69 23 92 384 391 48 1058 939 207 23 24 24 48 24 72 24 72 24 96 24 24 48 575 24 184 46 46 161 138 1017
internal_value=5.92967e-13 0.000143463 0.000152319 -0.000274772 0.000287694 -0.000469741 -0.000193647 4.43567e-05 0.00041536 0.000505191 -0.000497919 -0.000518695 -0.00062021 -0.000551701 -0.000602284 -0.000460687 -0.000408334 -0.000491069 -0.000499952 -0.000569664 -0.000393779 -0.000497017 0.000215882 -0.000450535 0.000189814 0.000215337 0.000196591 0.000167375 5.41085e-06 1.20441e-07
internal_weight=5953 3911 3888 2042 1725 600 1442 2163 621 230 576 528 192 144 96 336 144 72 192 96 48 72 1104 48 529 345 299 207 1224 1155
internal_count=5953 3911 3888 2042 1725 600 1442 2163 621 230 576 528 192 144 96 336 144 72 192 96 48 72 1104 48 529 345 299 207 1224 1155
is_linear=0
shrinkage=0.05


Tree=2
num_leaves=31
num_cat=0
split_feature=0 0 0 0 0 0 0 0 0 0 0 0 0 0 0 0 0 0 0 0 0 0 0 0 0 0 0 0 0 0
split_gain=0.084714 0.0187179 0.0205137 0.0116596 0.00571037 0.00412744 0.00174427 0.00154384 0.00118975 0.00103712 0.000987345 0.00112243 0.00097594 0.000266014 0.00043511 0.000249344 0.000355835 0.000492043 0.000336837 0.000548702 0.000311678 0.000306546 0.000244261 0.000219612 0.000243701 0.000255693 0.000518922 0.00021729 0.000358812 0.000247446
threshold=-0.0014914617810069927 0.046204879040816556 0.0036187552532875268 -0.0082134807213181931 0.0075114621539750922 -0.050161956975202614 -0.0054481196936981341 0.0014859408838954712 0.012940968014126194 0.037925976458710924 -0.031965569042257135 -0.013109586457152869 -0.014744358271977483 -0.017899142657214113 -0.027323983957631862 -0.010382870609192218 -0.011431649397759874 -0.011860397195859339 -0.0092284920864327252 -0.00957397570292093 -0.01241668460002244 -0.010110776558653363 -0.016018514911379168 0.0025105642701259119 0.0027107652337801562 0.0030829115671654477 0.0031414737074156002 0.003540546764762276 0.0033884638574101299 0.0034930435118120475
decision_type=2 2 2 2 2 2 2 2 2 2 2 2 2 2 2 2 2 2 2 2 2 2 2 2 2 2 2 2 2 2
left_child=3 2 7 5 -4 -1 -5 -2 -6 -10 -7 12 13 14 -12 16 17 20 19 21 -13 -17 -15 -9 -25 -26 -27 28 -28 -30
right_child=1 -3 4 6 8 10 -8 23 9 -11 11 15 -14 22 -16 18 -18 -19 -20 -21 -22 -23 -24 24 25 26 27 -29 29 -31
leaf_value=0.00019619770579690037 5.1403053625304606e-06 -0.0012858879217199739 0.00020107776103173134 -0.00027524405033432233 0.00033943776516772177 -0.00025590813747840003 -0.00015083510022341286 6.5480944822750477e-05 0.00051532295196283953 0.00016140763454250588 -0.0003877976395112152 -0.00050149987437180248 -0.0007844495303894897 -0.00031521703907249807 -0.00063362681398252286 -0.00061806993944628634 -0.00030931889716359569 -0.00065136569695217381 -0.00040872871007688148 -0.00074822512930647171 -0.00024668059589506207 -0.00039921429488458675 -0.00054080024589590425 0.00018708025016404346 4.8306938805812625e-05 0.00035577209466440687 6.9456482404190033e-05 -3.9464956179195406e-05 0.00028063398992304905 7.9774609548621822e-05
leaf_weight=24 1224 23 1058 384 437 48 1058 456 207 23 24 24 48 24 72 24 72 24 96 24 24 48 24 92 161 23 115 23 46 23
leaf_count=24 1224 23 1058 384 437 48 1058 456 207 23 24 24 48 24 72 24 72 24 96 24 24 48 24 92 161 23 115 23 46 23
internal_value=1.19706e-12 0.00013629 0.000144703 -0.000261033 0.000273309 -0.000446254 -0.000183965 4.21389e-05 0.000387884 0.000479931 -0.000473023 -0.000492761 -0.000589199 -0.000524116 -0.00057217 -0.000437653 -0.000387917 -0.000466515 -0.000474955 -0.000541181 -0.00037409 -0.000472166 -0.000428009 9.0367e-05 0.000113862 9.66342e-05 0.000130463 0.000105429 0.000123541 0.000213681
internal_weight=5953 3911 3888 2042 1725 600 1442 2163 667 230 576 528 192 144 96 336 144 72 192 96 48 72 48 939 483 391 230 207 184 69
internal_count=5953 3911 3888 2042 1725 600 1442 2163 667 230 576 528 192 144 96 336 144 72 192 96 48 72 48 939 483 391 230 207 184 69
is_linear=0
shrinkage=0.05


Tree=3
num_leaves=31
num_cat=0
split_feature=0 0 0 0 0 0 0 0 0 0 0 0 0 0 0 0 0 0 0 0 0 0 0 0 0 0 0 0 0 0
split_gain=0.0764544 0.0168929 0.0185136 0.0105228 0.00516645 0.00372502 0.00157421 0.00140077 0.000956696 0.000936001 0.000891079 0.00101299 0.000880786 0.000243391 0.000240078 0.000392687 0.00023325 0.000284474 0.000225033 0.000321141 0.000444069 0.000303995 0.000495203 0.000281289 0.000276658 0.000220446 0.000215079 0.000722663 0.000484399 0.000436354
threshold=-0.0014914617810069927 0.046204879040816556 0.0036187552532875268 -0.0082134807213181931 0.007776959479531248 -0.050161956975202614 -0.0054481196936981341 0.0021205127434794188 0.012940968014126194 0.037925976458710924 -0.031965569042257135 -0.013109586457152869 -0.014744358271977483 0.0052305128332245888 -0.017899142657214113 -0.027323983957631862 0.0046150052830187761 0.0044867306992448638 -0.010382870609192218 -0.011431649397759874 -0.011860397195859339 -0.0092284920864327252 -0.00957397570292093 -0.01241668460002244 -0.010110776558653363 -0.016018514911379168 -0.006990260617628352 -0.0073243711975200807 -0.0061589658740905584 -0.0058656100349734073
decision_type=2 2 2 2 2 2 2 2 2 2 2 2 2 2 2 2 2 2 2 2 2 2 2 2 2 2 2 2 2 2
left_child=3 2 7 5 13 -1 26 -2 -6 -10 -7 12 14 16 15 -12 17 -4 19 20 23 22 24 -13 -20 -16 27 -5 -28 -30
right_child=1 -3 4 6 8 10 -8 -9 9 -11 11 18 -14 -15 25 -17 -18 -19 21 -21 -22 -23 -24 -25 -26 -27 28 -29 29 -31
leaf_value=0.0001863878412526295 1.3629735444566457e-05 -0.0012215935308789918 0.00017670783352027197 -0.00029237588443796388 0.00032742082068133596 -0.00024311271190526897 -0.000143293350171636 0.00010135315525663414 0.00048955680645275683 0.00015333729394984878 -0.00036840782316479215 -0.00047642484399451255 -0.00074522703398542949 0.00021726385582320767 -0.00029945619450397014 -0.00060194546667339133 0.00012480697528140494 0.0003102709187260189 -0.00058716643455530479 -0.00029385295038524521 -0.0006187974021183134 -0.00038829227238845005 -0.00071081388062642272 -0.00023434655837869893 -0.00037925357367688174 -0.00051376022990249725 -0.00036150114977620741 -5.4766878284340238e-05 -0.00010265969140164089 -0.00029728233500160665
leaf_weight=24 1512 23 299 96 391 48 1058 651 207 23 24 24 48 575 24 72 184 46 24 72 24 96 24 24 48 24 120 48 48 72
leaf_count=24 1512 23 299 96 391 48 1058 651 207 23 24 24 48 575 24 72 184 46 24 72 24 96 24 24 48 24 120 48 48 72
internal_value=1.42864e-12 0.000129475 0.000137468 -0.000247982 0.000259644 -0.000423941 -0.000174767 4.00319e-05 0.000375019 0.000455935 -0.000449372 -0.000468123 -0.000559739 0.000194746 -0.00049791 -0.000543561 0.00017027 0.000194516 -0.00041577 -0.000368521 -0.00044319 -0.000451207 -0.000514122 -0.000355386 -0.000448558 -0.000406608 -0.000261482 -0.000213173 -0.000290467 -0.000219433
internal_weight=5953 3911 3888 2042 1725 600 1442 2163 621 230 576 528 192 1104 144 96 529 345 336 144 72 192 96 48 72 48 384 144 240 120
internal_count=5953 3911 3888 2042 1725 600 1442 2163 621 230 576 528 192 1104 144 96 529 345 336 144 72 192 96 48 72 48 384 144 240 120
is_linear=0
shrinkage=0.05


Tree=4
num_leaves=31
num_cat=0
split_feature=0 0 0 0 0 0 0 0 0 0 0 0 0 0 0 0 0 0 0 0 0 0 0 0 0 0 0 0 0 0
split_gain=0.0690001 0.0152458 0.0167086 0.00949678 0.00467072 0.00336183 0.00142072 0.00129062 0.000963993 0.000844741 0.000804199 0.000914223 0.000794909 0.00021667 0.0003544 0.000207014 0.000293886 0.00135208 0.000404627 0.000222142 0.000203092 0.000289829 0.000400772 0.000274356 0.000446921 0.000253863 0.000249683 0.000198952 0.000194109 0.000652203
threshold=-0.0014914617810069927 0.046204879040816556 0.0036187552532875268 -0.0082134807213181931 0.0075114621539750922 -0.050161956975202614 -0.0054481196936981341 0.0014859408838954712 0.012940968014126194 0.037925976458710924 -0.031965569042257135 -0.013109586457152869 -0.014744358271977483 -0.017899142657214113 -0.027323983957631862 -0.0012569284385753766 -0.00084515841527540503 -0.00090423889314186366 -0.00065709973606036377 -0.00072027814341748045 -0.010382870609192218 -0.011431649397759874 -0.011860397195859339 -0.0092284920864327252 -0.00957397570292093 -0.01241668460002244 -0.010110776558653363 -0.016018514911379168 -0.006990260617628352 -0.0073243711975200807
decision_type=2 2 2 2 2 2 2 2 2 2 2 2 2 2 2 2 2 2 2 2 2 2 2 2 2 2 2 2 2 2
left_child=3 2 7 5 -4 -1 28 15 -6 -10 -7 12 13 14 -12 -2 17 -17 19 -18 21 22 25 24 26 -13 -22 -15 29 -5
right_child=1 -3 4 6 8 10 -8 -9 9 -11 11 20 -14 27 -16 16 18 -19 -20 -21 23 -23 -24 -25 -26 -27 -28 -29 -30 -31
leaf_value=0.00017706845634772134 8.8330820324409763e-05 -0.0011605138581691555 0.00018133553918973799 -0.00027775709482966707 0.00030667461327647284 -0.00023095706031502539 -0.00013612868112650246 8.2126309898333347e-05 0.00046507897419659011 0.00014567044800850969 -0.00034998739235258354 -0.00045260360190392632 -0.00070796571102012729 -0.00028448337895194223 -0.00057184821137828599 6.9929646839306735e-07 6.1929652593275747e-05 -0.0004192508478729945 -4.1990898226707226e-08 0.00025224217356678666 -0.00055780810871510769 -0.00027916031621215453 -0.0005878575337798491 -0.00036887766373183695 -0.00067527317150961608 -0.00022262922975642142 -0.00036029090867183795 -0.00048807219245645684 -0.00027594385543608266 -5.202853387421177e-05
leaf_weight=24 69 23 1058 96 437 48 1058 939 207 23 24 24 48 24 72 115 46 23 948 23 24 72 24 96 24 24 48 24 240 48
leaf_count=24 69 23 1058 96 437 48 1058 939 207 23 24 24 48 24 72 115 46 23 948 23 24 72 24 96 24 24 48 24 240 48
internal_value=1.48396e-12 0.000123002 0.000130594 -0.000235582 0.000246662 -0.000402744 -0.000166028 3.80303e-05 0.000350283 0.000433138 -0.000426903 -0.000444717 -0.000531752 -0.000473015 -0.000516383 4.2018e-06 -8.2409e-07 -6.92924e-05 8.46659e-06 0.000125367 -0.000394982 -0.000350095 -0.00042103 -0.000428647 -0.000488416 -0.000337616 -0.00042613 -0.000386278 -0.000248408 -0.000202514
internal_weight=5953 3911 3888 2042 1725 600 1442 2163 667 230 576 528 192 144 96 1224 1155 138 1017 69 336 144 72 192 96 48 72 48 384 144
internal_count=5953 3911 3888 2042 1725 600 1442 2163 667 230 576 528 192 144 96 1224 1155 138 1017 69 336 144 72 192 96 48 72 48 384 144
is_linear=0
shrinkage=0.05


Tree=5
num_leaves=31
num_cat=0
split_feature=0 0 0 0 0 0 0 0 0 0 0 0 0 0 0 0 0 0 0 0 0 0 0 0 0 0 0 0 0 0
split_gain=0.0622726 0.0137594 0.0150916 0.00858978 0.00451874 0.00258607 0.00178342 0.000925361 0.000870004 0.000822706 0.000878407 0.000762378 0.00054763 0.000396366 0.000358028 0.000328245 0.000271083 0.000416242 0.000771958 0.000261571 0.000361697 0.000234643 0.000229112 0.000227374 0.000524419 0.00046595 0.000449643 0.000575854 0.000210553 0.000300976
threshold=-0.0014914617810069927 0.046204879040816556 0.0033884638574101299 -0.0061589658740905584 0.0075114621539750922 -0.050161956975202614 -0.008675775959136196 0.0014859408838954712 0.012940968014126194 -0.027323983957631862 -0.013109586457152869 0.037925976458710924 -0.014744358271977483 -0.0064153301772330871 -0.017899142657214113 -0.010382870609192218 -0.0030078749251793301 -0.0023734529641045278 -0.0023106087784343717 -0.011431649397759874 -0.011860397195859339 -0.0033079396304207726 -0.01241668460002244 -0.0042428440131381398 -0.0040419387176810736 -0.0038714621955656691 -0.0035976423254494368 -0.0034946426188443634 0.0050882883699477155 0.0048642353772912509
decision_type=2 2 2 2 2 2 2 2 2 2 2 2 2 2 2 2 2 2 2 2 2 2 2 2 2 2 2 2 2 2
left_child=3 2 7 5 28 -1 9 -2 -6 -7 12 -10 14 -8 -11 19 21 -18 -19 20 22 23 -12 -5 -25 -26 -27 -28 29 -4
right_child=1 -3 4 16 8 6 13 -9 11 10 15 -13 -14 -15 -16 -17 17 18 -20 -21 -22 -23 -24 24 25 26 27 -29 -30 -31
leaf_value=0.00016821498029457872 3.9917130983631409e-06 -0.0011024881549098569 0.00016114714866410435 -0.00016906337607805553 0.00029134087893724998 -0.0002571021673955127 -0.00023936172219674574 7.1972027758591969e-05 0.00044182501875307268 -0.00054325580333372482 -0.00042997344335162781 0.00013838693993539379 -0.00067256744197266018 -0.00039555889325129103 -0.00036696390043289284 -0.00043934902221533576 -5.3834554097008646e-05 -0.00042437550804132353 -0.00012287776630612996 -0.00026520228331921523 -0.00055846464523104562 -0.00022916274730656975 -0.00021149776657694022 4.157862355593049e-05 -0.00027747795290148741 2.5384898314465928e-05 -0.00037215368690037091 -7.2191757014176497e-05 0.00019057778582614647 4.9827945590748087e-05
leaf_weight=24 1224 23 506 360 437 72 264 847 207 72 24 23 48 48 48 144 207 23 276 72 24 96 24 48 48 48 24 48 575 69
leaf_count=24 1224 23 506 360 437 72 264 847 207 72 24 23 48 48 48 144 207 23 276 72 24 96 24 48 48 48 24 48 575 69
internal_value=-1.728e-12 0.000116852 0.000124065 -0.000223803 0.000229234 -0.000343546 -0.000358168 3.17944e-05 0.000332769 -0.000414172 -0.000438972 0.000411481 -0.000529833 -0.000263392 -0.000472739 -0.00038597 -0.000135979 -0.000108337 -0.00014607 -0.00033259 -0.000399979 -0.000156792 -0.000320736 -0.00014473 -0.000104174 -0.000145818 -9.31535e-05 -0.000172179 0.000169183 0.000147789
internal_weight=5953 3911 3888 2042 1817 864 840 2071 667 528 456 230 168 312 120 288 1178 506 299 144 72 672 48 576 216 168 120 72 1150 575
internal_count=5953 3911 3888 2042 1817 864 840 2071 667 528 456 230 168 312 120 288 1178 506 299 144 72 672 48 576 216 168 120 72 1150 575
is_linear=0
shrinkage=0.05


Tree=6
num_leaves=31
num_cat=0
split_feature=0 0 0 0 0 0 0 0 0 0 0 0 0 0 0 0 0 0 0 0 0 0 0 0 0 0 0 0 0 0
split_gain=0.056201 0.0124178 0.0136282 0.00777982 0.00381283 0.00256728 0.00107368 0.00076938 0.000725325 0.00071753 0.000742492 0.000792762 0.000710669 0.000732194 0.000494237 0.000395219 0.00039381 0.000417658 0.000349451 0.00032312 0.000296241 0.000267572 0.000236068 0.000326431 0.000206773 0.000195394 0.000381003 0.000194131 0.000265817 0.00022332
threshold=-0.0014914617810069927 0.046204879040816556 0.0036187552532875268 -0.0073243711975200807 0.007776959479531248 -0.050161956975202614 0.0021205127434794188 -0.0054481196936981341 -0.006990260617628352 -0.008675775959136196 -0.027323983957631862 -0.013109586457152869 0.013471226725432842 0.037925976458710924 -0.014744358271977483 -0.0061589658740905584 -0.0058656100349734073 -0.0057059410177613791 0.014341752624165545 -0.017899142657214113 -0.010382870609192218 -0.0059894136610153222 -0.011431649397759874 -0.011860397195859339 -0.01241668460002244 -0.0050608455083966082 -0.0046926363438754707 0.003540546764762276 0.0033884638574101299 0.0034930435118120475
decision_type=2 2 2 2 2 2 2 2 2 2 2 2 2 2 2 2 2 2 2 2 2 2 2 2 2 2 2 2 2 2
left_child=3 2 6 5 -4 -1 -2 8 -5 10 -7 14 -6 18 19 -10 21 -18 -14 -12 22 -17 23 24 -13 -9 -27 28 -8 -30
right_child=1 -3 4 7 12 9 27 25 15 -11 11 20 13 -15 -16 16 17 -19 -20 -21 -22 -23 -24 -25 -26 26 -28 -29 29 -31
leaf_value=0.00015980425766125945 1.1149003251281852e-05 -0.0010473637558195902 0.00016693341145451976 -3.7459038200419555e-05 0.00028397829703594938 -0.00024424703523335563 8.1746981853848252e-05 -4.3194870361023481e-05 -0.00031453687652780598 -0.00026754822775324605 -0.00051609298155091846 -0.00040847474613959394 0.00061299790122377649 0.0001314675888431299 -0.00063893906299199448 -0.00019332727221505291 -0.00043047348408435941 -0.00017501506332943489 0.00040464706921202327 -0.00034861569976480191 -0.00041738157892218122 4.2774558581489447e-05 -0.00025194217653026703 -0.00053054141220248616 -0.00020092288201946454 -0.00023925696797151533 -0.00011979393262652064 -5.4723037085394662e-05 0.00024937096155237831 5.8554555226178119e-05
leaf_weight=24 1512 23 1104 48 414 72 559 72 120 144 72 24 23 23 48 24 24 48 161 48 144 24 72 24 24 72 914 23 46 23
leaf_count=24 1512 23 1104 48 414 72 559 72 120 144 72 24 23 23 48 24 24 48 161 48 144 24 72 24 24 72 914 23 46 23
internal_value=-1.15727e-12 0.000111009 0.000117861 -0.000212613 0.000222685 -0.000348333 3.4264e-05 -0.000142434 -0.000214888 -0.000366481 -0.000393463 -0.000417023 0.0003218 0.000397444 -0.000503341 -0.000250374 -0.000186211 -0.000260168 0.000430691 -0.000449102 -0.000366671 -7.52764e-05 -0.000315961 -0.00037998 -0.000304699 -0.000122711 -0.000128517 8.79505e-05 9.31758e-05 0.000185765
internal_weight=5953 3911 3888 2042 1725 696 2163 1346 288 672 528 456 621 207 168 240 120 72 184 120 288 48 144 72 48 1058 986 651 628 69
internal_count=5953 3911 3888 2042 1725 696 2163 1346 288 672 528 456 621 207 168 240 120 72 184 120 288 48 144 72 48 1058 986 651 628 69
is_linear=0
shrinkage=0.05


Tree=7
num_leaves=31
num_cat=0
split_feature=0 0 0 0 0 0 0 0 0 0 0 0 0 0 0 0 0 0 0 0 0 0 0 0 0 0 0 0 0 0
split_gain=0.0507214 0.0112071 0.0122995 0.00702129 0.00344742 0.00231697 0.000969272 0.00071179 0.000694365 0.000660805 0.000654606 0.000647571 0.000680098 0.000542388 0.000577246 0.000356685 0.000355413 0.000376936 0.00031538 0.000267358 0.000241483 0.000213051 0.000294604 0.00018683 0.000265232 0.00122025 0.000365176 0.000200483 0.000186613 0.000180216
threshold=-0.0014914617810069927 0.046204879040816556 0.0036187552532875268 -0.0073243711975200807 0.0075114621539750922 -0.050161956975202614 0.0014859408838954712 0.013471226725432842 -0.0054481196936981341 0.037925976458710924 -0.006990260617628352 -0.008675775959136196 -0.031965569042257135 -0.013109586457152869 -0.014744358271977483 -0.0061589658740905584 -0.0058656100349734073 -0.0057059410177613791 0.014341752624165545 -0.010382870609192218 -0.0059894136610153222 -0.011431649397759874 -0.011860397195859339 -0.0012569284385753766 -0.00084515841527540503 -0.00090423889314186366 -0.00065709973606036377 -0.00072027814341748045 -0.01241668460002244 -0.011055501685961366
decision_type=2 2 2 2 2 2 2 2 2 2 2 2 2 2 2 2 2 2 2 2 2 2 2 2 2 2 2 2 2 2
left_child=3 2 6 5 -4 -1 23 -6 10 18 -5 12 -7 14 -14 -12 20 -18 -9 21 -17 22 28 -2 25 -25 27 -26 -15 -23
right_child=1 -3 4 8 7 11 -8 9 -10 -11 15 -13 13 19 -16 16 17 -19 -20 -21 -22 29 -24 24 26 -27 -28 -29 -30 -31
leaf_value=0.00015181401734783626 8.3157241270005158e-05 -0.00099499554034201032 0.00015542798238286218 -3.55860683763846e-05 0.0002659252739747741 -0.00019434178539086134 7.0764802041499609e-05 0.00058234801354046801 -0.0001165754021337697 0.00012489417238849339 -0.00029881003773577202 -0.00025417081045715247 -0.00040677591171818978 -0.0003880510199148072 -0.00060699210319702015 -0.00018366089692184082 -0.00040894980077913108 -0.00016626430301206103 0.00038441472145604402 -0.00039651250209860544 4.0635842500099294e-05 -0.00012747471312953471 -0.00050401434855302802 -9.270102094413471e-08 5.8076144056900853e-05 -0.00039904534705388162 -7.9692405755368306e-07 0.00023887303149145421 -0.00019087673475344977 -0.00029528023551392838
leaf_weight=24 69 23 1058 48 460 48 939 23 1058 23 120 144 144 24 48 24 24 48 161 144 24 24 24 115 46 23 948 23 24 48
leaf_count=24 69 23 1058 48 460 48 939 23 1058 23 120 144 144 24 48 24 24 48 161 144 24 24 24 115 46 23 948 23 24 48
internal_value=2.28462e-14 0.000105459 0.000111968 -0.000201983 0.000211551 -0.000330917 3.25508e-05 0.000300574 -0.000135312 0.000377572 -0.000204144 -0.000348157 -0.00037379 -0.000391735 -0.00045683 -0.000237855 -0.000176901 -0.000247159 0.000409156 -0.000348338 -7.15125e-05 -0.000300163 -0.000360981 3.23468e-06 -1.53992e-06 -6.65848e-05 7.28623e-06 0.000118342 -0.000289464 -0.000239345
internal_weight=5953 3911 3888 2042 1725 696 2163 667 1346 207 288 672 528 480 192 240 120 72 184 288 48 144 72 1224 1155 138 1017 69 48 72
internal_count=5953 3911 3888 2042 1725 696 2163 667 1346 207 288 672 528 480 192 240 120 72 184 288 48 144 72 1224 1155 138 1017 69 48 72
is_linear=0
shrinkage=0.05


Tree=8
num_leaves=31
num_cat=0
split_feature=0 0 0 0 0 0 0 0 0 0 0 0 0 0 0 0 0 0 0 0 0 0 0 0 0 0 0 0 0 0
split_gain=0.0457761 0.0101144 0.011124 0.00634691 0.0033303 0.00223505 0.000937989 0.000694079 0.000653942 0.000560698 0.000606256 0.000520964 0.000439064 0.000336146 0.000564214 0.000328373 0.000449355 0.00037908 0.00031127 0.000311265 0.00028463 0.000281202 0.000229693 0.000216382 0.000198341 0.00019655 0.000182439 0.00018072 0.000277545 0.000193533
threshold=-0.0014914617810069927 0.046204879040816556 0.0033884638574101299 -0.0082134807213181931 0.0075114621539750922 -0.050161956975202614 -0.0057059410177613791 0.0014859408838954712 0.010344478406692762 -0.031965569042257135 -0.013109586457152869 -0.014744358271977483 0.037925976458710924 -0.0058656100349734073 -0.0059894136610153222 0.0091487169768551205 0.0094889458289314239 0.0097591273249414082 0.013471226725432842 -0.0068077683775005999 0.014341752624165545 -0.0073243711975200807 0.0088840703875546299 -0.006990260617628352 0.011369417766440045 -0.0077712965683273986 0.0013032371064385356 0.0050882883699477155 0.0048642353772912509 0.0061281797422286129
decision_type=2 2 2 2 2 2 2 2 2 2 2 2 2 2 2 2 2 2 2 2 2 2 2 2 2 2 2 2 2 2
left_child=3 2 7 5 27 -1 13 26 15 -7 11 -11 18 14 19 22 -17 -18 24 21 -20 25 -6 -23 -10 -5 -2 28 -4 -29
right_child=1 -3 4 6 8 9 -8 -9 12 10 -12 -13 -14 -15 -16 16 17 -19 20 -21 -22 23 -24 -25 -26 -27 -28 29 -30 -31
leaf_value=0.00014422335783213688 8.7043732964506086e-06 -0.00094524577409332714 0.00013811674966692148 -0.00015427168621802897 0.00024693188794591827 -0.00018462470276669292 -0.00011279529311227872 6.1948087573170988e-05 0.00035758237838598547 -0.00038643711011445705 -0.00032261160904643784 -0.00057664248488435992 0.00011864946781829729 -0.0003885023163093138 3.860402866848745e-05 -3.9371863374032294e-05 0.00038156142874630982 0.00013295209998392713 0.00055323060609541999 -0.0002752289100317285 0.00036519397562193457 -3.3806771989475236e-05 0.00041452520020792018 -0.00021768098928684292 0.00024543971272262004 -0.0002973587488061943 -6.3096428260678297e-05 0.00019280054872422591 3.1218486438392311e-05 0.00013473863830939449
leaf_weight=24 1128 23 506 48 184 48 1106 847 69 144 336 48 23 24 24 23 23 46 23 120 161 48 23 24 92 48 96 299 69 276
leaf_count=24 1128 23 506 48 184 48 1106 847 69 144 336 48 23 24 24 23 23 46 23 120 161 48 23 24 92 48 96 299 69 276
internal_value=-2.58139e-12 0.000100186 0.00010637 -0.000191883 0.000196662 -0.00032854 -0.000135022 2.71518e-05 0.000285545 -0.000348238 -0.000363112 -0.000433988 0.000330171 -0.000208186 -0.000194315 0.000230621 0.000152023 0.000215822 0.000344273 -0.000213725 0.000388699 -0.000169794 0.000265553 -9.50982e-05 0.000293501 -0.000225815 3.07294e-06 0.00014511 0.000125289 0.000164931
internal_weight=5953 3911 3888 2042 1817 600 1442 2071 667 576 528 192 368 336 312 299 92 69 345 288 184 168 207 72 161 96 1224 1150 575 575
internal_count=5953 3911 3888 2042 1817 600 1442 2071 667 576 528 192 368 336 312 299 92 69 345 288 184 168 207 72 161 96 1224 1150 575 575
is_linear=0
shrinkage=0.05


Tree=9
num_leaves=31
num_cat=0
split_feature=0 0 0 0 0 0 0 0 0 0 0 0 0 0 0 0 0 0 0 0 0 0 0 0 0 0 0 0 0 0
split_gain=0.0413129 0.00912825 0.0100394 0.00572808 0.00300964 0.00201713 0.000852734 0.000626541 0.000522185 0.000511362 0.000716391 0.000509237 0.000354711 0.000291616 0.000204323 0.000226789 0.000286782 0.000226876 0.000256738 0.000207304 0.000326464 0.000179555 0.000178524 0.000176343 0.000343856 0.000192264 0.000188292 0.000167955 0.000216836 0.000389786
threshold=-0.0014914617810069927 0.046204879040816556 0.0033884638574101299 -0.0082134807213181931 0.007776959479531248 -0.050161956975202614 -0.0054481196936981341 0.0021205127434794188 0.012940968014126194 -0.027323983957631862 -0.013109586457152869 0.037925976458710924 -0.014744358271977483 -0.017899142657214113 0.0051573845130469271 0.0034930435118120475 0.0036187552532875268 0.0046150052830187761 0.0044867306992448638 0.0038758061320144379 0.0039398756813141108 -0.016018514911379168 0.0022534084520796855 -0.0050608455083966082 -0.0046926363438754707 -0.004954723710388219 -0.0052288518901749846 -0.0016134251911044878 -0.0020429331696519876 -0.0021678216366010977
decision_type=2 2 2 2 2 2 2 2 2 2 2 2 2 2 2 2 2 2 2 2 2 2 2 2 2 2 2 2 2 2
left_child=3 2 7 5 14 -1 -5 -2 -6 -7 12 -10 13 -11 15 -4 -17 18 19 -18 -21 -15 -9 26 25 -25 -8 28 29 -26
right_child=1 -3 4 6 8 9 23 22 11 10 -12 -13 -14 21 -16 16 17 -19 -20 20 -22 -23 -24 24 27 -27 -28 -29 -30 -31
leaf_value=0.00013701218413189053 9.0723101593346988e-06 -0.00089798346206130793 0.00022645834007720546 -0.00019209317922180467 0.00024096772319430237 -0.0002061822721669968 -8.6741438220390898e-05 0.00016321784860338085 0.00036071314036744653 -0.00045062770012817868 -0.00030648102644071127 0.00011271696016394897 -0.00054781035675356791 -0.00019481957606330981 0.00016112615779482526 -8.6241071308588452e-06 0.00019017397587207518 7.2760884189542222e-05 0.00025460933069869341 -7.7632848304979828e-05 0.00012216927142735982 -0.00038822898429013248 6.2363902025151213e-05 -0.00010027604995836253 -9.8792300597542435e-05 -0.00027360036983736791 8.4783072694942044e-05 -0.0001954411003838607 -3.9924013704560076e-05 -0.00024915419081757454
leaf_weight=24 1512 23 46 384 391 72 48 48 207 72 336 23 48 24 598 46 92 161 46 23 184 24 511 24 684 48 24 46 138 46
leaf_count=24 1512 23 46 384 391 72 48 48 207 72 336 23 48 24 598 46 92 161 46 23 184 24 511 24 684 48 24 46 138 46
internal_value=-7.11378e-13 9.51763e-05 0.000101051 -0.000182289 0.000186829 -0.000312113 -0.000128271 2.57942e-05 0.000276133 -0.000330826 -0.000348633 0.000335914 -0.000432936 -0.000386986 0.00014046 0.000119793 0.000110905 0.000121771 0.000144642 0.000127724 9.9969e-05 -0.000291524 7.1024e-05 -0.000105107 -0.000110623 -0.000215826 -2.95666e-05 -0.000102336 -9.74015e-05 -0.000108267
internal_weight=5953 3911 3888 2042 1817 600 1442 2071 621 576 504 230 168 120 1196 598 552 506 345 299 207 48 559 1058 986 72 72 914 868 730
internal_count=5953 3911 3888 2042 1817 600 1442 2071 621 576 504 230 168 120 1196 598 552 506 345 299 207 48 559 1058 986 72 72 914 868 730
is_linear=0
shrinkage=0.05


Tree=10
num_leaves=31
num_cat=0
split_feature=0 0 0 0 0 0 0 0 0 0 0 0 0 0 0 0 0 0 0 0 0 0 0 0 0 0 0 0 0 0
split_gain=0.0372849 0.00823825 0.00906058 0.00518294 0.00272293 0.00155118 0.00107139 0.000581452 0.000546332 0.000521443 0.000530713 0.000360126 0.000321956 0.000320127 0.000301252 0.000405542 0.00034212 0.000263184 0.000249944 0.000256879 0.000247555 0.000404661 0.000364778 0.00021737 0.000371029 0.00069955 0.000230408 0.000204708 0.000186559 0.000193417
threshold=-0.0014914617810069927 0.046204879040816556 0.0033884638574101299 -0.0061589658740905584 0.0075114621539750922 -0.050161956975202614 -0.008675775959136196 0.0014859408838954712 0.010344478406692762 -0.027323983957631862 -0.013109586457152869 0.037925976458710924 -0.0062897638870469527 -0.014744358271977483 0.0091487169768551205 0.0094889458289314239 0.0097591273249414082 -0.017899142657214113 0.013471226725432842 0.014341752624165545 -0.00957397570292093 -0.0092284920864327252 -0.0089603765977270908 -0.0030078749251793301 -0.0023734529641045278 -0.0023106087784343717 -0.0033079396304207726 0.0088840703875546299 -0.0016134251911044878 -0.0020429331696519876
decision_type=2 2 2 2 2 2 2 2 2 2 2 2 2 2 2 2 2 2 2 2 2 2 2 2 2 2 2 2 2 2
left_child=3 2 7 5 -4 -1 9 -2 14 -7 13 18 -8 17 27 -16 -17 -11 -10 -20 -12 -22 -23 26 -25 -26 -5 -6 29 -27
right_child=1 -3 4 23 8 6 12 -9 11 10 20 -13 -14 -15 15 16 -18 -19 19 -21 21 22 -24 24 25 28 -28 -29 -30 -31
leaf_value=0.000130161549410938 2.4656783781579391e-06 -0.00085308432340832014 0.00013087274305560286 -0.00011163932585229002 0.00022353492681759235 -0.00019587314341657069 -0.00018939165771125017 5.6352733898913644e-05 0.00026592210343072664 -0.00042809632248261352 -0.00027270230402286368 0.00010708113891862172 -0.00038000093409209514 -0.00052041984466389595 -4.9451653467258438e-05 0.00035043497159083768 0.00011425611872096932 -0.00027694805712599193 0.0005075334072740668 0.00032889863037520889 -0.00054739273145969496 -0.00015810406744094508 -0.00043377658742732215 -2.8744973495842963e-05 -0.000380758882617912 -0.00013152168908361447 -0.00019530675951197435 0.00038175055593930429 -0.00018566904749921221 -3.7927816299708104e-05
leaf_weight=24 1224 23 1150 576 184 72 288 847 161 72 216 23 24 48 23 23 46 48 23 161 24 24 24 207 23 92 96 23 46 138
leaf_count=24 1224 23 1150 576 184 72 288 847 161 72 216 23 24 48 23 23 46 48 23 161 24 24 24 207 23 92 96 23 46 138
internal_value=-1.04914e-12 9.04175e-05 9.59989e-05 -0.000173175 0.000177488 -0.000266188 -0.000277513 2.45045e-05 0.000257858 -0.00032092 -0.000340664 0.000298647 -0.000204054 -0.000411289 0.000207656 0.000132374 0.000192982 -0.000367637 0.000311419 0.000351228 -0.000299466 -0.000379758 -0.00029594 -0.000104954 -8.02025e-05 -0.000115827 -0.000123592 0.000241114 -9.37493e-05 -7.53654e-05
internal_weight=5953 3911 3888 2042 1817 864 840 2071 667 528 456 368 312 168 299 92 69 120 345 184 288 72 48 1178 506 299 672 207 276 230
internal_count=5953 3911 3888 2042 1817 864 840 2071 667 528 456 368 312 168 299 92 69 120 345 184 288 72 48 1178 506 299 672 207 276 230
is_linear=0
shrinkage=0.05


Tree=11
num_leaves=31
num_cat=0
split_feature=0 0 0 0 0 0 0 0 0 0 0 0 0 0 0 0 0 0 0 0 0 0 0 0 0 0 0 0 0 0
split_gain=0.0336496 0.00743502 0.00823596 0.00469656 0.00157045 0.00155783 0.00154052 0.000465847 0.000541639 0.000428431 0.000472563 0.000359675 0.000378272 0.000325014 0.000266323 0.00030437 0.00030072 0.000238123 0.00027188 0.000366002 0.000308763 0.000227386 0.000225574 0.000231833 0.000197548 0.000236962 0.000192279 0.00026588 0.000187022 0.000184749
threshold=-0.0014914617810069927 0.046204879040816556 0.0050882883699477155 -0.0073243711975200807 0.0021205127434794188 0.010344478406692762 -0.050161956975202614 -0.0054481196936981341 -0.006990260617628352 -0.008675775959136196 -0.031965569042257135 -0.013109586457152869 -0.014744358271977483 0.037925976458710924 -0.0061589658740905584 -0.0058656100349734073 -0.0057059410177613791 0.0075114621539750922 0.0091487169768551205 0.0094889458289314239 0.0097591273249414082 -0.010382870609192218 0.013471226725432842 0.014341752624165545 0.0033884638574101299 0.0048642353772912509 -0.011431649397759874 -0.011860397195859339 -0.0059894136610153222 0.0088840703875546299
decision_type=2 2 2 2 2 2 2 2 2 2 2 2 2 2 2 2 2 2 2 2 2 2 2 2 2 2 2 2 2 2
left_child=3 2 4 6 -2 17 -1 8 -5 10 -8 12 -12 22 -10 28 -17 -4 29 -20 -21 26 -7 -24 -6 -26 27 -13 -16 -19
right_child=1 -3 5 7 24 13 9 -9 14 -11 11 21 -14 -15 15 16 -18 18 19 20 -22 -23 23 -25 25 -27 -28 -29 -30 -31
leaf_value=0.00012365346798712078 7.982203003357716e-06 -0.00081043010767367077 0.00014226107096866421 -1.304218949371716e-05 6.4655154256376292e-05 0.00025262599738233642 -0.0001552906830814512 -9.4641722623730443e-05 -0.00024970323575568423 -0.0002075775286003692 -0.00033232216705730231 -0.00022990093918148584 -0.00049439886479376585 0.00010172711007054087 -0.00014552977669760975 -0.00035389056850666144 -0.00013712469332555582 0.00021235818264813135 -4.6979074155071595e-05 0.0003329132243221545 0.00010854331615163297 -0.00032892073759095789 0.0004821567541828541 0.00031245370608427625 0.0001182500321212938 1.9475875360776499e-05 -0.00018228806469172318 -0.00043372388924278011 5.1860460128712782e-05 0.00036266303379069663
leaf_weight=24 1512 23 575 48 559 161 48 1058 120 144 144 48 48 23 24 24 48 184 23 23 46 144 23 161 506 69 72 24 24 23
leaf_count=24 1512 23 575 48 559 161 48 1058 120 144 144 48 48 23 24 24 48 184 23 23 46 144 23 161 506 69 72 24 24 23
internal_value=-5.5549e-13 8.58966e-05 9.1199e-05 -0.000164516 4.13415e-05 0.000197417 -0.000269967 -0.000109989 -0.000166367 -0.000284025 -0.000304874 -0.000319832 -0.000372841 0.000283715 -0.000197033 -0.000144362 -0.00020938 0.000161081 0.000197273 0.000125755 0.000183333 -0.000284493 0.000295848 0.000333667 8.58206e-05 0.000106397 -0.000240065 -0.000297842 -4.68347e-05 0.000229059
internal_weight=5953 3911 3888 2042 2646 1242 696 1346 288 672 528 480 192 368 240 120 72 874 299 92 69 288 345 184 1134 575 144 72 48 207
internal_count=5953 3911 3888 2042 2646 1242 696 1346 288 672 528 480 192 368 240 120 72 874 299 92 69 288 345 184 1134 575 144 72 48 207
is_linear=0
shrinkage=0.05


Tree=12
num_leaves=31
num_cat=0
split_feature=0 0 0 0 0 0 0 0 0 0 0 0 0 0 0 0 0 0 0 0 0 0 0 0 0 0 0 0 0 0
split_gain=0.0303688 0.0067101 0.00743296 0.00423865 0.00141733 0.00140594 0.00139032 0.000420427 0.000488829 0.000386659 0.000435406 0.000437465 0.000293325 0.000257553 0.000240357 0.000274694 0.000271399 0.000237523 0.000214906 0.000245372 0.000330317 0.000278659 0.000210595 0.000365207 0.000329212 0.000203581 0.000209229 0.000184068 0.000178287 0.000213858
threshold=-0.0014914617810069927 0.046204879040816556 0.0050882883699477155 -0.0073243711975200807 0.0021205127434794188 0.010344478406692762 -0.050161956975202614 -0.0054481196936981341 -0.006990260617628352 -0.008675775959136196 -0.027323983957631862 -0.013109586457152869 0.037925976458710924 -0.014744358271977483 -0.0061589658740905584 -0.0058656100349734073 -0.0057059410177613791 -0.017899142657214113 0.0075114621539750922 0.0091487169768551205 0.0094889458289314239 0.0097591273249414082 -0.00957397570292093 -0.0092284920864327252 -0.0089603765977270908 0.013471226725432842 0.014341752624165545 0.011369417766440045 0.0033884638574101299 0.0048642353772912509
decision_type=2 2 2 2 2 2 2 2 2 2 2 2 2 2 2 2 2 2 2 2 2 2 2 2 2 2 2 2 2 2
left_child=3 2 4 6 -2 18 -1 8 -5 10 -8 13 25 17 -10 -16 -17 -12 -4 -20 -21 -22 -13 -24 -25 27 -27 -7 -6 -30
right_child=1 -3 5 7 28 12 9 -9 14 -11 11 22 -14 -15 15 16 -18 -19 19 20 21 -23 23 24 -26 26 -28 -29 29 -31
leaf_value=0.00011747080182734256 7.5830926948072227e-06 -0.00076990859765235504 0.00013514802022093691 -1.2390080337354448e-05 6.1422397208017382e-05 0.00030172747357173121 -0.00017536442675110368 -8.9909637590568567e-05 -0.00023721806449126842 -0.00019719866098865977 -0.00039007539143211842 -0.00024558300635059519 9.6640776863078718e-05 -0.0004696789072113461 -4.4492925186053373e-05 -0.00033619605008728591 -0.00013026846508713182 -0.00024648456971287182 0.00021760578865679867 -4.4630113568374605e-05 0.00031626756437775765 0.00010311614830203802 -0.00050357704967609609 -0.0001337528112344444 -0.00039564172087314846 0.00045804891313942471 0.00029683102313542782 0.00019369512243508287 0.00011233753206084774 1.8502076947724149e-05
leaf_weight=24 1512 23 575 48 559 69 72 1058 120 144 72 216 23 48 48 24 48 48 207 23 23 46 24 24 24 23 161 92 506 69
leaf_count=24 1512 23 575 48 559 69 72 1058 120 144 72 216 23 48 48 24 48 48 207 23 23 46 24 24 24 23 161 92 506 69
internal_value=4.04683e-13 8.16018e-05 8.6639e-05 -0.00015629 3.92744e-05 0.000187546 -0.000256468 -0.000104489 -0.000158049 -0.000269823 -0.00028963 -0.000307672 0.000269529 -0.000371793 -0.000187181 -0.000137144 -0.000198911 -0.000332639 0.000153027 0.000187409 0.000119467 0.000174167 -0.000270268 -0.000344324 -0.000264697 0.000281055 0.000316983 0.000239995 8.15296e-05 0.000101077
internal_weight=5953 3911 3888 2042 2646 1242 696 1346 288 672 528 456 368 168 240 120 72 120 874 299 92 69 288 72 48 345 184 161 1134 575
internal_count=5953 3911 3888 2042 2646 1242 696 1346 288 672 528 456 368 168 240 120 72 120 874 299 92 69 288 72 48 345 184 161 1134 575
is_linear=0
shrinkage=0.05


Tree=13
num_leaves=31
num_cat=0
split_feature=0 0 0 0 0 0 0 0 0 0 0 0 0 0 0 0 0 0 0 0 0 0 0 0 0 0 0 0 0 0
split_gain=0.0274078 0.00605587 0.00670824 0.00382724 0.00134096 0.00127988 0.00126886 0.000568084 0.000359964 0.000379564 0.000264726 0.000194659 0.000332199 0.000187344 0.000298111 0.00025149 0.000200348 0.00018682 0.000211448 0.000381741 0.000183732 0.000188829 0.000180678 0.000166122 0.000160805 0.000307855 0.000173519 0.000169934 0.000158624 0.000175357
threshold=-0.0014914617810069927 0.046204879040816556 0.0050882883699477155 -0.0082134807213181931 -0.050161956975202614 0.0025105642701259119 0.010344478406692762 -0.0054481196936981341 -0.031965569042257135 -0.01241668460002244 0.037925976458710924 0.0072762817437040887 0.00704907535732962 0.0091487169768551205 0.0094889458289314239 0.0097591273249414082 0.0086018910567939606 -0.011860397195859339 -0.011431649397759874 -0.011055501685961366 0.013471226725432842 0.014341752624165545 -0.014744358271977483 0.011369417766440045 -0.0050608455083966082 -0.0046926363438754707 -0.004954723710388219 -0.0052288518901749846 0.0014859408838954712 0.002455247004665716
decision_type=2 2 2 2 2 2 2 2 2 2 2 2 2 2 2 2 2 2 2 2 2 2 2 2 2 2 2 2 2 2
left_child=3 2 5 4 -1 28 11 -5 -6 22 20 12 -4 16 -15 -16 -13 -11 -19 -20 23 -22 -10 -8 27 26 -26 -9 -2 -30
right_child=1 -3 6 7 8 -7 10 24 9 17 -12 13 -14 14 15 -17 -18 18 19 -21 21 -23 -24 -25 25 -27 -28 -29 29 -31
leaf_value=0.00011159726758099471 1.5641305034744892e-06 -0.00073141315648251259 0.00013854725401786589 -0.00015641284213276191 -0.00013875786195664358 8.3169846603521597e-05 0.00028664109201560241 -6.7594820287316307e-05 -0.00030038472990175558 -0.0001124689461903472 9.1808715976936673e-05 0.00017583859849953779 -2.0718127337243895e-06 -4.2398608053664924e-05 0.00030045417218428595 9.7960330237148585e-05 0.00029119941045594361 -0.00039975852802551047 -5.4617668623298725e-05 -0.00026376148314739112 0.00043514647113624961 0.00028198946998396783 -0.00039739149542583618 0.00018401036320384544 -8.0452700073389377e-05 -8.284017841271288e-05 -0.00024511080749481574 9.5353464970078993e-05 4.3421432124019974e-05 -9.5435263165200024e-05
leaf_weight=24 1224 23 483 384 48 966 69 48 144 24 23 207 46 23 23 46 46 24 24 240 23 161 72 92 24 914 48 24 432 24
leaf_count=24 1224 23 483 384 48 966 69 48 144 24 23 207 46 23 23 46 46 24 24 240 23 161 72 92 24 914 48 24 432 24
internal_value=-1.75111e-13 7.75217e-05 8.23071e-05 -0.000148476 -0.000254594 3.73107e-05 0.000178169 -0.000104321 -0.000269852 -0.00028177 0.000256053 0.000145376 0.00012632 0.000174595 0.000113494 0.000165458 0.000196813 -0.000246497 -0.000257666 -0.000244748 0.000267002 0.000301134 -0.00033272 0.000227995 -8.54142e-05 -9.06816e-05 -0.000190225 -1.32787e-05 1.09417e-05 3.61132e-05
internal_weight=5953 3911 3888 2042 600 2646 1242 1442 576 528 368 874 529 345 92 69 253 312 288 264 345 184 216 161 1058 986 72 72 1680 456
internal_count=5953 3911 3888 2042 600 2646 1242 1442 576 528 368 874 529 345 92 69 253 312 288 264 345 184 216 161 1058 986 72 72 1680 456
is_linear=0
shrinkage=0.05


Tree=14
num_leaves=31
num_cat=0
split_feature=0 0 0 0 0 0 0 0 0 0 0 0 0 0 0 0 0 0 0 0 0 0 0 0 0 0 0 0 0 0
split_gain=0.0247356 0.00546542 0.00607122 0.00346231 0.00169209 0.00113329 0.000493278 0.000350103 0.00033896 0.000441169 0.000318571 0.000365305 0.000365926 0.000238915 0.000231183 0.000216922 0.000247911 0.000244938 0.000215445 0.000214365 0.000195062 0.000189833 0.000169078 0.000269045 0.000226969 0.000180814 0.000168787 0.000165818 0.000170419 0.000162418
threshold=-0.0014914617810069927 0.046204879040816556 0.0036187552532875268 -0.0073243711975200807 0.010344478406692762 -0.050161956975202614 0.0021205127434794188 0.0072762817437040887 -0.0054481196936981341 -0.006990260617628352 -0.008675775959136196 -0.027323983957631862 -0.013109586457152869 0.037925976458710924 0.007186664679583738 -0.0061589658740905584 -0.0058656100349734073 -0.0057059410177613791 -0.014744358271977483 -0.017899142657214113 0.003540546764762276 -0.010382870609192218 0.0091487169768551205 0.0094889458289314239 0.0097591273249414082 0.0086018910567939606 -0.0059894136610153222 0.013471226725432842 0.014341752624165545 0.0033884638574101299
decision_type=2 2 2 2 2 2 2 2 2 2 2 2 2 2 2 2 2 2 2 2 2 2 2 2 2 2 2 2 2 2
left_child=3 2 6 5 7 -1 -2 14 9 -5 11 -7 18 27 -4 -11 26 -18 19 -13 29 -14 25 -24 -25 -9 -17 -6 -29 -8
right_child=1 -3 4 8 13 10 20 22 -10 15 -12 12 21 -15 -16 16 17 -19 -20 -21 -22 -23 23 24 -26 -27 -28 28 -30 -31
leaf_value=0.0001060173968047214 6.7270891700069108e-06 -0.00069484251017338074 0.00011118404672586722 -3.94993148802314e-06 0.00021659521580489734 -0.0001569645354013321 5.5088157705703353e-05 0.00016704666518555078 -8.1143442716222832e-05 -0.00021753652087075655 -0.00017772893705164785 -0.0003555523815925376 -0.00020335126830306967 8.7218260539331189e-05 -4.9168605397900811e-05 -0.00012820800575354951 -0.00031156559086108855 -0.00011593439534559973 -0.00042632539686261837 -0.00021914108060627768 -8.4231267638919558e-05 -0.00028453895244335095 -4.0278681935097159e-05 0.00028543147695334325 9.3062316401578167e-05 0.00027663943129363873 5.9312718803994358e-05 0.00041338914559911128 0.00026788999322708375 0.00013639675376327724
leaf_weight=24 1512 23 989 48 161 72 559 207 1058 120 144 72 144 23 23 24 24 48 48 48 23 144 23 23 46 46 24 23 161 69
leaf_count=24 1512 23 989 48 161 72 559 207 1058 120 144 72 144 23 23 24 24 48 48 48 23 144 23 23 46 46 24 23 161 69
internal_value=3.29749e-13 7.36456e-05 7.81917e-05 -0.000141052 0.000148156 -0.000231592 2.23947e-05 0.000122368 -9.42345e-05 -0.000142326 -0.00024365 -0.000261628 -0.000278154 0.00024325 0.00010754 -0.000170001 -0.000122466 -0.000181145 -0.000336799 -0.000300988 5.87839e-05 -0.000243945 0.000165865 0.000107819 0.000157185 0.000186973 -3.44476e-05 0.000253652 0.000286077 6.40217e-05
internal_weight=5953 3911 3888 2042 1725 696 2163 1357 1346 288 672 528 456 368 1012 240 120 72 168 120 651 288 345 92 69 253 48 345 184 628
internal_count=5953 3911 3888 2042 1725 696 2163 1357 1346 288 672 528 456 368 1012 240 120 72 168 120 651 288 345 92 69 253 48 345 184 628
is_linear=0
shrinkage=0.05


Tree=15
num_leaves=31
num_cat=0
split_feature=0 0 0 0 0 0 0 0 0 0 0 0 0 0 0 0 0 0 0 0 0 0 0 0 0 0 0 0 0 0
split_gain=0.0223238 0.00493254 0.00550647 0.00312474 0.00103826 0.00102363 0.0010228 0.000310664 0.000490858 0.000391669 0.000404399 0.000514996 0.000308464 0.00028751 0.000329687 0.000330248 0.000243857 0.000215621 0.00021059 0.000197469 0.000194439 0.000193464 0.000185405 0.000177273 0.000329599 0.000297114 0.000173782 0.000201275 0.000167044 0.000334854
threshold=-0.0014914617810069927 0.046204879040816556 0.0050882883699477155 -0.0073243711975200807 0.0021205127434794188 0.010344478406692762 -0.050161956975202614 -0.0042428440131381398 -0.0040419387176810736 -0.0038714621955656691 -0.0035976423254494368 -0.0034946426188443634 -0.0071028240303755595 -0.008675775959136196 -0.027323983957631862 -0.013109586457152869 -0.0061589658740905584 0.037925976458710924 -0.0062897638870469527 -0.004954723710388219 -0.014744358271977483 -0.017899142657214113 -0.0052288518901749846 -0.00957397570292093 -0.0092284920864327252 -0.0089603765977270908 -0.0046926363438754707 -0.0043218991557717685 -0.0030078749251793301 -0.0023734529641045278
decision_type=2 2 2 2 2 2 2 2 2 2 2 2 2 2 2 2 2 2 2 2 2 2 2 2 2 2 2 2 2 2
left_child=3 2 4 6 -2 -4 -1 12 -9 -10 -11 -12 -5 14 -8 20 18 -7 -14 22 21 -16 -18 -17 -25 -26 -21 -28 -13 -30
right_child=1 -3 5 7 -6 17 13 8 9 10 11 28 16 -15 15 23 19 -19 -20 26 -22 -23 -24 24 25 -27 27 -29 29 -31
leaf_value=0.00010071656773410116 6.3907379127211426e-06 -0.00066010038303236651 0.00013167933749764832 5.5710268558565679e-05 6.968086339617561e-05 0.00024096975064637357 -0.0001491163171724313 8.4906261690775864e-05 -0.00021819747530950432 6.9522226251213703e-05 -0.00030813944055504787 -0.00011980165028262491 -0.00015571125304935171 -0.0001688424927730618 -0.00033777475032871333 -0.00020909958703770019 -0.00010028985412710817 8.2857388896746169e-05 -0.00031795734763970056 -0.00022879808992305094 -0.00040500911297082596 -0.00020818402594310708 1.1135034352112901e-05 -0.00045098319736401512 -9.9650165611819841e-05 -0.00034844461018413618 -7.0479519323877562e-05 -0.0002376764387008734 -9.880979427101051e-06 -9.2608873286474024e-05
leaf_weight=24 1512 23 874 24 1134 345 72 48 48 48 24 144 120 144 72 216 168 23 24 48 48 48 48 24 24 24 72 24 207 299
leaf_count=24 1512 23 874 24 1134 345 72 48 48 48 24 144 120 144 72 216 168 23 24 48 48 48 48 24 24 24 72 24 207 299
internal_value=1.01999e-12 6.99633e-05 7.42821e-05 -0.000133999 3.35151e-05 0.000161134 -0.000220013 -8.95228e-05 -7.02239e-05 -7.98943e-05 -7.06996e-05 -8.06858e-05 -0.000119422 -0.000231467 -0.000248547 -0.000264247 -0.000127761 0.000231088 -0.000182752 -0.000105765 -0.000319959 -0.000285938 -7.55288e-05 -0.000231748 -0.000299693 -0.000224047 -0.000151119 -0.000112279 -7.22875e-05 -5.87656e-05
internal_weight=5953 3911 3888 2042 2646 1242 696 1346 818 770 722 674 528 672 528 456 504 368 144 360 168 120 216 288 72 48 144 96 650 506
internal_count=5953 3911 3888 2042 2646 1242 696 1346 818 770 722 674 528 672 528 456 504 368 144 360 168 120 216 288 72 48 144 96 650 506
is_linear=0
shrinkage=0.05


Tree=16
num_leaves=31
num_cat=0
split_feature=0 0 0 0 0 0 0 0 0 0 0 0 0 0 0 0 0 0 0 0 0 0 0 0 0 0 0 0 0 0
split_gain=0.0201473 0.00445162 0.00499394 0.00282336 0.00120787 0.000986745 0.000586843 0.000418828 0.000277084 0.000290365 0.000243347 0.000240514 0.000194598 0.000162278 0.000198291 0.000333732 0.000152593 0.000242813 0.00020484 0.000164858 0.000149651 0.000153803 0.000149925 0.000143346 0.000286274 0.00110128 0.000291136 0.000180936 0.000141808 0.000258003
threshold=-0.0014914617810069927 0.046204879040816556 0.0041256724018377258 -0.0082134807213181931 0.010344478406692762 -0.050161956975202614 0.0021205127434794188 -0.0054481196936981341 -0.031965569042257135 -0.01241668460002244 0.0072762817437040887 0.00704907535732962 0.037925976458710924 -0.011860397195859339 -0.011431649397759874 -0.011055501685961366 0.0091487169768551205 0.0094889458289314239 0.0097591273249414082 0.0088840703875546299 0.013471226725432842 0.014341752624165545 0.011369417766440045 -0.0012569284385753766 -0.00084515841527540503 -0.00090423889314186366 -0.00065709973606036377 -0.00072027814341748045 -0.0050608455083966082 -0.0046926363438754707
decision_type=2 2 2 2 2 2 2 2 2 2 2 2 2 2 2 2 2 2 2 2 2 2 2 2 2 2 2 2 2 2
left_child=3 2 6 5 10 -1 23 -5 -7 -10 11 -4 20 -11 -15 -16 19 -18 -19 -12 22 -22 -6 -2 25 -25 27 -26 -9 -30
right_child=1 -3 4 7 12 8 -8 28 9 13 16 -13 -14 14 15 -17 17 18 -20 -21 21 -23 -24 24 26 -27 -28 -29 29 -31
leaf_value=9.5680727584597977e-05 7.6474898605079371e-05 -0.00062709534882426097 0.00010754239581331003 -0.00013410328977840892 0.0002494307911072848 -0.0001165159677232926 5.8294968593197057e-05 -5.4002178532957465e-06 -0.00028655189757787245 -8.6222959886110106e-05 0.00015827666165537464 -1.0102570713175026e-05 7.871450076851508e-05 -0.00035914807328178239 -3.1264252447726905e-05 -0.00022681513468038856 -4.4848712106771853e-05 0.00026457593521627131 8.1825236829109095e-05 0.00029867368661064617 0.00038067120755010326 0.00024244700718825823 0.00015193159572094296 -2.6125403984105621e-06 5.2647859405149813e-05 -0.00038161755301584699 4.3668435284645025e-06 0.00022440490391328124 -0.00016921533649818027 -7.090894866774193e-05
leaf_weight=24 69 23 782 384 69 48 835 72 216 24 230 46 23 24 24 240 23 23 46 23 23 161 92 115 46 23 1236 23 72 914
leaf_count=24 69 23 782 384 69 48 835 72 216 24 230 46 23 24 24 240 23 23 46 23 23 161 92 115 46 23 1236 23 72 914
internal_value=1.03083e-13 6.64652e-05 7.0568e-05 -0.000127299 0.000140501 -0.000218444 2.4651e-05 -8.9375e-05 -0.000231533 -0.000241989 0.000115707 0.000101007 0.000219533 -0.000211137 -0.000221547 -0.000209038 0.000150988 9.58444e-05 0.000142742 0.00017104 0.000228921 0.000259725 0.000193717 6.0712e-06 2.7047e-06 -6.578e-05 9.94677e-06 0.0001099 -7.31409e-05 -7.80875e-05
internal_weight=5953 3911 3888 2042 1541 600 2347 1442 576 528 1173 828 368 312 288 264 345 92 69 253 345 184 161 1512 1443 138 1305 69 1058 986
internal_count=5953 3911 3888 2042 1541 600 2347 1442 576 528 1173 828 368 312 288 264 345 92 69 253 345 184 161 1512 1443 138 1305 69 1058 986
is_linear=0
shrinkage=0.05


Tree=17
num_leaves=31
num_cat=0
split_feature=0 0 0 0 0 0 0 0 0 0 0 0 0 0 0 0 0 0 0 0 0 0 0 0 0 0 0 0 0 0
split_gain=0.0181829 0.00401759 0.00451663 0.00255234 0.00126511 0.000833707 0.000382123 0.000262608 0.000302205 0.000631343 0.00024517 0.000290064 0.000237184 0.000237041 0.00027932 0.000273079 0.000229966 0.000218691 0.000190058 0.000175481 0.000174601 0.00016837 0.000174559 0.000407072 0.0001641 0.00016326 0.000240301 0.000162048 0.000157735 0.000177079
threshold=-0.0014914617810069927 0.046204879040816556 0.0036187552532875268 -0.0073243711975200807 0.007776959479531248 -0.050161956975202614 0.0014859408838954712 -0.0030078749251793301 -0.0023734529641045278 -0.0023106087784343717 -0.0071028240303755595 -0.0061589658740905584 0.012940968014126194 -0.008675775959136196 -0.027323983957631862 -0.013109586457152869 0.037925976458710924 -0.0033079396304207726 -0.0062897638870469527 -0.014744358271977483 -0.017899142657214113 -0.0016134251911044878 -0.0020429331696519876 -0.0021678216366010977 0.0013032371064385356 -0.0024846611764242489 -0.0028563024556434264 -0.016018514911379168 0.003540546764762276 0.0033884638574101299
decision_type=2 2 2 2 2 2 2 2 2 2 2 2 2 2 2 2 2 2 2 2 2 2 2 2 2 2 2 2 2 2
left_child=3 2 6 5 -4 -1 24 10 25 -10 -5 18 -6 14 -7 19 -14 -13 -12 20 -16 22 23 -11 -2 26 -9 -22 29 -8
right_child=1 -3 4 7 12 13 28 8 9 21 11 17 16 -15 15 -17 -18 -19 -20 -21 27 -23 -24 -25 -26 -27 -28 -29 -30 -31
leaf_value=9.0896708328121667e-05 5.8473256677830861e-06 -0.00059574058750117931 9.5271015679960385e-05 5.962992048201462e-05 0.00016077837345630387 -0.00013300075354183923 3.9880106750674927e-05 6.7007412903678971e-05 -0.00033611829315146756 5.8318277297075841e-06 -0.00014122052775443687 -7.7066764119295951e-05 0.000241432919008528 -0.00015215001047737235 -0.00030655844040868236 -0.00020942000819811963 7.4778747638566028e-05 -0.00015857914388940725 -0.00029535432793181826 -0.00037043107513454746 -9.1577778948703792e-05 -0.00015078295549083914 -1.042878018225842e-05 -0.00020451775749477194 -6.2249209929632346e-05 7.7231361723059552e-05 -6.8210182090178547e-05 -0.00027531672142989315 -8.6418490315301596e-05 0.00012317812214715179
leaf_weight=24 1128 23 1104 24 391 72 847 46 23 46 120 576 207 144 72 288 23 96 24 48 24 46 138 46 96 46 115 24 23 69
leaf_count=24 1128 23 1104 24 391 72 847 46 23 46 120 576 207 144 72 288 23 96 24 48 24 46 138 46 96 46 115 24 23 69
internal_value=-6.59084e-13 6.31419e-05 6.70396e-05 -0.000120934 0.000127386 -0.000198672 1.89135e-05 -8.07374e-05 -5.22819e-05 -8.4433e-05 -9.78785e-05 -0.000102511 0.000184478 -0.000209013 -0.000224522 -0.000238972 0.000224768 -8.87114e-05 -0.000166909 -0.000289633 -0.000257314 -6.34592e-05 -4.59945e-05 -9.9343e-05 5.06421e-07 -5.84148e-06 -2.95766e-05 -0.000183447 4.29075e-05 4.61547e-05
internal_weight=5953 3911 3888 2042 1725 696 2163 1346 506 299 840 816 621 672 528 456 230 672 144 168 120 276 230 92 1224 207 161 48 939 916
internal_count=5953 3911 3888 2042 1725 696 2163 1346 506 299 840 816 621 672 528 456 230 672 144 168 120 276 230 92 1224 207 161 48 939 916
is_linear=0
shrinkage=0.05


Tree=18
num_leaves=31
num_cat=0
split_feature=0 0 0 0 0 0 0 0 0 0 0 0 0 0 0 0 0 0 0 0 0 0 0 0 0 0 0 0 0 0
split_gain=0.0164101 0.00362587 0.00410334 0.00230358 0.000804109 0.000769008 0.00074945 0.000347679 0.000249149 0.000356532 0.000230886 0.000239619 0.000204895 0.000163592 0.000177386 0.000159605 0.000309341 0.000440911 0.000159474 0.000151003 0.000185098 0.000157845 0.000272411 0.000147545 0.000177654 0.000303053 0.000135744 0.000130416 0.00037251 0.000133448
threshold=-0.0014914617810069927 0.046204879040816556 0.0050882883699477155 -0.0082134807213181931 -0.050161956975202614 0.0025105642701259119 0.010344478406692762 -0.0057059410177613791 -0.0058656100349734073 -0.0059894136610153222 -0.031965569042257135 -0.01241668460002244 -0.0068077683775005999 -0.0073243711975200807 -0.0077712965683273986 0.0027107652337801562 0.0030829115671654477 0.0031414737074156002 0.037925976458710924 0.0048642353772912509 0.0033884638574101299 0.0034930435118120475 0.0036187552532875268 -0.011860397195859339 -0.011431649397759874 -0.011055501685961366 0.0032080433903018475 0.0038758061320144379 0.0039859300302273453 0.0037412106850754057
decision_type=2 2 2 2 2 2 2 2 2 2 2 2 2 2 2 2 2 2 2 2 2 2 2 2 2 2 2 2 2 2
left_child=3 2 5 4 -1 -2 -4 8 9 12 -6 -12 13 14 -5 -7 -17 -18 -8 20 26 -22 -23 -13 -25 -26 -19 29 -29 -24
right_child=1 -3 6 7 10 15 18 -9 -10 -11 11 23 -14 -15 -16 16 17 19 -20 -21 21 22 27 24 25 -27 -28 28 -30 -31
leaf_value=8.6351856104253488e-05 8.0561400751834526e-06 -0.00056595355601292917 0.00011345868133503246 -6.7783161239276526e-05 -0.00010404013786076878 0.00012668526526043856 0.00020701665654074085 -6.709947017025214e-05 -0.00028041432915415498 7.1920092644480374e-05 -0.00025905845104716717 -7.1440808187617219e-05 -0.00017856357901716062 -3.6047458302669438e-05 -0.00020371586774672326 -5.149378016511896e-06 0.00028694251494649191 0.00012358829280856298 7.103984320090841e-05 -5.765427825584387e-06 0.00017352637647570154 -3.9046333546613586e-05 8.1493319315916821e-05 -0.00033071967076618119 -1.9230052324322366e-05 -0.00020557607736160818 -1.2218725675231091e-05 -5.7519990624986463e-05 9.6165683164204188e-05 0.00020193113684755469
leaf_weight=24 1680 23 874 48 48 92 345 1106 24 24 216 24 120 72 48 161 23 23 23 69 46 46 46 24 24 240 92 46 276 46
leaf_count=24 1680 23 874 48 48 92 345 1106 24 24 216 24 120 72 48 161 23 23 23 69 46 46 46 24 24 240 92 46 276 46
internal_value=2.24633e-13 5.99848e-05 6.36876e-05 -0.000114888 -0.000197216 2.84958e-05 0.000138661 -8.06317e-05 -0.000125175 -0.000113234 -0.000209032 -0.000218576 -0.000128663 -9.30201e-05 -0.00013575 6.40431e-05 5.74492e-05 7.15844e-05 0.000198518 6.44058e-05 7.22026e-05 8.52162e-05 7.63852e-05 -0.00019055 -0.000200476 -0.000188636 1.49427e-05 8.9211e-05 7.42106e-05 0.000141712
internal_weight=5953 3911 3888 2042 600 2646 1242 1442 336 312 576 528 288 168 96 966 874 713 368 690 621 506 460 312 288 264 115 414 322 92
internal_count=5953 3911 3888 2042 600 2646 1242 1442 336 312 576 528 288 168 96 966 874 713 368 690 621 506 460 312 288 264 115 414 322 92
is_linear=0
shrinkage=0.05


Tree=19
num_leaves=31
num_cat=0
split_feature=0 0 0 0 0 0 0 0 0 0 0 0 0 0 0 0 0 0 0 0 0 0 0 0 0 0 0 0 0 0
split_gain=0.0148101 0.00327235 0.00370553 0.00208577 0.000737673 0.000639827 0.000618046 0.000431002 0.000236775 0.000225785 0.000215152 0.000158372 0.000157578 0.000154138 0.000297463 0.000268145 0.000146248 0.000143925 0.000139499 0.000225357 0.000394412 0.000190037 0.000135651 0.00027274 0.000569787 0.000199347 0.000151954 0.000157539 0.000367382 0.000147342
threshold=-0.0014914617810069927 0.046204879040816556 0.0052305128332245888 -0.0061589658740905584 0.0025105642701259119 0.010344478406692762 -0.050161956975202614 -0.008675775959136196 -0.027323983957631862 -0.013109586457152869 -0.0064153301772330871 -0.014744358271977483 -0.017899142657214113 -0.00957397570292093 -0.0092284920864327252 -0.0089603765977270908 -0.016018514911379168 0.037925976458710924 0.0026553461289055592 0.0030829115671654477 0.0031414737074156002 0.0026154520048600363 -0.0030078749251793301 -0.0023734529641045278 -0.0023106087784343717 -0.0033079396304207726 -0.0016134251911044878 -0.0020429331696519876 -0.0021678216366010977 -0.0024846611764242489
decision_type=2 2 2 2 2 2 2 2 2 2 2 2 2 2 2 2 2 2 2 2 2 2 2 2 2 2 2 2 2 2
left_child=3 2 4 6 -2 -4 -1 8 -8 11 -9 12 -10 -11 -15 -16 -14 -7 21 -20 -21 -6 25 29 -25 -5 27 28 -26 -24
right_child=1 -3 5 22 18 17 7 10 9 13 -12 -13 16 14 15 -17 -18 -19 19 20 -22 -23 23 24 26 -27 -28 -29 -30 -31
leaf_value=8.2034268901528181e-05 7.6533320223656383e-06 -0.00053765587812370575 0.00010935521853877568 -6.9471452807334799e-05 7.1643389784857513e-05 0.00019666581037660987 -0.00011856507957822437 -0.00011100036449137766 -0.00027827758252290855 -0.00016814254455918369 -0.00022607971138010423 -0.00033895659526024248 -7.4045961567511176e-05 -0.00039634345631990684 -6.2577088829129932e-05 -0.00029893180083793904 -0.00024859795187997711 6.7487821544763506e-05 7.0258562171533331e-06 0.00027259539935545511 6.2332381275261335e-05 0.00024766699980714101 -2.4742775096218912e-05 -0.00031595740240885316 8.8951998765443694e-06 -0.00014729521468552777 -0.00013988883971330287 -6.5523663183937417e-06 -0.0001909368990037246 7.6724771212826937e-05
leaf_weight=24 1680 23 828 576 46 345 72 264 72 216 48 48 24 24 24 24 24 23 184 23 736 23 161 23 46 96 46 138 46 46
leaf_count=24 1680 23 828 576 46 345 72 264 72 216 48 48 24 24 24 24 24 23 184 23 736 23 161 23 46 96 46 138 46 46
internal_value=-8.48172e-13 5.69856e-05 6.05033e-05 -0.000109143 2.79675e-05 0.000133736 -0.000168149 -0.000175297 -0.000202828 -0.000216133 -0.000128705 -0.000262199 -0.000231495 -0.000189261 -0.000252617 -0.000180754 -0.000161322 0.000188592 6.16907e-05 5.66692e-05 6.8704e-05 0.000130318 -6.5866e-05 -4.63128e-05 -7.68564e-05 -8.05891e-05 -5.69313e-05 -4.03398e-05 -9.10208e-05 -2.19443e-06
internal_weight=5953 3911 3888 2042 2692 1196 864 840 528 456 312 168 120 288 72 48 48 368 1012 943 759 69 1178 506 299 672 276 230 92 207
internal_count=5953 3911 3888 2042 2692 1196 864 840 528 456 312 168 120 288 72 48 48 368 1012 943 759 69 1178 506 299 672 276 230 92 207
is_linear=0
shrinkage=0.05


Tree=20
num_leaves=31
num_cat=0
split_feature=0 0 0 0 0 0 0 0 0 0 0 0 0 0 0 0 0 0 0 0 0 0 0 0 0 0 0 0 0 0
split_gain=0.0133661 0.0029533 0.0033476 0.00189114 0.000824303 0.000614159 0.000417044 0.000214927 0.000446299 0.000350356 0.000368379 0.000461928 0.000250923 0.000184381 0.000184908 0.000171985 0.00021369 0.00020455 0.00018506 0.000155634 0.000151111 0.000218007 0.000993902 0.000295638 0.000163295 0.000149588 0.000149571 0.000181223 0.000161599 0.000154509
threshold=-0.0014914617810069927 0.046204879040816556 0.0041256724018377258 -0.0073243711975200807 0.007776959479531248 -0.050161956975202614 0.0014859408838954712 -0.0042428440131381398 -0.0040419387176810736 -0.0038714621955656691 -0.0035976423254494368 -0.0034946426188443634 -0.0071028240303755595 0.013471226725432842 0.037925976458710924 -0.008675775959136196 -0.027323983957631862 -0.01241668460002244 -0.010382870609192218 -0.0041335871280671855 -0.0012569284385753766 -0.00084515841527540503 -0.00090423889314186366 -0.00065709973606036377 -0.00072027814341748045 0.0080992043414310679 -0.0061589658740905584 -0.004954723710388219 -0.0052288518901749846 -0.0062897638870469527
decision_type=2 2 2 2 2 2 2 2 2 2 2 2 2 2 2 2 2 2 2 2 2 2 2 2 2 2 2 2 2 2
left_child=3 2 6 5 -4 -1 20 12 19 -10 -11 -12 -5 25 -15 16 -7 -18 -19 -9 -2 22 -22 24 -23 -6 29 28 -28 -14
right_child=1 -3 4 7 13 15 -8 8 9 10 11 -13 26 14 -16 -17 17 18 -20 -21 21 23 -24 -25 -26 -27 27 -29 -30 -31
leaf_value=7.7932561301471054e-05 7.1573317689109137e-05 -0.00051077307890290803 8.4690713750634554e-05 6.4000814321237473e-05 0.00022498914572481783 -0.00011263679164888647 4.1888275556495668e-05 4.8553314021167661e-06 -0.00019306028823393718 8.0273442191961902e-05 -0.00027850513503532663 -5.5135231764394968e-05 -0.00012138083520161066 0.00021448300261039076 6.4113427272430911e-05 -0.00013104123481247774 -0.00024459426523624946 -0.00013090977819047112 -0.00021498264100551346 0.00018492121598683299 -3.5597513709470389e-06 4.8937630131347203e-05 -0.00036361451847883669 -3.8694045073659454e-06 0.00021210681981123663 0.00012935439217669586 -7.8400083960635436e-05 -0.00012769683891949375 2.5625546906364135e-05 -0.00026035445443994831
leaf_weight=24 69 23 920 24 46 72 1123 24 48 48 24 650 120 184 23 144 192 120 144 24 115 46 23 948 23 368 168 144 48 24
leaf_count=24 69 23 920 24 46 72 1123 24 48 48 24 650 120 184 23 144 192 120 144 24 115 46 23 948 23 368 168 144 48 24
internal_value=2.53518e-15 5.41363e-05 5.74781e-05 -0.000103686 0.000114735 -0.000170601 1.98841e-05 -6.90853e-05 -5.30332e-05 -6.22543e-05 -5.3558e-05 -6.30891e-05 -9.3954e-05 0.000159245 0.000197775 -0.000179477 -0.000192687 -0.000205326 -0.000176768 9.48883e-05 -3.04374e-07 -4.59837e-06 -6.35689e-05 3.40353e-06 0.000103327 0.00013998 -0.000101476 -8.42487e-05 -5.52833e-05 -0.000144543
internal_weight=5953 3911 3888 2042 1541 696 2347 1346 818 770 722 674 528 621 207 672 528 456 264 48 1224 1155 138 1017 69 414 504 360 216 144
internal_count=5953 3911 3888 2042 1541 696 2347 1346 818 770 722 674 528 621 207 672 528 456 264 48 1224 1155 138 1017 69 414 504 360 216 144
is_linear=0
shrinkage=0.05


Tree=21
num_leaves=31
num_cat=0
split_feature=0 0 0 0 0 0 0 0 0 0 0 0 0 0 0 0 0 0 0 0 0 0 0 0 0 0 0 0 0 0
split_gain=0.0120629 0.00266535 0.00303486 0.00170675 0.000608258 0.000554278 0.000529253 0.000193972 0.000402785 0.000316197 0.000332462 0.00041689 0.00023523 0.000225214 0.000163554 0.000155216 0.000193728 0.000145843 0.000143219 0.00018165 0.000143174 0.000167016 0.00014046 0.000133835 0.000256921 0.000359541 0.000122064 0.000297921 0.000131665 0.000121117
threshold=-0.0014914617810069927 0.046204879040816556 0.0052305128332245888 -0.0073243711975200807 0.0025105642701259119 -0.050161956975202614 0.010344478406692762 -0.0042428440131381398 -0.0040419387176810736 -0.0038714621955656691 -0.0035976423254494368 -0.0034946426188443634 -0.006990260617628352 -0.0061589658740905584 -0.004954723710388219 -0.008675775959136196 -0.031965569042257135 -0.0052288518901749846 -0.0046926363438754707 -0.0043218991557717685 -0.01241668460002244 -0.010382870609192218 -0.0041335871280671855 0.0027107652337801562 0.0030829115671654477 0.0031414737074156002 -0.0058656100349734073 -0.0057059410177613791 -0.0059894136610153222 0.0033884638574101299
decision_type=2 2 2 2 2 2 2 2 2 2 2 2 2 2 2 2 2 2 2 2 2 2 2 2 2 2 2 2 2 2
left_child=3 2 4 5 -2 -1 -4 12 22 -10 -11 -12 -5 -14 17 16 -7 26 -16 -20 -18 -22 -9 -6 -25 -26 28 -28 -15 -27
right_child=1 -3 6 7 23 15 -8 8 9 10 11 -13 13 14 18 -17 20 -19 19 -21 21 -23 -24 24 25 29 27 -29 -30 -31
leaf_value=7.4035917350556701e-05 6.713271300430365e-06 -0.00048523443325868123 9.8704907079610651e-05 1.6279408767635081e-05 0.00011328184421512085 -8.7278057981166065e-05 0.00017077053219944228 4.6125715016387403e-06 -0.00018340726735459613 7.6259766890037411e-05 -0.00026457987454098962 -5.237846971095468e-05 -0.00015913074486585783 -8.9902864419855188e-05 -0.00019183068637479059 -0.00012448917727109825 -0.00022281947716254328 2.4344275448129338e-05 -4.6343370276089344e-05 -0.00020518044730124532 -0.00012436428653624413 -0.00020423350754299465 0.00017567517352290452 -7.3376141309771424e-06 0.00025687121568531123 8.9845175139287128e-06 -0.0002590000309282914 -6.2043827316908085e-05 7.5717665216264634e-05 6.4846619994713754e-05
leaf_weight=24 1680 23 828 48 92 48 368 24 48 48 24 650 120 24 48 144 216 48 72 24 120 144 24 161 23 115 24 96 24 621
leaf_count=24 1680 23 828 48 92 48 368 24 48 48 24 650 120 24 48 144 216 48 72 24 120 144 24 161 23 115 24 96 24 621
internal_value=6.57308e-13 5.14295e-05 5.46042e-05 -9.85018e-05 2.51597e-05 -0.000162071 0.000120879 -6.56311e-05 -5.03815e-05 -5.91416e-05 -5.08801e-05 -5.99346e-05 -8.92563e-05 -9.98099e-05 -8.00363e-05 -0.000170503 -0.000183052 -5.25191e-05 -0.000121312 -8.60526e-05 -0.00019263 -0.000167929 9.01439e-05 5.57822e-05 5.00322e-05 6.22016e-05 -7.44801e-05 -0.000101435 -7.0926e-06 5.61182e-05
internal_weight=5953 3911 3888 2042 2692 696 1196 1346 818 770 722 674 528 480 360 672 528 216 144 96 480 264 48 1012 920 759 168 120 48 736
internal_count=5953 3911 3888 2042 2692 696 1196 1346 818 770 722 674 528 480 360 672 528 216 144 96 480 264 48 1012 920 759 168 120 48 736
is_linear=0
shrinkage=0.05


Tree=22
num_leaves=31
num_cat=0
split_feature=0 0 0 0 0 0 0 0 0 0 0 0 0 0 0 0 0 0 0 0 0 0 0 0 0 0 0 0 0 0
split_gain=0.0108868 0.00240548 0.00273962 0.00154041 0.000549907 0.000523433 0.000504224 0.000237941 0.000130256 0.000171287 0.000162292 0.000138672 0.000126347 0.000129765 0.000121599 0.000210673 0.000124919 0.000118445 0.000117714 0.000231121 0.000896997 0.000238719 0.000147374 0.000125396 0.000121489 0.000114343 0.000156832 0.000175357 0.000349814 0.000126575
threshold=-0.0014914617810069927 0.046204879040816556 0.0050882883699477155 -0.0082134807213181931 -0.041057583575550255 0.0021205127434794188 0.010344478406692762 -0.0054481196936981341 0.0022534084520796855 0.0025105642701259119 0.0021827998122470314 0.0048642353772912509 0.004936100157888609 0.0050197732439822614 -0.0050608455083966082 -0.0046926363438754707 -0.0052288518901749846 0.037925976458710924 -0.0012569284385753766 -0.00084515841527540503 -0.00090423889314186366 -0.00065709973606036377 -0.00072027814341748045 -0.00097511174216158541 -0.0010293214599905137 0.0041256724018377258 0.0027107652337801562 0.0030829115671654477 0.0031414737074156002 0.0038758061320144379
decision_type=2 2 2 2 2 2 2 2 2 2 2 2 2 2 2 2 2 2 2 2 2 2 2 2 2 2 2 2 2 2
left_child=3 2 5 4 -1 18 -4 -5 10 -10 -7 25 -13 -14 16 -16 -9 -8 -2 20 23 22 -21 24 -20 26 -11 -28 -29 -30
right_child=1 -3 6 7 -6 8 17 14 9 11 -12 12 13 -15 15 -17 -18 -19 19 21 -22 -23 -24 -25 -26 -27 27 28 29 -31
leaf_value=1.4255427231546492e-06 6.7658992844846344e-05 -0.00046097271210190075 9.2462933852698319e-05 -9.9277250175570478e-05 -0.00017501562396108163 3.7463131229742436e-05 0.00016955617741072987 -3.716932515089866e-05 -1.11048156547137e-05 0.00010761774851348689 0.00022134009753547922 -0.00011175546906483563 0.00011575063209697281 -5.2207090471790219e-05 -0.00014025460550328716 -5.1421766341207006e-05 0.00010253960862579941 5.2369254254976434e-05 -1.0784909555577147e-05 4.6155071409568499e-05 -0.00034576945124528089 2.2633216423559825e-06 0.00020116580695764201 -0.00010813945105916863 0.00012190702546713115 8.7888008249889103e-05 -6.9707389404854069e-06 0.00024402765813410162 5.9159079732290229e-05 -7.9069044817436459e-06
leaf_weight=48 69 23 874 384 552 24 345 48 120 92 24 23 23 23 72 914 24 23 69 46 23 1236 23 23 23 230 161 23 299 92
leaf_count=48 69 23 874 384 552 24 345 48 120 92 24 23 23 23 72 914 24 23 69 46 23 1236 23 23 23 230 161 23 299 92
internal_value=-3.0251e-13 4.8858e-05 5.1874e-05 -9.35767e-05 -0.0001609 2.31187e-05 0.000113135 -6.55641e-05 4.87975e-05 4.52349e-05 0.000129402 5.22336e-05 -1.60706e-05 3.17718e-05 -5.3328e-05 -5.79085e-05 9.40032e-06 0.000162232 3.85958e-06 8.08878e-07 -6.07261e-05 7.31602e-06 9.78253e-05 -3.71743e-06 2.23881e-05 5.74878e-05 4.7005e-05 3.73069e-05 5.4526e-05 4.33788e-05
internal_weight=5953 3911 3888 2042 600 2646 1242 1442 1134 1086 48 966 69 46 1058 986 72 368 1512 1443 138 1305 69 115 92 897 667 575 414 391
internal_count=5953 3911 3888 2042 600 2646 1242 1442 1134 1086 48 966 69 46 1058 986 72 368 1512 1443 138 1305 69 115 92 897 667 575 414 391
is_linear=0
shrinkage=0.05


Tree=23
num_leaves=31
num_cat=0
split_feature=0 0 0 0 0 0 0 0 0 0 0 0 0 0 0 0 0 0 0 0 0 0 0 0 0 0 0 0 0 0
split_gain=0.00982532 0.00217094 0.00248894 0.00139396 0.000734821 0.000466518 0.000233574 0.000173678 0.000255009 0.000188423 0.000165643 0.000190559 0.000158582 0.000175238 0.000146728 0.000144708 0.0001416 0.000415791 0.000360312 0.000171397 0.000237705 0.000145663 0.000481529 0.000731392 0.000266124 0.000135764 0.000129593 0.000168 0.000172033 0.00014293
threshold=-0.0014914617810069927 0.046204879040816556 0.0036187552532875268 -0.0073243711975200807 0.0075114621539750922 -0.050161956975202614 0.0014859408838954712 -0.0030078749251793301 -0.0028563024556434264 -0.0071028240303755595 -0.0061589658740905584 -0.0033079396304207726 0.013471226725432842 0.014341752624165545 0.0013032371064385356 0.003540546764762276 0.00077244483763002725 0.00067547072744762228 0.00072670769405607709 0.0010279278069603649 0.0011850831211700596 0.0002435901031547042 0.00041126910178810976 0.00036662862087073848 6.4428457785339205e-05 -0.0062897638870469527 -0.008675775959136196 -0.027323983957631862 -0.013109586457152869 -0.014744358271977483
decision_type=2 2 2 2 2 2 2 2 2 2 2 2 2 2 2 2 2 2 2 2 2 2 2 2 2 2 2 2 2 2
left_child=3 2 6 5 -4 -1 14 9 -9 -5 25 -12 -6 -14 16 -8 17 21 -19 -18 -21 24 23 -23 -2 -11 27 -7 29 -29
right_child=1 -3 4 7 12 26 15 8 -10 10 11 -13 13 -15 -16 -17 19 18 -20 20 -22 22 -24 -25 -26 -27 -28 28 -30 -31
leaf_value=7.0262884158485886e-05 3.1876115526882941e-06 -0.00043792407731930527 6.8166038764779253e-05 6.4950665273499911e-05 0.00011882295515978632 -9.4571970900384869e-05 3.5423999839103867e-05 7.6195928356711476e-05 -4.7275066172005616e-05 -0.00010414549141690564 -5.5894498010684087e-05 -0.0001319836767909995 0.00030164139588241995 0.00015525621747260827 -6.0177582694601978e-05 -9.1556571651776536e-05 8.0543409640085881e-05 -0.00028511244539307276 -1.1132371218991467e-05 -6.1422506213501844e-05 8.2223350189754773e-05 -2.4608306982069436e-05 2.6266390920757962e-05 -0.00036266166662244362 0.00010514575639414641 -0.00023441631880511218 -0.00011203854619073657 -0.00018779909936711195 -0.0001533012539678364 -0.00028988730975167224
leaf_weight=24 576 23 1058 24 460 72 916 46 460 120 576 96 23 184 96 23 120 24 24 72 48 48 120 24 72 24 144 120 288 48
leaf_count=24 576 23 1058 24 460 72 916 46 460 120 576 96 23 184 96 23 120 24 24 72 48 48 120 24 72 24 144 120 288 48
internal_value=4.73466e-13 4.64151e-05 4.92803e-05 -8.88979e-05 9.40772e-05 -0.000146347 1.35546e-05 -5.91915e-05 -3.60504e-05 -7.31313e-05 -7.71925e-05 -6.67644e-05 0.000135178 0.000171521 -8.36574e-07 3.23137e-05 4.21372e-06 -4.99598e-06 -0.000148122 3.82896e-05 -3.96416e-06 3.18267e-06 -3.50683e-05 -0.000137293 1.45163e-05 -0.000125857 -0.000154083 -0.00016555 -0.000176757 -0.000216967
internal_weight=5953 3911 3888 2042 1725 696 2163 1346 506 840 816 672 667 207 1224 939 1128 888 48 240 120 840 192 72 648 144 672 528 456 168
internal_count=5953 3911 3888 2042 1725 696 2163 1346 506 840 816 672 667 207 1224 939 1128 888 48 240 120 840 192 72 648 144 672 528 456 168
is_linear=0
shrinkage=0.05


Tree=24
num_leaves=31
num_cat=0
split_feature=0 0 0 0 0 0 0 0 0 0 0 0 0 0 0 0 0 0 0 0 0 0 0 0 0 0 0 0 0 0
split_gain=0.00886735 0.00195928 0.00225789 0.00125805 0.00070597 0.000421032 0.000170126 0.000156744 0.000236718 0.000514233 0.000170052 0.000149493 0.00017198 0.000148116 0.000220639 0.000143454 0.000143284 0.000137888 0.000196527 0.000137138 0.000142179 0.000331563 0.000141765 0.000132422 0.000127794 0.000375251 0.000325182 0.000154686 0.000214529 0.000131461
threshold=-0.0014914617810069927 0.046204879040816556 0.0033884638574101299 -0.0073243711975200807 0.0075114621539750922 -0.050161956975202614 0.0014859408838954712 -0.0030078749251793301 -0.0023734529641045278 -0.0023106087784343717 -0.0071028240303755595 -0.0061589658740905584 -0.0033079396304207726 0.0034930435118120475 0.0036187552532875268 0.012940968014126194 0.037925976458710924 -0.0024846611764242489 -0.0028563024556434264 -0.0016134251911044878 -0.0020429331696519876 -0.0021678216366010977 -0.0021144916596704116 0.0013032371064385356 0.00077244483763002725 0.00067547072744762228 0.00072670769405607709 0.0010279278069603649 0.0011850831211700596 0.0002435901031547042
decision_type=2 2 2 2 2 2 2 2 2 2 2 2 2 2 2 2 2 2 2 2 2 2 2 2 2 2 2 2 2 2
left_child=3 2 6 5 13 -1 23 10 17 -10 -5 -12 -13 -4 -15 -6 -17 18 -9 20 21 -11 -23 24 25 29 -27 -26 -29 -2
right_child=1 -3 4 7 15 -7 -8 8 9 19 11 12 -14 14 -16 16 -18 -19 -20 -21 -22 22 -24 -25 27 26 -28 28 -30 -31
leaf_value=6.6749663771285367e-05 1.3790479017559307e-05 -0.00041602786184976931 0.00015166754248204363 6.1703135725110772e-05 0.00011159637232255593 -0.00014637912716263405 2.8353530934244541e-05 7.2386137237671119e-05 -0.00028984900614570667 1.8760972307063642e-05 -0.00011956442828401731 -5.3099772604209905e-05 -0.00012538448957665575 -4.7102020392270321e-05 6.4757738332076376e-05 0.00017353595403312135 4.1987982410279547e-05 8.3199059641312655e-05 -4.9897028720411269e-05 -0.0001225838660384002 4.0857827116269623e-06 -0.00025885534256382887 -8.3303716129866302e-05 -5.7168699004250815e-05 7.6516239041666273e-05 -0.00027085681819395783 -1.0575750093266835e-05 -5.8351387330427922e-05 7.8112182654876969e-05 -3.3314876502288372e-05
leaf_weight=24 648 23 46 24 437 672 847 46 23 46 144 576 96 46 1058 207 23 46 115 46 138 23 23 96 120 24 24 72 48 192
leaf_count=24 648 23 46 24 437 672 847 46 23 46 144 576 96 46 1058 207 23 46 115 46 138 23 23 96 120 24 24 72 48 192
internal_value=1.50831e-12 4.40944e-05 4.68163e-05 -8.4453e-05 8.74953e-05 -0.00013903 1.11264e-05 -5.6232e-05 -3.42479e-05 -6.2703e-05 -6.94747e-05 -7.33329e-05 -6.34262e-05 6.37597e-05 6.00969e-05 0.000128419 0.000160381 6.85392e-06 -1.4959e-05 -4.37742e-05 -2.80122e-05 -7.61593e-05 -0.00017108 -7.94746e-07 4.00304e-06 -4.74618e-06 -0.000140716 3.63751e-05 -3.76596e-06 3.02354e-06
internal_weight=5953 3911 3888 2042 1817 696 2071 1346 506 299 840 816 672 1150 1104 667 230 207 161 276 230 92 46 1224 1128 888 48 240 120 840
internal_count=5953 3911 3888 2042 1817 696 2071 1346 506 299 840 816 672 1150 1104 667 230 207 161 276 230 92 46 1224 1128 888 48 240 120 840
is_linear=0
shrinkage=0.05


Tree=25
num_leaves=31
num_cat=0
split_feature=0 0 0 0 0 0 0 0 0 0 0 0 0 0 0 0 0 0 0 0 0 0 0 0 0 0 0 0 0 0
split_gain=0.00802291 0.00179597 0.00183355 0.00135886 0.000762744 0.000352973 0.000345706 0.000325397 0.000306556 0.000248575 0.000202284 0.000163311 0.0001609 0.00015162 0.000155259 0.000133005 0.000128995 0.000142214 0.000131989 0.000124647 0.000268461 0.000242001 0.00012264 0.000130446 0.000314199 0.000293477 0.000157533 0.000172172 0.000116813 0.000193349
threshold=-0.00084515841527540503 0.046204879040816556 0.0052305128332245888 -0.0061589658740905584 -0.00090423889314186366 0.010344478406692762 -0.050161956975202614 0.0025105642701259119 -0.0014914617810069927 -0.008675775959136196 -0.00065709973606036377 -0.00097511174216158541 -0.0064153301772330871 -0.027323983957631862 -0.013109586457152869 -0.00072027814341748045 -0.014744358271977483 -0.017899142657214113 -0.016018514911379168 -0.00957397570292093 -0.0092284920864327252 -0.0089603765977270908 0.002455247004665716 0.00077244483763002725 0.00067547072744762228 0.00072670769405607709 0.0010279278069603649 0.0014859408838954712 0.0027107652337801562 0.0030829115671654477
decision_type=2 2 2 2 2 2 2 2 2 2 2 2 2 2 2 2 2 2 2 2 2 2 2 2 2 2 2 2 2 2
left_child=3 2 7 6 8 -4 -1 10 -5 13 15 -10 -11 -8 16 -2 17 -15 -19 -16 -21 -22 23 24 -12 -26 -25 -28 -9 -30
right_child=1 -3 5 4 -6 -7 9 28 11 12 22 -13 -14 14 19 -17 -18 18 -20 20 21 -23 -24 26 25 -27 27 -29 29 -31
leaf_value=6.3412253803107893e-05 4.2998424250190911e-05 -0.00039522646943426125 8.0739991580305415e-05 -4.8348243930966638e-05 -0.00032932989289174264 0.00013959277080818105 -8.2524408900199993e-05 9.9047985974681554e-05 3.8851495040978328e-05 -7.835144940668905e-05 -4.2415579270148536e-07 -0.00010358138451524809 -0.00017786966894467091 -0.00021553333620734827 -0.00011932599093227139 0.00019025861553888284 -0.00026807397275661063 -2.1513280080398546e-05 -0.00018733767374214951 -0.00033183069511627159 -1.4752626263240624e-05 -0.00023928961913952663 -0.00010765988906011141 7.2690429438656195e-05 -0.00025731397927491648 -1.0046965508081485e-05 -2.6125481324217819e-05 2.8547082617554528e-05 -9.8110780041532514e-06 5.0514510565419998e-05
leaf_weight=24 46 23 828 1178 23 368 72 92 161 264 564 23 48 72 216 23 48 24 24 24 24 24 24 120 24 24 216 432 161 759
leaf_count=24 46 23 828 1178 23 368 72 92 161 264 564 23 48 72 216 23 48 24 24 24 24 24 24 120 24 24 216 432 161 759
internal_value=-1.55629e-13 4.52301e-05 4.79822e-05 -7.44919e-05 -4.3795e-05 9.88485e-05 -0.000123699 2.35008e-05 -3.89732e-05 -0.000129045 8.5039e-06 2.10474e-05 -9.36619e-05 -0.000149954 -0.0001606 9.20852e-05 -0.0001988 -0.00017109 -0.000104425 -0.000138317 -0.000195291 -0.000127021 4.39627e-06 6.34507e-06 -1.08756e-05 -0.00013368 2.00678e-05 1.03229e-05 4.53294e-05 3.99575e-05
internal_weight=5953 3704 3681 2249 1385 1196 864 2485 1362 840 1473 184 312 528 456 69 168 120 48 288 72 48 1404 1380 612 48 768 648 1012 920
internal_count=5953 3704 3681 2249 1385 1196 864 2485 1362 840 1473 184 312 528 456 69 168 120 48 288 72 48 1404 1380 612 48 768 648 1012 920
is_linear=0
shrinkage=0.05


Tree=26
num_leaves=31
num_cat=0
split_feature=0 0 0 0 0 0 0 0 0 0 0 0 0 0 0 0 0 0 0 0 0 0 0 0 0 0 0 0 0 0
split_gain=0.00724068 0.00162086 0.00165593 0.00122637 0.000688376 0.000540837 0.000311999 0.000276678 0.000276667 0.000224339 0.000195227 0.000167985 0.000155205 0.000147388 0.000146891 0.000136837 0.000141758 0.000143281 0.00013499 0.000156288 0.000131218 0.000128426 0.000285543 0.000138544 0.00015242 0.000135874 0.000128104 0.000167581 0.000122509 0.000120037
threshold=-0.00084515841527540503 0.046204879040816556 0.0072762817437040887 -0.0061589658740905584 -0.00090423889314186366 0.0030829115671654477 -0.050161956975202614 0.0031414737074156002 -0.0014914617810069927 -0.008675775959136196 0.00704907535732962 -0.00065709973606036377 0.0033884638574101299 -0.00097511174216158541 -0.0062897638870469527 -0.027323983957631862 -0.01241668460002244 -0.010382870609192218 0.013471226725432842 0.014341752624165545 0.0034460593410293168 0.00077244483763002725 0.00062509647156369869 0.0010279278069603649 0.0014859408838954712 0.0028840650084086725 0.00072670769405607709 0.00067547072744762228 0.0032080433903018475 -0.00072027814341748045
decision_type=2 2 2 2 2 2 2 2 2 2 2 2 2 2 2 2 2 2 2 2 2 2 2 2 2 2 2 2 2 2
left_child=3 2 5 6 8 11 -1 -7 -5 15 12 29 28 -10 -11 -8 -17 -18 -4 -20 -14 22 -13 -23 -25 -26 27 -24 -9 -2
right_child=1 -3 18 4 -6 7 9 10 13 14 -12 21 20 -15 -16 16 17 -19 19 -21 -22 23 26 24 25 -27 -28 -29 -30 -31
leaf_value=6.0241575799106306e-05 4.084849036229096e-05 -0.00037546515643201855 0.00010008982703937134 -4.5930830784807135e-05 -0.00031286338571985458 0.00022611167465663089 -7.8398196011322506e-05 0.00010307606766139581 3.6908915780208278e-05 -7.9075099043595602e-05 -4.9977807366699191e-05 2.1390968315152485e-06 0.00017914616429429178 -9.8402312110208552e-05 -0.00020782379433512688 -0.00018526011061984111 -8.844496745382458e-05 -0.00016242160632423799 0.00027090288273504251 0.0001326591168752044 5.8399548383162794e-05 6.9055902691464636e-05 -5.7598861089521362e-05 -2.4819207352198583e-05 3.1607661102862338e-05 -3.3528920563264325e-05 -9.5446140827940943e-06 -0.00024444828316821563 -2.5940597250788098e-05 0.00018074568335736251
leaf_weight=24 46 23 506 1178 23 23 72 23 161 288 46 540 23 23 24 192 120 144 23 184 1035 120 24 216 617 92 24 24 92 23
leaf_count=24 46 23 506 1178 23 23 72 23 161 288 46 540 23 23 24 192 120 144 23 184 1035 120 24 216 617 92 24 24 92 23
internal_value=-2.78759e-13 4.29686e-05 4.55831e-05 -7.07673e-05 -4.16053e-05 2.91462e-05 -0.000117514 5.43073e-05 -3.70245e-05 -0.000122593 5.10657e-05 1.10406e-05 5.50282e-05 1.9995e-05 -8.89788e-05 -0.000142456 -0.00015257 -0.000128796 0.000114005 0.00014802 6.10245e-05 7.85754e-06 -1.03318e-05 1.85101e-05 1.19528e-05 2.31555e-05 -0.000103864 -0.000151024 -1.37264e-07 8.74809e-05
internal_weight=5953 3704 3681 2249 1385 2968 864 1242 1362 840 1219 1726 1173 184 312 528 456 264 713 207 1058 1657 612 1045 925 709 72 48 115 69
internal_count=5953 3704 3681 2249 1385 2968 864 1242 1362 840 1219 1726 1173 184 312 528 456 264 713 207 1058 1657 612 1045 925 709 72 48 115 69
is_linear=0
shrinkage=0.05


Tree=27
num_leaves=31
num_cat=0
split_feature=0 0 0 0 0 0 0 0 0 0 0 0 0 0 0 0 0 0 0 0 0 0 0 0 0 0 0 0 0 0
split_gain=0.00653471 0.00146283 0.00151474 0.0011068 0.00062126 0.000286746 0.000281579 0.000265738 0.000249692 0.000202466 0.000165527 0.000135493 0.000133018 0.000124741 0.000113167 0.000108351 0.000155588 0.000273321 0.000108333 0.000105291 0.000257702 0.000128995 0.000138962 0.000115614 0.000151242 0.000100186 0.000129311 0.000119829 0.000136259 0.000242286
threshold=-0.00084515841527540503 0.046204879040816556 0.0052305128332245888 -0.0061589658740905584 -0.00090423889314186366 0.010344478406692762 -0.050161956975202614 0.0025105642701259119 -0.0014914617810069927 -0.008675775959136196 -0.00065709973606036377 -0.0064153301772330871 -0.00097511174216158541 -0.031965569042257135 0.002455247004665716 0.0027107652337801562 0.0030829115671654477 0.0031414737074156002 -0.00072027814341748045 0.00077244483763002725 0.00062509647156369869 0.0010279278069603649 0.0014859408838954712 0.00072670769405607709 0.00067547072744762228 -0.01241668460002244 -0.010382870609192218 -0.010110776558653363 -0.00957397570292093 -0.0092284920864327252
decision_type=2 2 2 2 2 2 2 2 2 2 2 2 2 2 2 2 2 2 2 2 2 2 2 2 2 2 2 2 2 2
left_child=3 2 7 6 8 -4 -1 10 -5 13 18 -11 -10 -8 19 -9 -17 -18 -2 20 -12 -21 -23 24 -22 -15 -27 -28 -29 -30
right_child=1 -3 5 4 -6 -7 9 15 12 11 14 -13 -14 25 -16 16 17 -19 -20 21 23 22 -24 -25 -26 26 27 28 29 -31
leaf_value=5.7229501059434067e-05 3.8806077250426278e-05 -0.00035669190186561774 7.3215515136569695e-05 -4.3634288594525301e-05 -0.00029722021869889905 0.00012626061623687628 -5.8480702136876062e-05 9.2515206601408715e-05 3.5063471746663868e-05 -7.0480121261792575e-05 2.0321423501404415e-06 -0.00016180370597188205 -9.3482195014708535e-05 -0.00016827225663628608 -0.00010385726335092235 -9.0398630519579769e-06 0.00021480607970063477 3.9771119885461986e-05 0.00017170840115083951 6.5603108159090572e-05 -5.4718914725526702e-05 -2.3578250658863034e-05 2.5539347723066741e-05 -9.0673815975605976e-06 -0.00023222585938735088 -8.4022724067456996e-05 -0.00025628996372688561 -6.8648582237074157e-05 -0.00030711807363938229 -0.0001125489865595834
leaf_weight=24 46 23 828 1178 23 368 48 92 161 264 540 48 23 216 24 161 23 736 23 120 24 216 432 24 24 120 24 48 24 48
leaf_count=24 46 23 828 1178 23 368 48 92 161 264 540 48 23 216 24 161 23 736 23 120 24 216 432 24 24 120 24 48 24 48
internal_value=4.55037e-13 4.08202e-05 4.33039e-05 -6.72289e-05 -3.9525e-05 8.95371e-05 -0.000111639 2.10525e-05 -3.51733e-05 -0.000116463 7.49989e-06 -8.45299e-05 1.89953e-05 -0.000135333 3.78416e-06 4.07787e-05 3.56051e-05 4.50752e-05 8.31069e-05 5.65618e-06 -9.81525e-06 1.7985e-05 9.16681e-06 -9.86707e-05 -0.000143472 -0.000143018 -0.000122356 -0.000154301 -0.000133903 -0.000177405
internal_weight=5953 3704 3681 2249 1385 1196 864 2485 1362 840 1473 312 184 528 1404 1012 920 759 69 1380 612 768 648 72 48 480 264 144 120 72
internal_count=5953 3704 3681 2249 1385 1196 864 2485 1362 840 1473 312 184 528 1404 1012 920 759 69 1380 612 768 648 72 48 480 264 144 120 72
is_linear=0
shrinkage=0.05


Tree=28
num_leaves=31
num_cat=0
split_feature=0 0 0 0 0 0 0 0 0 0 0 0 0 0 0 0 0 0 0 0 0 0 0 0 0 0 0 0 0 0
split_gain=0.00589758 0.0013202 0.00136705 0.00100552 0.000541808 0.000290676 0.000286544 0.000258788 0.00024051 0.000171337 0.000166107 0.000158469 0.000158456 0.000155212 0.000152253 0.000127141 0.000213343 0.000125224 0.000146468 0.000125626 0.000120631 0.000176366 0.000124128 0.000120344 0.000120049 0.000111316 0.000121766 0.000277405 0.000303314 0.000299235
threshold=-0.00084515841527540503 0.046204879040816556 0.0052305128332245888 -0.0073243711975200807 -0.00090423889314186366 -0.041057583575550255 -0.0030078749251793301 0.010344478406692762 0.0021205127434794188 -0.006990260617628352 -0.0061589658740905584 -0.00065709973606036377 -0.0028563024556434264 -0.0033079396304207726 -0.0014914617810069927 -0.011431649397759874 -0.011055501685961366 0.0022534084520796855 0.0021827998122470314 0.0025105642701259119 -0.011860397195859339 -0.01241668460002244 -0.014744358271977483 -0.0029279978062143963 -0.00097511174216158541 -0.0016134251911044878 -0.0020429331696519876 -0.0023734529641045278 -0.0023106087784343717 -0.0021678216366010977
decision_type=2 2 2 2 2 2 2 2 2 2 2 2 2 2 2 2 2 2 2 2 2 2 2 2 2 2 2 2 2 2
left_child=3 2 8 5 6 -1 9 -4 11 -5 -11 -2 23 -12 25 20 -17 18 -10 -19 21 22 -7 -8 -16 26 27 -14 -29 -30
right_child=1 -3 7 4 -6 15 12 -9 17 10 13 -13 14 -15 24 16 -18 19 -20 -21 -22 -23 -24 -25 -26 -27 -28 28 29 -31
leaf_value=4.9157579875706382e-06 7.8951506849620458e-05 -0.00033885729372622853 6.9554736710069446e-05 3.4251041109693389e-05 -0.00028235920978224148 -0.00012699025767124979 -5.2102876867613076e-06 0.0001199475841378009 2.8116390725093271e-05 -0.00011722248076694088 -4.3549113951257826e-05 1.0917342596759202e-06 -4.3804305012667586e-06 -0.00011221959708412517 3.3310302259457072e-05 4.1226788259033738e-05 -0.00011307998958586939 -1.53671263274191e-05 0.00020279951375717551 3.8739783955296353e-05 -0.00025468837120570245 -8.3734548752545379e-06 -0.00020545756382893567 0.00015653528617290053 -8.8808085448640087e-05 -0.00010955900108219003 1.0777157315359268e-05 -0.00026846088490540003 2.4718595586423563e-05 -0.00015562988448199696
leaf_weight=48 69 23 828 48 23 168 23 368 24 120 576 1236 161 96 161 24 336 120 24 1012 24 24 72 23 23 46 138 23 46 46
leaf_count=48 69 23 828 48 23 168 23 368 24 120 576 1236 161 96 161 24 336 120 24 1012 24 24 72 23 23 46 138 23 46 46
internal_value=6.03533e-13 3.87791e-05 4.11387e-05 -6.38675e-05 -4.14859e-05 -0.000113808 -3.7865e-05 8.50602e-05 1.99998e-05 -5.74762e-05 -6.30354e-05 5.20846e-06 -1.39904e-05 -5.33592e-05 -2.03942e-05 -0.000122602 -0.000102793 3.63581e-05 0.000115458 3.30041e-05 -0.000147364 -0.000137607 -0.00015053 7.56625e-05 1.80455e-05 -3.57701e-05 -2.75713e-05 -4.67455e-05 -0.000106057 -6.54556e-05
internal_weight=5953 3704 3681 2249 1553 696 1530 1196 2485 840 792 1305 690 672 644 648 360 1180 48 1132 288 264 240 46 184 460 414 276 115 92
internal_count=5953 3704 3681 2249 1553 696 1530 1196 2485 840 792 1305 690 672 644 648 360 1180 48 1132 288 264 240 46 184 460 414 276 115 92
is_linear=0
shrinkage=0.05


Tree=29
num_leaves=31
num_cat=0
split_feature=0 0 0 0 0 0 0 0 0 0 0 0 0 0 0 0 0 0 0 0 0 0 0 0 0 0 0 0 0 0
split_gain=0.00532257 0.00119148 0.00124866 0.000907483 0.000488981 0.000392924 0.000266918 0.000258606 0.000227747 0.000186748 0.000154632 0.000149912 0.000149845 0.000192542 0.000143007 0.000140079 0.000137408 0.00012766 0.000124115 0.000123823 0.000110565 0.00010861 0.000108344 0.000104432 0.000335714 0.000324878 0.000275408 0.00041215 0.000148027 0.000126765
threshold=-0.00084515841527540503 0.046204879040816556 0.0072762817437040887 -0.0073243711975200807 -0.00090423889314186366 0.0030829115671654477 -0.031965569042257135 -0.0030078749251793301 0.0031414737074156002 0.007186664679583738 -0.006990260617628352 -0.0061589658740905584 -0.011431649397759874 -0.011055501685961366 -0.0028563024556434264 -0.0033079396304207726 -0.0014914617810069927 0.0033884638574101299 0.0034460593410293168 -0.00065709973606036377 0.0032080433903018475 -0.0029279978062143963 -0.00097511174216158541 -0.0042428440131381398 -0.0040419387176810736 -0.0038714621955656691 -0.0035976423254494368 -0.0034946426188443634 -0.0043218991557717685 -0.0041335871280671855
decision_type=2 2 2 2 2 2 2 2 2 2 2 2 2 2 2 2 2 2 2 2 2 2 2 2 2 2 2 2 2 2
left_child=3 2 5 6 7 19 -1 10 -7 17 -5 -12 -8 -14 21 23 -16 20 -19 -2 -10 -9 -18 28 29 -26 -27 -28 -13 -25
right_child=1 -3 -4 4 -6 8 12 14 9 -11 11 15 13 -15 16 -17 22 18 -20 -21 -22 -23 -24 24 25 26 27 -29 -30 -31
leaf_value=-1.6962445564179995e-05 7.5003926779744148e-05 -0.00032191444163048725 9.8496781668971738e-05 3.2538486434911346e-05 -0.0002682412536713578 0.00020212878698657735 -0.00014724735383148956 -4.9497714549626991e-06 9.3996718667609539e-05 -9.7809005123765573e-05 -0.00011136135930560917 -4.9293919080571954e-05 3.9165428946337971e-05 -0.00010742599086700552 -3.3981571339846479e-05 -0.00010660861831676509 3.1644778942418329e-05 0.0001662633179322533 4.8857802379972791e-05 6.6433728485950758e-06 -2.8569119505213485e-05 0.00014870851813137288 -8.4367685359092843e-05 2.147586977419754e-05 -0.00015714297564196994 8.9540700385744776e-05 -0.00023425696102397829 1.9511434038577137e-05 -0.00017782749697895878 0.00018398532702121884
leaf_weight=72 69 23 713 48 23 23 264 23 23 23 120 336 24 336 460 96 161 23 1058 1657 92 23 23 24 48 48 24 48 24 24
leaf_count=72 69 23 713 48 23 23 264 23 23 23 120 336 24 336 460 96 161 23 1058 1657 92 23 23 24 48 48 24 48 24 24
internal_value=-3.1339e-13 3.68402e-05 3.90818e-05 -6.06741e-05 -3.94116e-05 2.48086e-05 -0.000108117 -3.59717e-05 4.62549e-05 4.33138e-05 -5.46024e-05 -5.98837e-05 -0.000118635 -9.76532e-05 -1.32909e-05 -5.06912e-05 -1.93745e-05 4.60277e-05 5.13558e-05 9.37621e-06 -4.05595e-06 7.18794e-05 1.71432e-05 -4.13717e-05 -1.38864e-05 -4.72055e-05 -3.23054e-06 -6.5078e-05 -5.78628e-05 0.000102731
internal_weight=5953 3704 3681 2249 1553 2968 696 1530 1242 1219 840 792 624 360 690 672 644 1196 1081 1726 115 46 184 576 216 168 120 72 360 48
internal_count=5953 3704 3681 2249 1553 2968 696 1530 1242 1219 840 792 624 360 690 672 644 1196 1081 1726 115 46 184 576 216 168 120 72 360 48
is_linear=0
shrinkage=0.05


Tree=30
num_leaves=31
num_cat=0
split_feature=0 0 0 0 0 0 0 0 0 0 0 0 0 0 0 0 0 0 0 0 0 0 0 0 0 0 0 0 0 0
split_gain=0.00480362 0.00107531 0.00112806 0.000826591 0.000433187 0.00027567 0.000268889 0.000222741 0.000200054 0.000139373 0.00050515 0.000421793 0.000174451 0.000230082 0.000481808 0.000660082 0.000129064 0.000124011 0.000121659 0.000117154 0.000132187 0.000106472 0.000104216 0.000129076 0.000223809 0.000102565 0.000100463 0.000109894 0.000250358 0.000273741
threshold=-0.00084515841527540503 0.046204879040816556 0.0052305128332245888 -0.0082134807213181931 -0.00090423889314186366 -0.031965569042257135 -0.0030078749251793301 0.012434112528229091 0.0021205127434794188 -0.00047080791346445079 -0.00035314206361493247 -0.00031255517857436922 -0.000162869263940615 0.0002435901031547042 0.00041126910178810976 0.00036662862087073848 -0.0028563024556434264 -0.0014914617810069927 0.037925976458710924 0.0022534084520796855 0.0021827998122470314 0.0025105642701259119 0.0027107652337801562 0.0030829115671654477 0.0031414737074156002 0.00013204638075740274 -0.0016134251911044878 -0.0020429331696519876 -0.0023734529641045278 -0.0023106087784343717
decision_type=2 2 2 2 2 2 2 2 2 2 2 2 2 2 2 2 2 2 2 2 2 2 2 2 2 2 2 2 2 2
left_child=3 2 8 5 6 -1 -5 -4 9 -2 -11 -12 -13 25 15 -15 -8 26 -9 20 -10 -21 -23 -24 -25 -14 27 28 -18 -30
right_child=1 -3 7 4 -6 -7 16 18 19 10 11 12 13 14 -16 -17 17 -19 -20 21 -22 22 23 24 -26 -27 -28 -29 29 -31
leaf_value=-1.61143022220737e-05 4.7991763334359794e-05 -0.00030581870941323759 6.5849158091003246e-05 -5.3765395545839115e-05 -0.0002548291836359093 -0.0001204078582776619 6.8285409709104629e-05 0.00012964817267540796 2.6378408923240688e-05 -0.00016402121848090167 0.00021697066878677225 -9.4691694447567937e-05 3.3684541061967709e-05 -2.2286260506613568e-05 5.7572437938945613e-06 -0.00034343695685189841 -2.4623285273309823e-06 1.6286063425651344e-05 9.040762328684492e-06 -1.4930933351327745e-05 0.00019232736170427718 8.5620283892279514e-05 -1.0857026845430782e-05 0.00019202235185809477 3.3632627747507465e-05 0.00012048033146735786 -0.00010238197213291878 1.1937375337225419e-05 -0.00025333877087098741 -6.0483778788298163e-05
leaf_weight=72 161 23 943 936 23 528 46 230 24 46 23 46 117 48 792 24 161 184 23 120 24 92 161 23 736 48 46 138 23 92
leaf_count=72 161 23 943 936 23 528 46 230 24 46 23 46 117 48 792 24 161 184 23 120 24 92 161 23 736 48 46 138 23 92
internal_value=2.4688e-13 3.49982e-05 3.71277e-05 -5.76404e-05 -3.93558e-05 -0.000107893 -3.63079e-05 7.70257e-05 1.79253e-05 4.43514e-06 -1.69477e-06 5.1058e-06 5.72873e-07 4.83154e-06 -5.50057e-06 -0.000129336 -1.26264e-05 -1.84058e-05 0.000118684 3.28444e-05 0.000109353 2.96003e-05 3.48806e-05 2.98067e-05 3.84323e-05 5.89342e-05 -3.22825e-05 -2.44937e-05 -4.27092e-05 -9.90548e-05
internal_weight=5953 3704 3681 2249 1649 600 1626 1196 2485 1305 1144 1098 1075 1029 864 72 690 644 253 1180 48 1132 1012 920 759 165 460 414 276 115
internal_count=5953 3704 3681 2249 1649 600 1626 1196 2485 1305 1144 1098 1075 1029 864 72 690 644 253 1180 48 1132 1012 920 759 165 460 414 276 115
is_linear=0
shrinkage=0.05


Tree=31
num_leaves=31
num_cat=0
split_feature=0 0 0 0 0 0 0 0 0 0 0 0 0 0 0 0 0 0 0 0 0 0 0 0 0 0 0 0 0 0
split_gain=0.00433526 0.000970471 0.00103413 0.000747362 0.000419529 0.000315104 0.000206216 0.000186181 0.000176704 0.000262374 0.000234556 0.000251868 0.000174446 0.000152299 0.000118037 0.000113554 0.000202732 0.000118074 0.000311435 0.000120437 0.000104855 0.000101061 0.000148879 0.000139696 9.97847e-05 9.77806e-05 9.77708e-05 9.40682e-05 0.00023467 0.000117677
threshold=-0.00084515841527540503 0.046204879040816556 0.0072762817437040887 -0.0057059410177613791 -0.00090423889314186366 0.0030829115671654477 -0.050161956975202614 0.0031414737074156002 -0.0092284920864327252 -0.00957397570292093 -0.0058656100349734073 -0.0059894136610153222 0.00704907535732962 -0.0014914617810069927 0.0033884638574101299 0.0034930435118120475 0.0036187552532875268 0.0038758061320144379 0.0039398756813141108 0.0037412106850754057 -0.00065709973606036377 -0.011431649397759874 -0.011055501685961366 -0.027323983957631862 0.0032080433903018475 -0.00097511174216158541 -0.00072027814341748045 0.00077244483763002725 0.00062509647156369869 0.0010279278069603649
decision_type=2 2 2 2 2 2 2 2 2 2 2 2 2 2 2 2 2 2 2 2 2 2 2 2 2 2 2 2 2 2
left_child=3 2 5 6 13 20 -1 -7 9 21 11 -10 14 -5 24 -16 -17 19 -19 -18 26 23 -23 -8 -9 -15 -2 28 -22 -29
right_child=1 -3 -4 4 -6 7 8 12 10 -11 -12 -13 -14 25 15 16 17 18 -20 -21 27 22 -24 -25 -26 -27 -28 29 -30 -31
leaf_value=5.577607080340386e-05 2.6768404511486832e-05 -0.0002905277879503758 8.9342100322551915e-05 -3.365603257065113e-05 -0.00024208773494414665 0.00018242123567134791 -6.0009820339877883e-05 8.7615244118079206e-05 -7.0389595893975229e-05 -0.00027471646171761677 -0.00022141036218575514 9.6571455166364717e-05 -5.668610650426e-05 2.9248245617461366e-05 0.00012463458899773011 -5.824268743669128e-05 4.5865372806514171e-05 -0.00013802824023118973 4.8429602234580367e-05 0.0001602813010875885 1.6855017668570293e-06 4.3227555822037787e-05 -9.3190432053233963e-05 -0.00013941829307744533 -2.8822285664476943e-05 -8.0963608153346615e-05 0.00015302563010861735 6.1648335201690925e-05 -9.4411804719938012e-05 9.020764498780262e-06
leaf_weight=24 46 23 713 1106 23 23 72 23 384 24 24 24 46 161 46 46 46 23 851 46 540 24 120 240 92 23 23 120 72 925
leaf_count=24 46 23 713 1106 23 23 72 23 384 24 24 24 46 161 46 46 46 23 851 46 540 24 120 240 92 23 23 120 72 925
internal_value=1.00045e-12 3.32483e-05 3.52713e-05 -5.47584e-05 -3.04225e-05 2.22819e-05 -8.88961e-05 4.14874e-05 -9.27033e-05 -0.000113583 -6.9504e-05 -6.05684e-05 3.88283e-05 -2.66487e-05 4.25739e-05 4.78031e-05 4.43108e-05 4.91943e-05 4.35228e-05 0.000103073 8.46203e-06 -0.000105102 -7.04541e-05 -0.000121093 -5.53478e-06 1.54718e-05 6.88541e-05 5.94721e-06 -9.62006e-06 1.50641e-05
internal_weight=5953 3704 3681 2249 1313 2968 936 1242 912 480 432 408 1219 1290 1173 1058 1012 966 874 92 1726 456 144 312 115 184 69 1657 612 1045
internal_count=5953 3704 3681 2249 1313 2968 936 1242 912 480 432 408 1219 1290 1173 1058 1012 966 874 92 1726 456 144 312 115 184 69 1657 612 1045
is_linear=0
shrinkage=0.05


Tree=32
num_leaves=31
num_cat=0
split_feature=0 0 0 0 0 0 0 0 0 0 0 0 0 0 0 0 0 0 0 0 0 0 0 0 0 0 0 0 0 0
split_gain=0.00391257 0.00087585 0.000933306 0.00067713 0.000353005 0.000285527 0.000226902 0.00022687 0.000157759 0.000118474 0.000107306 0.000468353 0.000373037 0.000164763 0.000187689 0.000456476 0.000595724 0.000109613 0.00010032 9.92089e-05 0.000137885 0.000302982 0.000293203 0.000248556 0.000371965 0.000119479 0.000114405 9.80206e-05 9.29727e-05 0.000139436
threshold=-0.00084515841527540503 0.046204879040816556 0.0072762817437040887 -0.0082134807213181931 -0.00090423889314186366 0.0025105642701259119 -0.031965569042257135 -0.0030078749251793301 0.007186664679583738 -0.0028563024556434264 -0.00047080791346445079 -0.00035314206361493247 -0.00031255517857436922 -0.000162869263940615 0.0002435901031547042 0.00041126910178810976 0.00036662862087073848 0.002455247004665716 -0.0014914617810069927 -0.0033079396304207726 -0.0042428440131381398 -0.0040419387176810736 -0.0038714621955656691 -0.0035976423254494368 -0.0034946426188443634 -0.0043218991557717685 -0.0041335871280671855 -0.0029279978062143963 0.013471226725432842 0.014341752624165545
decision_type=2 2 2 2 2 2 2 2 2 2 2 2 2 2 2 2 2 2 2 2 2 2 2 2 2 2 2 2 2 2
left_child=3 2 5 6 7 10 -1 19 -7 27 -2 -12 -13 -14 -15 16 -16 -17 -11 20 25 26 -23 -24 -25 -5 -22 -9 -4 -30
right_child=1 -3 28 4 -6 8 -8 9 -10 18 11 12 13 14 15 17 -18 -19 -20 -21 21 22 23 24 -26 -27 -28 -29 29 -31
leaf_value=-1.4237866909954593e-05 4.4068570525088258e-05 -0.00027600139247901419 7.3326822794223131e-05 -5.0795188660534525e-05 -0.00022998334151571212 3.8591819129955553e-05 -0.00010885748229238709 -6.4337646345729411e-06 -9.3376710403548645e-05 -2.8985566893978735e-05 -0.00015590444219687135 0.00020603785381789077 -9.0041401215231693e-05 5.5903236154721751e-05 -2.1256220831370837e-05 1.0283446366258401e-05 -0.00032634938130892506 -9.7932714205247362e-05 1.4698173807628138e-05 -9.6907118010373472e-05 2.4773148470558227e-05 -0.00014491475623117369 8.9434739963204871e-05 -0.00021817303301456073 2.2906925035689107e-05 -0.00016456506158040916 0.00017915713251568378 0.00013954162894388783 0.00022917297699124272 9.8595189268488185e-05
leaf_weight=72 161 23 506 600 23 1472 528 23 23 460 46 23 46 165 48 936 24 24 184 96 24 48 48 24 48 24 24 23 23 184
leaf_count=72 161 23 506 600 23 1472 528 23 23 460 46 23 46 165 48 936 24 24 184 96 24 48 48 24 48 24 24 23 23 184
internal_value=-4.49316e-13 3.15859e-05 3.35078e-05 -5.20205e-05 -3.54713e-05 2.11678e-05 -9.75031e-05 -3.27199e-05 3.65615e-05 -1.09673e-05 5.54424e-06 8.16793e-07 6.51125e-06 2.81928e-06 6.38786e-06 -1.52884e-06 -0.000122954 7.57804e-06 -1.65045e-05 -4.87554e-05 -4.32524e-05 -8.82099e-06 -4.04742e-05 1.30206e-06 -5.74531e-05 -5.5171e-05 0.000101965 6.65539e-05 8.4875e-05 0.000113104
internal_weight=5953 3704 3681 2249 1649 2968 600 1626 1495 690 1473 1312 1266 1243 1197 1032 72 960 644 936 840 216 168 120 72 624 48 46 713 207
internal_count=5953 3704 3681 2249 1649 2968 600 1626 1495 690 1473 1312 1266 1243 1197 1032 72 960 644 936 840 216 168 120 72 624 48 46 713 207
is_linear=0
shrinkage=0.05


Tree=33
num_leaves=31
num_cat=0
split_feature=0 0 0 0 0 0 0 0 0 0 0 0 0 0 0 0 0 0 0 0 0 0 0 0 0 0 0 0 0 0
split_gain=0.00354011 0.000881811 0.000917742 0.000443853 0.000311086 0.000214116 0.000189566 0.000155787 0.000127942 0.00011414 0.000110986 0.000116512 0.000110174 0.000443411 0.000138234 0.000133701 0.000191207 0.000111636 0.000109804 0.000172809 0.000118545 0.000274086 0.000108695 9.63098e-05 9.98464e-05 0.000120618 0.000114181 9.37239e-05 0.000204637 0.000118869
threshold=-0.0020429331696519876 0.0033884638574101299 0.046204879040816556 -0.0082134807213181931 0.007776959479531248 -0.050161956975202614 -0.0021678216366010977 -0.0030078749251793301 -0.0021144916596704116 0.0080992043414310679 0.012940968014126194 0.030803742181755533 -0.0023734529641045278 -0.0023106087784343717 -0.0024846611764242489 -0.0027684927753667743 -0.0027023007013469232 -0.0024359535633138112 0.0034930435118120475 0.0036187552532875268 0.0038758061320144379 0.0039859300302273453 0.0037412106850754057 0.0014859408838954712 0.0013032371064385356 0.001336628976900265 0.0011850831211700596 0.0032080433903018475 0.0030829115671654477 0.0028840650084086725
decision_type=2 2 2 2 2 2 2 2 2 2 2 2 2 2 2 2 2 2 2 2 2 2 2 2 2 2 2 2 2 2
left_child=3 23 4 5 18 -1 7 -5 -8 -6 -11 -12 14 -14 15 -9 -17 -16 -3 -20 22 -22 -21 24 26 -26 -2 28 29 -25
right_child=1 2 -4 6 9 -7 8 12 -10 10 11 -13 13 -15 17 16 -18 -19 19 20 21 -23 -24 27 25 -27 -28 -29 -30 -31
leaf_value=5.3699185082223272e-05 -2.2738837921133673e-06 0.00011647326502260631 -0.00026220131220053072 -4.631766764614207e-05 0.00016012958538972865 -9.8724937347248619e-05 -0.0002233800549299264 4.5439659969407083e-05 -5.6606022965001028e-05 6.0343185711341604e-05 0.00012297661720051269 3.4009078302440926e-05 -0.00023753974756286685 3.1338011341058122e-05 0.00016899996502932324 -0.00017148327024187895 -5.0164199859389791e-06 1.3216166584954962e-05 -5.7260142848067716e-05 4.1642507099111202e-05 -8.25335935350386e-05 4.2387681694402789e-05 0.00015033764471888351 2.5416995989756817e-05 -0.0001492974143426788 -1.9866122854889709e-05 7.629288791880148e-05 -2.9310764960863037e-05 0.00012633774355455662 -3.5507416064122124e-05
leaf_weight=24 1264 46 23 936 46 576 23 69 23 345 184 46 23 46 23 23 69 23 46 46 46 966 46 617 24 72 48 92 46 92
leaf_count=24 1264 46 23 936 46 576 23 69 23 345 184 46 23 46 23 23 69 23 46 46 46 966 46 617 24 72 48 92 46 92
internal_value=8.59081e-13 2.59721e-05 5.1658e-05 -5.7242e-05 5.56309e-05 -9.2628e-05 -4.03647e-05 -3.65835e-05 -0.000139993 8.43422e-05 7.82792e-05 0.000105183 -3.57176e-06 -5.82879e-05 1.4667e-05 -7.17336e-06 -4.66331e-05 9.11081e-05 4.07231e-05 3.76931e-05 4.16495e-05 3.67094e-05 9.59901e-05 5.01327e-06 -3.00116e-06 -5.22239e-05 6.0051e-07 1.8336e-05 2.41419e-05 1.75114e-05
internal_weight=5953 4095 1840 1858 1817 600 1258 1212 46 621 575 230 276 69 207 161 92 46 1196 1150 1104 1012 92 2255 1408 96 1312 847 755 709
internal_count=5953 4095 1840 1858 1817 600 1258 1212 46 621 575 230 276 69 207 161 92 46 1196 1150 1104 1012 92 2255 1408 96 1312 847 755 709
is_linear=0
shrinkage=0.05


Tree=34
num_leaves=31
num_cat=0
split_feature=0 0 0 0 0 0 0 0 0 0 0 0 0 0 0 0 0 0 0 0 0 0 0 0 0 0 0 0 0 0
split_gain=0.0031986 0.000713656 0.000774105 0.000561091 0.000346713 0.000163627 0.00028434 0.000163751 0.000154232 0.000135108 0.000119131 0.000235331 0.000114964 0.000112585 0.000119299 0.000109902 0.000407821 0.00034598 0.000146549 0.000135778 0.000386443 0.000537641 0.000128476 9.86745e-05 0.000187371 0.000102097 9.39886e-05 0.000134363 0.000116488 0.000149168
threshold=-0.00084515841527540503 0.046204879040816556 0.0052305128332245888 -0.0057059410177613791 -0.00090423889314186366 -0.0058656100349734073 -0.0059894136610153222 -0.050161956975202614 0.010572379022454311 0.0021205127434794188 -0.0092284920864327252 -0.00957397570292093 -0.0014914617810069927 0.0022534084520796855 0.0021827998122470314 -0.00047080791346445079 -0.00035314206361493247 -0.00031255517857436922 -0.00022876870682006855 0.0002435901031547042 0.00041126910178810976 0.00036662862087073848 0.00013204638075740274 0.011369417766440045 0.012434112528229091 0.037925976458710924 -0.011431649397759874 -0.011055501685961366 -0.011860397195859339 -0.01241668460002244
decision_type=2 2 2 2 2 2 2 2 2 2 2 2 2 2 2 2 2 2 2 2 2 2 2 2 2 2 2 2 2 2
left_child=3 2 9 5 12 6 7 -1 -4 15 11 26 -5 14 -11 -2 -17 -18 -19 22 21 -21 -20 -10 -25 -26 28 -28 29 -9
right_child=1 -3 8 4 -6 -7 -8 10 23 13 -12 -13 -14 -15 -16 16 17 18 19 20 -22 -23 -24 24 25 -27 27 -29 -30 -31
leaf_value=5.1014218964458757e-05 4.1978833649420651e-05 -0.00024909124324989061 5.1912330978093586e-05 -2.860640249961246e-05 -0.00021837048571678283 -0.0002054842043435201 9.6598511299816897e-05 -0.00010741745152314032 0.00015971873407302751 2.2823427207185888e-05 -6.0633600588507387e-05 -0.00025060152232375308 1.4076959570769284e-05 2.3466984320512243e-05 0.00018047495045721008 -0.00014799552417294446 0.00019584965389778678 -0.00012499146206486645 1.6897630173389187e-05 -2.0079708883713467e-05 4.2949528841460845e-06 -0.00030991821719605168 0.00011169056679136702 -1.1769064250351538e-05 0.00010797786417016467 -2.5086869478083989e-06 5.1445294108513429e-05 -7.8151795363131304e-05 -0.00021122116983557739 2.2778016227675837e-05
leaf_weight=24 161 23 851 1106 23 24 24 264 46 24 384 24 184 1132 24 46 23 23 140 48 792 24 48 46 230 23 24 120 24 24
leaf_count=24 161 23 851 1106 23 24 24 264 46 24 384 24 184 1132 24 46 23 23 140 48 792 24 48 46 230 23 24 120 24 24
internal_value=-6.99968e-15 2.85589e-05 3.02937e-05 -4.70352e-05 -2.5949e-05 -7.66143e-05 -7.3223e-05 -7.78128e-05 6.33447e-05 1.43867e-05 -8.13913e-05 -9.79975e-05 -2.25182e-05 2.66473e-05 0.000101649 3.30045e-06 -2.14292e-06 3.96748e-06 -1.37906e-07 2.59178e-06 -5.78734e-06 -0.000116693 4.11001e-05 9.15446e-05 8.10563e-05 9.79336e-05 -8.99657e-05 -5.65523e-05 -0.000105387 -9.65678e-05
internal_weight=5953 3704 3681 2249 1313 936 912 888 1196 2485 864 480 1290 1180 48 1305 1144 1098 1075 1052 864 72 188 345 299 253 456 144 312 288
internal_count=5953 3704 3681 2249 1313 936 912 888 1196 2485 864 480 1290 1180 48 1305 1144 1098 1075 1052 864 72 188 345 299 253 456 144 312 288
is_linear=0
shrinkage=0.05


Tree=35
num_leaves=31
num_cat=0
split_feature=0 0 0 0 0 0 0 0 0 0 0 0 0 0 0 0 0 0 0 0 0 0 0 0 0 0 0 0 0 0
split_gain=0.00289232 0.000725614 0.000748324 0.000361916 0.000256383 0.000185536 0.000172591 0.000136754 0.000115468 0.000106185 0.000102006 9.9432e-05 0.000400178 0.000124757 0.000120665 0.000172565 0.000100751 9.68794e-05 0.000155124 0.000126267 0.000309424 0.000229503 9.17376e-05 0.000119747 0.000273441 0.000264615 0.000231381 0.000117173 0.000269827 0.000109577
threshold=-0.0020429331696519876 0.0033884638574101299 0.046204879040816556 -0.0082134807213181931 0.007776959479531248 -0.031965569042257135 -0.0021678216366010977 -0.0030078749251793301 -0.0021144916596704116 0.0080992043414310679 0.0034460593410293168 -0.0023734529641045278 -0.0023106087784343717 -0.0024846611764242489 -0.0027684927753667743 -0.0027023007013469232 -0.0024359535633138112 0.010147383968335201 0.0097591273249414082 0.0094889458289314239 0.0091487169768551205 0.0086018910567939606 -0.0033079396304207726 -0.0042428440131381398 -0.0040419387176810736 -0.0038714621955656691 -0.0037152489831321091 -0.0034946426188443634 -0.0035976423254494368 -0.0043218991557717685
decision_type=2 2 2 2 2 2 2 2 2 2 2 2 2 2 2 2 2 2 2 2 2 2 2 2 2 2 2 2 2 2
left_child=3 -2 4 5 10 -1 7 22 -8 -6 -3 13 -13 14 -9 -16 -15 18 19 20 21 -11 23 29 -25 -26 -27 28 -28 -5
right_child=1 2 -4 6 9 -7 8 11 -10 17 -12 12 -14 16 15 -17 -18 -19 -20 -21 -22 -23 -24 24 25 26 27 -29 -30 -31
leaf_value=-8.3997795122235809e-06 4.463671501635666e-06 0.0001411101933310578 -0.00023663669632261863 -4.3637229572899139e-05 0.00014952749349860192 -9.396097870156459e-05 -0.00021078073560088146 4.4597984394741895e-05 -5.2345396271329777e-05 1.5748014396629751e-05 3.4785116186754716e-05 -0.00022423244565446945 3.1201429026069772e-05 0.00016198029827690967 -0.00016147880466988959 -3.3352847136827052e-06 1.3985685781454264e-05 8.4659619114461145e-05 -8.0801944663424214e-05 0.00016647691043782171 -0.00012747649056425711 0.00015992952644212536 -8.8315553106591937e-05 0.00010061309221782723 -0.00013392281225605985 0.00014384181161706996 3.357660583181617e-05 2.5507776202478755e-05 -0.00020351818602648564 -0.00015259059908127409
leaf_weight=72 2255 23 23 600 46 528 23 69 23 69 1173 23 46 23 23 69 23 391 23 23 23 46 96 48 48 24 24 48 24 24
leaf_count=72 2255 23 23 600 46 528 23 69 23 69 1173 23 46 23 23 69 23 391 23 23 23 46 96 48 48 24 24 48 24 24
internal_value=-1.889e-13 2.34758e-05 4.67761e-05 -5.17403e-05 5.03636e-05 -8.36936e-05 -3.65003e-05 -3.28923e-05 -0.000131563 7.64285e-05 3.68298e-05 -1.96286e-06 -5.39432e-05 1.53639e-05 -5.38439e-06 -4.28712e-05 8.7983e-05 7.05806e-05 4.06627e-05 5.80148e-05 3.99378e-05 7.34206e-05 -4.20125e-05 -3.67207e-05 -4.63374e-06 -3.47043e-05 4.98316e-06 -2.97315e-05 -8.49708e-05 -4.78277e-05
internal_weight=5953 4095 1840 1858 1817 600 1258 1212 46 621 1196 276 69 207 161 92 46 575 184 161 138 115 936 840 216 168 120 96 48 624
internal_count=5953 4095 1840 1858 1817 600 1258 1212 46 621 1196 276 69 207 161 92 46 575 184 161 138 115 936 840 216 168 120 96 48 624
is_linear=0
shrinkage=0.05


Tree=36
num_leaves=31
num_cat=0
split_feature=0 0 0 0 0 0 0 0 0 0 0 0 0 0 0 0 0 0 0 0 0 0 0 0 0 0 0 0 0 0
split_gain=0.00262196 0.000581659 0.000634985 0.000458305 0.000320691 0.000134838 0.000129144 0.00012221 0.000120632 0.000211135 0.000112224 0.000104196 0.000107668 0.000102877 0.000199332 0.000112739 0.000101532 9.91869e-05 0.000368059 0.000312247 0.00013226 0.000122539 0.000348764 0.000485221 0.00011595 8.72486e-05 0.000121263 0.000107206 8.51347e-05 0.000137987
threshold=-0.00084515841527540503 0.046204879040816556 0.0052305128332245888 -0.0054481196936981341 -0.00090423889314186366 -0.050161956975202614 0.013471226725432842 0.014341752624165545 -0.0092284920864327252 -0.00957397570292093 0.0021205127434794188 0.0022534084520796855 0.0021827998122470314 -0.0050608455083966082 -0.0046926363438754707 -0.0052288518901749846 -0.004954723710388219 -0.00047080791346445079 -0.00035314206361493247 -0.00031255517857436922 -0.00022876870682006855 0.0002435901031547042 0.00041126910178810976 0.00036662862087073848 0.00013204638075740274 -0.011431649397759874 -0.011055501685961366 -0.027323983957631862 -0.0089603765977270908 -0.008675775959136196
decision_type=2 2 2 2 2 2 2 2 2 2 2 2 2 2 2 2 2 2 2 2 2 2 2 2 2 2 2 2 2 2
left_child=3 2 10 5 13 -1 -4 -8 9 25 17 12 -12 15 16 -5 -15 -2 -19 -20 -21 24 23 -23 -22 27 -27 -7 -10 -30
right_child=1 -3 6 4 -6 8 7 -9 28 -11 11 -13 -14 14 -16 -17 -18 18 19 20 21 22 -24 -25 -26 26 -28 -29 29 -31
leaf_value=4.8883502313401553e-05 3.9656709405953849e-05 -0.00022480486406256325 4.9840392386780902e-05 -5.4844273108756175e-06 -0.0002076751433576093 -4.2567322412247048e-05 0.00020193362927428731 7.968737468020308e-05 3.8407565140611649e-05 -0.00023337341093186603 2.1459080016938969e-05 2.1130738732785494e-05 0.00017122801630762297 -1.944632676895708e-05 -1.7537067119399528e-05 0.0001272390652350926 -0.00014540000098956323 -0.0001408189277635361 0.00018583398727376176 -0.00011896506611779131 1.5829567149369593e-05 -1.9298916019276172e-05 3.8570223050569439e-06 -0.00029464548291192237 0.00010588286142289387 5.3571096820329937e-05 -6.9546159732756984e-05 -0.00011213129087688382 -0.00017490256941528061 -5.1727009072153491e-05
leaf_weight=24 161 23 989 48 23 72 23 184 24 24 24 1132 24 24 1098 24 48 46 23 23 140 48 792 24 48 24 120 240 24 432
leaf_count=24 161 23 989 48 23 72 23 184 24 24 24 1132 24 24 1098 24 48 46 23 23 140 48 792 24 48 24 120 240 24 432
internal_value=1.04521e-12 2.58568e-05 2.7423e-05 -4.25849e-05 -2.2678e-05 -6.81767e-05 5.73571e-05 9.32703e-05 -7.11032e-05 -8.88274e-05 1.30161e-05 2.41902e-05 9.63435e-05 -1.92521e-05 -2.28219e-05 3.87567e-05 -0.000103415 2.91225e-06 -2.25896e-06 3.54592e-06 -3.54193e-07 2.23901e-06 -5.72115e-06 -0.000111081 3.88219e-05 -8.12197e-05 -4.90266e-05 -9.60781e-05 -5.33791e-05 -5.82099e-05
internal_weight=5953 3704 3681 2249 1265 984 1196 207 960 480 2485 1180 48 1242 1170 72 72 1305 1144 1098 1075 1052 864 72 188 456 144 312 480 456
internal_count=5953 3704 3681 2249 1265 984 1196 207 960 480 2485 1180 48 1242 1170 72 72 1305 1144 1098 1075 1052 864 72 188 456 144 312 480 456
is_linear=0
shrinkage=0.05


Tree=37
num_leaves=31
num_cat=0
split_feature=0 0 0 0 0 0 0 0 0 0 0 0 0 0 0 0 0 0 0 0 0 0 0 0 0 0 0 0 0 0
split_gain=0.00237427 0.000596653 0.000615511 0.00029188 0.000197894 0.000157862 0.000152608 0.000118189 0.000113246 0.000247609 0.00010421 9.86488e-05 0.000101433 9.80969e-05 9.78403e-05 9.35159e-05 0.000108857 0.000100374 8.97374e-05 0.000361161 0.000112593 0.000109742 9.09278e-05 8.84635e-05 8.65942e-05 0.000155734 8.589e-05 0.000101728 0.000246781 0.000238815
threshold=-0.0020429331696519876 0.0036187552532875268 0.046204879040816556 -0.0082134807213181931 0.007776959479531248 -0.0021678216366010977 -0.041057583575550255 -0.0030078749251793301 0.0038758061320144379 0.0039398756813141108 -0.0021144916596704116 0.003540546764762276 0.0014859408838954712 0.0037412106850754057 0.0080992043414310679 0.0013032371064385356 0.001336628976900265 0.0011850831211700596 -0.0023734529641045278 -0.0023106087784343717 -0.0024846611764242489 -0.0028563024556434264 -0.0024359535633138112 -0.0029279978062143963 0.0076473147461918961 0.0075114621539750922 -0.0033079396304207726 -0.0042428440131381398 -0.0040419387176810736 -0.0038714621955656691
decision_type=2 2 2 2 2 2 2 2 2 2 2 2 2 2 2 2 2 2 2 2 2 2 2 2 2 2 2 2 2 2
left_child=3 11 4 6 8 7 -1 26 13 -10 -7 12 15 -3 -6 17 -17 -2 20 -20 21 23 -22 -9 25 -11 27 -5 -29 -30
right_child=1 2 -4 5 14 10 -8 18 9 24 -12 -13 -14 -15 -16 16 -18 -19 19 -21 22 -23 -24 -25 -26 -27 -28 28 29 -31
leaf_value=9.9393177758126227e-06 -1.8161188569066931e-06 3.5591239230207657e-05 -0.00021356460714267323 -4.3336819796061324e-05 0.00013955909848648487 -0.00019936484848427505 -8.3009636027188969e-05 -8.3067749232134748e-06 -0.00013289888346385535 3.2200337503340376e-05 -4.8851278006623036e-05 -9.8243006188726155e-05 1.8769336351348564e-05 0.00013885162092186005 6.3777818624183289e-05 -0.00014246332781719199 -1.9503603635308133e-05 7.1847460435492391e-05 -0.00021214397129369901 3.0518210785331858e-05 0.00015475812530064067 -3.0346244539427774e-05 1.4163255590297607e-05 0.00013036984071178545 -6.2830091654019355e-05 0.00016388378835867828 -8.3022931341740036e-05 9.6459282819220482e-05 -0.00012634982385861804 5.6108553447605421e-06
leaf_weight=48 1264 46 23 624 46 23 552 23 23 943 23 23 916 46 575 24 72 48 23 46 23 115 23 23 23 23 96 48 48 120
leaf_count=48 1264 46 23 624 46 23 552 23 23 943 23 23 916 46 575 24 72 48 23 46 23 115 23 23 23 23 96 48 48 120
internal_value=6.34795e-13 2.12698e-05 4.33849e-05 -4.68782e-05 4.68109e-05 -3.31919e-05 -7.55737e-05 -2.97413e-05 3.41095e-05 2.92811e-05 -0.000124108 4.79883e-06 5.8186e-06 8.72214e-05 6.93912e-05 -2.60673e-06 -5.02435e-05 8.7889e-07 -9.8786e-07 -5.03692e-05 1.54726e-05 -4.23831e-06 8.44607e-05 6.10315e-05 3.30527e-05 3.53357e-05 -3.82199e-05 -3.30995e-05 -3.5252e-06 -3.20922e-05
internal_weight=5953 4095 1748 1858 1725 1258 600 1212 1104 1012 46 2347 2324 92 621 1408 96 1312 276 69 207 161 46 46 989 966 936 840 216 168
internal_count=5953 4095 1748 1858 1725 1258 600 1212 1104 1012 46 2347 2324 92 621 1408 96 1312 276 69 207 161 46 46 989 966 936 840 216 168
is_linear=0
shrinkage=0.05


Tree=38
num_leaves=31
num_cat=0
split_feature=0 0 0 0 0 0 0 0 0 0 0 0 0 0 0 0 0 0 0 0 0 0 0 0 0 0 0 0 0 0
split_gain=0.00214346 0.000473945 0.000520866 0.000374432 0.000289805 0.000162312 0.000155449 0.000246334 0.000154519 0.000118468 0.000100525 8.93344e-05 8.96478e-05 9.40545e-05 8.82469e-05 8.45444e-05 0.000121355 0.000101363 0.000139342 0.0001199 0.00015705 0.000136593 8.33589e-05 8.82381e-05 8.04181e-05 0.000171508 0.000103718 0.000155797 9.29922e-05 8.54385e-05
threshold=-0.00084515841527540503 0.046204879040816556 0.0072762817437040887 -0.0057059410177613791 -0.00090423889314186366 0.0025105642701259119 -0.0058656100349734073 -0.0059894136610153222 0.00704907535732962 -0.050161956975202614 0.002455247004665716 -0.0014914617810069927 -0.0016134251911044878 -0.001692823340305926 -0.00097511174216158541 -0.011431649397759874 -0.011055501685961366 -0.011860397195859339 -0.01241668460002244 -0.016018514911379168 -0.017899142657214113 -0.020198907872569026 -0.00065709973606036377 -0.00072027814341748045 0.0026553461289055592 0.0026154520048600363 0.0030829115671654477 0.0031414737074156002 0.0025468797556308293 0.0033884638574101299
decision_type=2 2 2 2 2 2 2 2 2 2 2 2 2 2 2 2 2 2 2 2 2 2 2 2 2 2 2 2 2 2
left_child=3 2 5 6 11 10 7 9 24 -1 22 12 13 -5 -13 17 -17 18 19 20 21 -11 23 -2 25 28 -26 -28 -7 -29
right_child=1 -3 -4 4 -6 8 -8 -9 -10 15 -12 14 -14 -15 -16 16 -18 -19 -20 -21 -22 -23 -24 -25 26 -27 27 29 -30 -31
leaf_value=4.5942368160467595e-05 1.9126098714363963e-05 -0.00020288637834196184 6.3166397942824144e-05 -2.2761046515678975e-05 -0.00019720057329243942 9.8072168285675033e-05 -0.00018827494010717298 9.8703643743647262e-05 -6.3038470680903231e-05 -6.2226725865457418e-05 -9.7698470691890804e-05 2.7205244734053713e-05 -9.1842305340358757e-05 7.9464506605923509e-05 -7.7496014795463497e-05 5.5043000975274482e-05 -5.9916574965222162e-05 -0.00018620500729108852 3.609421649647023e-05 -0.00013431590764412249 5.4147280752658848e-05 -0.00019289454218475538 2.7936021039693885e-06 0.00013907045422061144 -7.5370668298546665e-06 0.00019420365246649294 0.00016166215892830541 -1.0670118855436475e-05 -4.4109714824868291e-05 3.4708795844434476e-05
leaf_weight=24 46 23 713 1037 23 23 24 24 46 120 24 161 46 23 23 24 528 24 24 96 24 24 1380 23 184 23 23 115 23 1058
leaf_count=24 46 23 713 1037 23 23 24 24 46 120 24 161 46 23 23 24 528 24 24 96 24 24 1380 23 184 23 23 115 23 1058
internal_value=4.08565e-15 2.33786e-05 2.47924e-05 -3.85035e-05 -2.12782e-05 1.55738e-05 -6.26668e-05 -5.93613e-05 2.71801e-05 -6.36334e-05 3.79418e-06 -1.81416e-05 -2.35084e-05 -2.05429e-05 1.41176e-05 -6.66771e-05 -5.49183e-05 -8.74812e-05 -7.92542e-05 -8.97404e-05 -6.42687e-05 -8.40047e-05 5.47522e-06 5.91076e-05 3.00442e-05 8.2722e-05 2.74103e-05 3.27868e-05 2.69812e-05 3.02599e-05
internal_weight=5953 3704 3681 2249 1313 2968 936 912 1495 888 1473 1290 1106 1060 184 864 552 312 288 264 168 144 1449 69 1449 69 1380 1196 46 1173
internal_count=5953 3704 3681 2249 1313 2968 936 912 1495 888 1473 1290 1106 1060 184 864 552 312 288 264 168 144 1449 69 1449 69 1380 1196 46 1173
is_linear=0
shrinkage=0.05


Tree=39
num_leaves=31
num_cat=0
split_feature=0 0 0 0 0 0 0 0 0 0 0 0 0 0 0 0 0 0 0 0 0 0 0 0 0 0 0 0 0 0
split_gain=0.0019415 0.000486185 0.000497344 0.00024208 0.000174968 0.000144016 0.000132003 0.000102911 9.72751e-05 0.000139503 0.00010186 0.000223874 9.40495e-05 8.85324e-05 8.83009e-05 8.55348e-05 0.000178832 0.00017296 0.00014432 0.00051894 0.00031542 0.00026498 0.000184286 0.00013191 8.26902e-05 0.00014 0.000113956 0.000279255 0.000207126 8.09879e-05
threshold=-0.0020429331696519876 0.0033884638574101299 0.046204879040816556 -0.0082134807213181931 0.007776959479531248 -0.0021678216366010977 -0.031965569042257135 -0.0030078749251793301 0.0034930435118120475 0.0036187552532875268 0.0038758061320144379 0.0039859300302273453 -0.0021144916596704116 0.0037412106850754057 0.0080992043414310679 0.0046150052830187761 0.0044867306992448638 0.0050882883699477155 0.0061281797422286129 0.0062371401705527711 0.0059638842426135109 0.006306648111289598 0.0057200525588598896 0.0064136317100189338 0.010147383968335201 0.0097591273249414082 0.0094889458289314239 0.0091487169768551205 0.0086018910567939606 -0.0023734529641045278
decision_type=2 2 2 2 2 2 2 2 2 2 2 2 2 2 2 2 2 2 2 2 2 2 2 2 2 2 2 2 2 2
left_child=3 -2 4 6 8 7 -1 -5 -3 -10 13 -12 -7 -11 -6 16 -13 -17 20 -20 22 -21 -19 -23 25 26 27 28 -16 -9
right_child=1 2 -4 5 14 12 -8 29 9 10 11 15 -14 -15 24 17 -18 18 19 21 -22 23 -24 -25 -26 -27 -28 -29 -30 -31
leaf_value=-5.0149213267205698e-06 3.6713432963800949e-06 0.00010134842819040744 -0.00019274206222136224 -3.4542750778884634e-05 0.00012942281072078596 -0.00018825854488607982 -7.7184516901456152e-05 1.5837001059050245e-05 -5.8114875118126693e-05 3.2076237782704363e-05 -8.1594034038615708e-05 3.495476843262459e-05 -4.5270663814216789e-05 0.00013017359654085063 6.1213803891787666e-06 -2.7096094334120755e-05 0.00014674026675967744 6.4036018157826623e-05 -0.0002173005029402228 0.00019221972843692841 0.00018023892208356816 -9.9065966091786879e-05 -3.1780974603716989e-05 2.5999865724393187e-05 7.0437803144224402e-05 -8.5601073932712501e-05 0.0001493138445885447 -0.00012994189591668343 0.00014309381707710639 -4.6712666369495461e-05
leaf_weight=72 2255 46 23 936 46 23 528 207 46 46 46 161 23 46 69 138 46 184 23 23 46 23 69 253 391 23 23 23 46 69
leaf_count=72 2255 46 23 936 46 23 528 207 46 46 46 161 23 46 69 138 46 184 23 23 46 23 69 253 391 23 23 23 46 69
internal_value=5.30156e-13 1.92338e-05 3.83064e-05 -4.23911e-05 4.1231e-05 -2.99269e-05 -6.85242e-05 -2.66311e-05 3.00508e-05 2.71989e-05 3.07536e-05 2.61744e-05 -0.000116765 8.11249e-05 6.27634e-05 3.13062e-05 5.9796e-05 2.35363e-05 3.4788e-05 1.15608e-05 5.98018e-05 2.91656e-05 3.79041e-05 1.55777e-05 5.74306e-05 2.97903e-05 4.62748e-05 2.91016e-05 6.09104e-05 1.99584e-07
internal_weight=5953 4095 1840 1858 1817 1258 600 1212 1196 1150 1104 1012 46 92 621 966 207 759 621 322 299 299 253 276 575 184 161 138 115 276
internal_count=5953 4095 1840 1858 1817 1258 600 1212 1196 1150 1104 1012 46 92 621 966 207 759 621 322 299 299 253 276 575 184 161 138 115 276
is_linear=0
shrinkage=0.05


Tree=40
num_leaves=31
num_cat=0
split_feature=0 0 0 0 0 0 0 0 0 0 0 0 0 0 0 0 0 0 0 0 0 0 0 0 0 0 0 0 0 0
split_gain=0.00175691 0.000386283 0.000429931 0.000307419 0.000267529 0.000100394 0.00011293 0.000359613 0.00026834 0.000100298 0.000169241 0.000101747 9.78401e-05 9.16324e-05 8.70155e-05 0.000190591 8.32249e-05 0.00011627 7.95044e-05 0.000104529 0.000276025 0.000437912 0.000145555 0.000104577 9.82439e-05 8.6209e-05 0.000345108 0.000259984 0.000153319 8.39364e-05
threshold=-0.00084515841527540503 0.046204879040816556 0.0052305128332245888 -0.0054481196936981341 -0.00090423889314186366 0.013471226725432842 0.019601077130010799 0.017652897609846101 0.016328996554610096 -0.0050608455083966082 -0.0046926363438754707 -0.0052288518901749846 -0.050161956975202614 -0.004954723710388219 -0.0092284920864327252 -0.00957397570292093 -0.0089603765977270908 -0.008675775959136196 0.0014859408838954712 0.0002435901031547042 0.00041126910178810976 0.00036662862087073848 0.00013204638075740274 0.0013032371064385356 0.001336628976900265 -0.00047080791346445079 -0.00035314206361493247 -0.00031255517857436922 -0.000162869263940615 -0.0005124692770228505
decision_type=2 2 2 2 2 2 2 2 2 2 2 2 2 2 2 2 2 2 2 2 2 2 2 2 2 2 2 2 2 2
left_child=3 2 18 12 9 -4 7 8 -7 11 13 -5 -1 -11 15 -14 -16 -18 19 22 21 -21 25 -22 -25 29 -27 -28 -29 -2
right_child=1 -3 5 4 -6 6 -8 -9 -10 10 -12 -13 14 -15 16 -17 17 -19 -20 20 23 -23 -24 24 -26 26 27 28 -30 -31
leaf_value=4.3896025454159831e-05 2.1496091249386867e-05 -0.00018310496613950186 4.0445872128805416e-05 -1.7818062284883734e-07 -0.00018752411693719257 0.00011686213610633075 3.7447654279315868e-05 0.00028860486090311695 -8.0342911710233795e-05 -1.3441975655344627e-05 -1.4081302885323067e-05 0.00012590913950892476 -6.6137160139764453e-05 -0.00013309797353334337 4.7492710715838868e-05 -0.00021069919325498177 -0.0001551519080142801 -4.2084029722125842e-05 1.8031437059736696e-05 -1.8566402832220775e-05 9.9466648282709767e-06 -0.0002801456542025941 0.00010035627733486764 -0.00013566341003752315 -1.8851673005176256e-05 -0.00013401042413771274 0.00017630984568867185 -8.0600524530036546e-05 2.7142578125917644e-05 0.00012466636115514911
leaf_weight=24 138 23 989 48 23 69 92 23 23 24 1098 24 456 48 24 24 24 432 1468 48 408 24 48 24 72 46 23 46 117 23
leaf_count=24 138 23 989 48 23 69 92 23 23 24 1098 24 456 48 24 24 24 432 1468 48 408 24 48 24 72 46 23 46 117 23
internal_value=-9.13256e-13 2.11658e-05 2.24422e-05 -3.48592e-05 -1.85552e-05 4.70733e-05 7.87377e-05 0.00011177 6.75609e-05 -1.54262e-05 -1.89509e-05 4.18509e-05 -5.5819e-05 -9.32126e-05 -5.83119e-05 -7.33653e-05 -4.32586e-05 -4.8035e-05 1.05875e-05 -1.57417e-07 -1.41835e-05 -0.000105759 1.81623e-05 -1.1012e-06 -4.80546e-05 8.12339e-06 -1.13849e-05 1.89418e-05 -3.26345e-06 3.62347e-05
internal_weight=5953 3704 3681 2249 1265 1196 207 115 92 1242 1170 72 984 72 960 480 480 456 2485 1017 576 72 441 504 96 393 232 186 163 161
internal_count=5953 3704 3681 2249 1265 1196 207 115 92 1242 1170 72 984 72 960 480 480 456 2485 1017 576 72 441 504 96 393 232 186 163 161
is_linear=0
shrinkage=0.05


Tree=41
num_leaves=31
num_cat=0
split_feature=0 0 0 0 0 0 0 0 0 0 0 0 0 0 0 0 0 0 0 0 0 0 0 0 0 0 0 0 0 0
split_gain=0.00159456 0.000397269 0.000405478 0.000194926 0.000145752 0.000131535 0.000113457 0.000100733 8.9193e-05 0.000124167 9.41848e-05 0.00020659 8.91794e-05 8.48797e-05 8.22922e-05 8.26432e-05 0.000222719 0.000215531 0.000208821 0.000105749 0.000243519 0.000105273 0.000103251 8.13631e-05 0.000136218 8.13059e-05 7.99005e-05 7.91511e-05 0.000451039 0.000353982
threshold=-0.0020429331696519876 0.0033884638574101299 0.046204879040816556 -0.0082134807213181931 0.007776959479531248 -0.0021678216366010977 -0.027323983957631862 -0.022578175613438552 0.0034930435118120475 0.0036187552532875268 0.0038758061320144379 0.0039398756813141108 -0.0030078749251793301 -0.0021144916596704116 -0.0033079396304207726 -0.0042428440131381398 -0.0040419387176810736 -0.0038714621955656691 -0.0037152489831321091 -0.0034946426188443634 -0.0035976423254494368 -0.0043218991557717685 -0.0041335871280671855 0.0076473147461918961 0.0075114621539750922 0.0080992043414310679 0.0037412106850754057 0.0061281797422286129 0.0062371401705527711 0.0059638842426135109
decision_type=2 2 2 2 2 2 2 2 2 2 2 2 2 2 2 2 2 2 2 2 2 2 2 2 2 2 2 2 2 2
left_child=3 -2 4 6 8 12 -1 -8 -3 -10 26 -12 14 -7 15 21 22 -18 -19 20 -20 -5 -17 24 27 -6 -11 29 -29 -13
right_child=1 2 -4 5 25 13 7 -9 9 10 11 23 -14 -15 -16 16 17 18 19 -21 -22 -23 -24 -25 -26 -27 -28 28 -30 -31
leaf_value=-1.2049101966719417e-05 3.3632180182337762e-06 9.5379433981218864e-05 -0.00017394971902198766 -3.1555716184205574e-05 0.00012092938837747132 -0.00017814156245035323 -0.00017132362239256812 -6.6358356503144473e-05 -5.6110703545804747e-05 2.9570860225130277e-05 -0.00012481124937514088 2.5457703625888915e-05 8.9367137753878776e-07 -4.2303059213420217e-05 -7.5302523477679042e-05 2.1873177320230753e-05 -0.0001164630815765122 0.00014081528634051212 3.6063338726914183e-05 2.8397948941953173e-05 -0.00018917670725689581 -0.00013834811482714334 0.00016853797909182808 -6.6169198275336223e-05 0.00014920899848220871 5.1847530228380503e-05 0.00012276334050313935 -0.0002084577731970374 2.2805912745975602e-05 0.00016920468491583092
leaf_weight=96 2255 46 23 600 46 23 24 480 46 46 23 621 276 23 96 24 48 24 24 48 24 24 24 23 23 575 46 23 253 46
leaf_count=96 2255 46 23 600 46 23 24 480 46 46 23 621 276 23 96 24 48 24 24 48 24 24 24 23 23 575 46 23 253 46
internal_value=-2.03123e-13 1.74308e-05 3.46713e-05 -3.84173e-05 3.73121e-05 -2.72328e-05 -6.18675e-05 -7.13567e-05 2.71079e-05 2.4377e-05 2.77307e-05 2.33273e-05 -2.4083e-05 -0.000110222 -3.14479e-05 -2.64359e-05 2.20312e-07 -2.69183e-05 8.89956e-06 -2.40794e-05 -7.65567e-05 -3.56631e-05 9.52056e-05 2.67724e-05 2.89853e-05 5.69647e-05 7.61671e-05 2.6053e-05 3.53394e-06 3.53713e-05
internal_weight=5953 4095 1840 1858 1817 1258 600 504 1196 1150 1104 1012 1212 46 936 840 216 168 120 96 48 624 48 989 966 621 92 943 276 667
internal_count=5953 4095 1840 1858 1817 1258 600 504 1196 1150 1104 1012 1212 46 936 840 216 168 120 96 48 624 48 989 966 621 92 943 276 667
is_linear=0
shrinkage=0.05


Tree=42
num_leaves=31
num_cat=0
split_feature=0 0 0 0 0 0 0 0 0 0 0 0 0 0 0 0 0 0 0 0 0 0 0 0 0 0 0 0 0 0
split_gain=0.00143995 0.000314833 0.000351567 0.000251756 0.000244436 0.000119054 0.00013361 9.29847e-05 0.000149375 9.19095e-05 9.18269e-05 8.4795e-05 8.26982e-05 8.21818e-05 0.000103738 0.00014914 7.81116e-05 0.000111434 8.99681e-05 0.000127699 0.000105999 9.1335e-05 7.67093e-05 8.39564e-05 8.39254e-05 7.28539e-05 7.96349e-05 6.29705e-05 7.96635e-05 7.78296e-05
threshold=-0.00084515841527540503 0.046204879040816556 0.0072762817437040887 -0.0054481196936981341 -0.00090423889314186366 0.007186664679583738 0.0025105642701259119 -0.0050608455083966082 -0.0046926363438754707 0.002455247004665716 -0.0052288518901749846 -0.050161956975202614 -0.004954723710388219 0.0027107652337801562 0.0030829115671654477 0.0031414737074156002 -0.011431649397759874 -0.011055501685961366 -0.011860397195859339 -0.01241668460002244 -0.014744358271977483 -0.013893522920339211 0.0026154520048600363 0.0026553461289055592 0.0025468797556308293 -0.00065709973606036377 -0.00072027814341748045 0.0033884638574101299 0.0034460593410293168 0.0032080433903018475
decision_type=2 2 2 2 2 2 2 2 2 2 2 2 2 2 2 2 2 2 2 2 2 2 2 2 2 2 2 2 2 2
left_child=3 2 5 11 7 6 9 10 12 25 -5 -1 -9 22 -15 -16 18 -18 19 20 -13 -22 24 -24 -8 26 -2 29 -29 -17
right_child=1 -3 -4 4 -6 -7 13 8 -10 -11 -12 16 -14 14 15 27 17 -19 -20 -21 21 -23 23 -25 -26 -27 -28 28 -30 -31
leaf_value=4.2303651086209969e-05 1.6743254388490208e-05 -0.00016525223605719436 5.1840727394567558e-05 1.4085117072681896e-06 -0.00017831607698969059 -0.00010057481957356567 9.1915256242551242e-05 -1.1192088034780075e-05 -1.2632259377651795e-05 -9.4066850548794417e-05 0.00012119145721953828 -5.6287493976014957e-05 -0.00012486528892168282 -1.649293705628699e-05 0.00015232575067033316 7.0876674441894033e-05 6.2774847295562128e-05 -4.7016765959375711e-05 -0.00016641076363157483 4.477349575608969e-05 -0.00020706726312103761 -8.7605557958643967e-05 0.0001832401717800404 4.8142476468812045e-05 -4.3157530434773836e-05 2.0795034561160719e-06 0.00013069039344807844 0.0001195862692542426 2.5526071826655883e-05 -3.1956557307674541e-05
leaf_weight=24 46 23 713 48 23 23 23 24 1098 24 24 192 48 161 23 23 24 624 24 24 24 48 23 23 23 1380 23 23 1058 92
leaf_count=24 46 23 713 48 23 23 23 24 1098 24 24 192 48 161 23 23 24 624 24 24 24 48 23 23 23 1380 23 23 1058 92
internal_value=-2.50608e-13 1.91618e-05 2.0314e-05 -3.15586e-05 -1.68043e-05 1.27404e-05 1.36254e-05 -1.38133e-05 -1.72071e-05 2.97908e-06 4.13362e-05 -5.05262e-05 -8.69742e-05 2.42789e-05 2.12285e-05 2.62106e-05 -5.28469e-05 -4.29504e-05 -7.34012e-05 -6.56504e-05 -7.56889e-05 -0.000127426 7.00351e-05 0.000115691 2.43789e-05 4.58646e-06 5.47256e-05 2.37853e-05 2.75274e-05 -1.13899e-05
internal_weight=5953 3704 3681 2249 1265 2968 2945 1242 1170 1473 72 984 72 1472 1380 1219 960 648 312 288 264 72 92 46 46 1449 69 1196 1081 115
internal_count=5953 3704 3681 2249 1265 2968 2945 1242 1170 1473 72 984 72 1472 1380 1219 960 648 312 288 264 72 92 46 46 1449 69 1196 1081 115
is_linear=0
shrinkage=0.05


Tree=43
num_leaves=31
num_cat=0
split_feature=0 0 0 0 0 0 0 0 0 0 0 0 0 0 0 0 0 0 0 0 0 0 0 0 0 0 0 0 0 0
split_gain=0.00131006 0.000324249 0.00033952 0.000161586 0.000118557 0.000105489 0.000104619 0.000106259 8.8411e-05 0.000195035 0.000125491 8.6538e-05 8.03302e-05 7.66039e-05 7.50344e-05 0.000108219 0.000331819 0.000146958 9.91004e-05 7.46273e-05 8.04077e-05 0.000118054 0.000100566 0.000325948 7.98383e-05 7.45692e-05 7.81628e-05 7.34198e-05 0.000201004 0.000194517
threshold=-0.0020429331696519876 0.0041256724018377258 0.046204879040816556 -0.008675775959136196 -0.0021678216366010977 -0.027323983957631862 0.013471226725432842 0.014341752624165545 0.0046150052830187761 0.0050882883699477155 0.0044867306992448638 -0.022578175613438552 -0.0030078749251793301 -0.0021144916596704116 0.037925976458710924 0.017652897609846101 0.019601077130010799 0.016328996554610096 0.023554004996251227 -0.0028563024556434264 -0.0027023007013469232 -0.0027684927753667743 -0.0023734529641045278 -0.0023106087784343717 -0.0029279978062143963 -0.0033079396304207726 -0.0031629927537497452 -0.0042428440131381398 -0.0040419387176810736 -0.0038714621955656691
decision_type=2 2 2 2 2 2 2 2 2 2 2 2 2 2 2 2 2 2 2 2 2 2 2 2 2 2 2 2 2 2
left_child=3 -2 6 5 12 -1 8 -8 10 -10 -3 -7 25 -6 15 17 -17 -9 -18 24 21 -21 -22 -24 -14 27 -27 -5 -29 -30
right_child=1 2 -4 4 13 11 7 14 9 -11 -12 -13 19 -15 -16 16 18 -19 -20 20 22 -23 23 -25 -26 26 -28 28 29 -31
leaf_value=-9.8646530962772278e-06 4.7395400655805505e-06 3.8237427310694173e-05 -0.00015698961711756927 -3.2668857278090563e-05 -0.00016860286129446217 -0.00015994307662670811 0.00017094033183125051 7.3281775669032794e-05 -2.9192050688847753e-05 3.4087782420620034e-05 0.00013595248838891679 -6.2397297692432058e-05 -6.2542389217845128e-06 -3.9556298851612557e-05 -2.7526452322490515e-05 0.0002689902042418354 -3.5045230236826926e-05 -8.1510137786845814e-05 9.2067606917977258e-05 1.0826301244694902e-05 3.3267647307619214e-05 -0.0001493734859531801 -0.00019677209088315623 3.3756978487160627e-05 0.00012548853990902782 -0.00011602217834176071 -2.5789385540520018e-05 9.107691063642657e-05 -0.00011000830866881491 9.0861997038397627e-06
leaf_weight=96 2531 115 23 672 23 24 23 46 138 1035 46 432 23 23 23 23 23 23 46 23 115 23 23 46 23 48 48 48 48 120
leaf_count=96 2531 115 23 672 23 24 23 46 138 1035 46 432 23 23 23 23 23 23 46 23 115 23 23 46 23 48 48 48 48 120
internal_value=-1.50564e-13 1.57995e-05 3.36978e-05 -3.48219e-05 -2.52357e-05 -5.75023e-05 3.65438e-05 6.96164e-05 3.14119e-05 2.66431e-05 6.6156e-05 -6.75313e-05 -2.23573e-05 -0.00010408 5.69509e-05 6.90191e-05 0.00010452 2.16845e-05 4.96967e-05 1.4806e-06 -1.01467e-05 -6.92736e-05 4.63501e-06 -4.3086e-05 5.96172e-05 -2.90435e-05 -7.09058e-05 -2.45178e-05 8.40911e-07 -2.49408e-05
internal_weight=5953 4095 1564 1858 1306 552 1541 207 1334 1173 161 456 1260 46 184 161 92 69 69 276 230 46 184 69 46 984 96 888 216 168
internal_count=5953 4095 1564 1858 1306 552 1541 207 1334 1173 161 456 1260 46 184 161 92 69 69 276 230 46 184 69 46 984 96 888 216 168
is_linear=0
shrinkage=0.05


Tree=44
num_leaves=31
num_cat=0
split_feature=0 0 0 0 0 0 0 0 0 0 0 0 0 0 0 0 0 0 0 0 0 0 0 0 0 0 0 0 0 0
split_gain=0.00119619 0.000310881 0.000271733 0.000212345 0.00020342 0.000215732 8.10869e-05 0.000142544 7.58074e-05 0.000120168 7.48156e-05 7.33993e-05 0.000148705 8.28738e-05 7.46351e-05 7.33729e-05 7.05112e-05 0.000117655 0.000298332 6.68404e-05 0.000102564 8.07723e-05 0.000115798 9.46042e-05 8.24299e-05 6.4526e-05 0.000108457 0.000121364 7.02867e-05 8.57162e-05
threshold=0.00077244483763002725 -0.0054481196936981341 0.046204879040816556 0.0075114621539750922 0.00067547072744762228 0.00072670769405607709 0.0010279278069603649 0.0011850831211700596 0.0076473147461918961 0.007776959479531248 0.0080992043414310679 -0.0050608455083966082 -0.0046926363438754707 -0.0052288518901749846 -0.004954723710388219 -0.050161956975202614 0.0086018910567939606 0.0091487169768551205 0.0094889458289314239 -0.011431649397759874 -0.011055501685961366 -0.011860397195859339 -0.01241668460002244 -0.014744358271977483 -0.013893522920339211 0.0073770644335394682 0.0072762817437040887 0.00704907535732962 0.0052305128332245888 0.0061281797422286129
decision_type=2 2 2 2 2 2 2 2 2 2 2 2 2 2 2 2 2 2 2 2 2 2 2 2 2 2 2 2 2 2
left_child=1 15 3 6 11 -6 -2 -8 -5 -10 -11 13 14 -3 -13 -1 -12 -18 -19 21 -21 22 23 -17 -25 26 27 28 -9 -30
right_child=2 4 -4 8 5 -7 7 25 9 10 16 12 -14 -15 -16 19 17 18 -20 20 -22 -23 -24 24 -26 -27 -28 -29 29 -31
leaf_value=4.0681691704473151e-05 5.6295773454924838e-05 2.971541956261111e-06 -0.00014914013953112653 0.0001374521142382867 -0.00021883874081443842 -6.8381906506450221e-06 -5.5103471034575105e-05 1.3122532140659344e-05 -6.7157158351303391e-05 0.00011058649217137946 -3.0957832176932572e-06 -8.9990557171404365e-06 -7.6754808503859576e-06 0.0001167653421968377 -0.00011698858362857816 -5.072858652965806e-05 0.00012702803230596425 -0.00013235589785440624 5.239828760687806e-05 6.2755993288495432e-05 -4.257512217246784e-05 -0.00015497035055886955 4.5654700200733109e-05 -0.00019359403236952251 -8.0105416054720996e-05 -6.6874753025805825e-05 0.00012531188853166024 -6.4177296743487793e-05 5.461480761850584e-05 9.7637052531156417e-06
leaf_weight=24 120 48 23 23 24 24 72 1612 23 46 69 24 1754 24 48 192 46 23 437 24 624 24 24 24 48 23 23 46 253 184
leaf_count=24 120 48 23 23 24 24 72 1612 23 46 69 24 1754 24 48 192 46 23 437 24 624 24 24 24 48 23 23 46 253 184
internal_value=-4.18623e-13 -2.27661e-05 2.20657e-05 2.33783e-05 -1.11847e-05 -0.000112838 1.62656e-05 1.40949e-05 4.82568e-05 4.50713e-05 4.92279e-05 -8.61392e-06 -1.05664e-05 4.09028e-05 -8.09921e-05 -4.56699e-05 4.43192e-05 5.07849e-05 4.31606e-05 -4.78287e-05 -3.8674e-05 -6.68422e-05 -5.94982e-05 -6.90576e-05 -0.000117935 1.6422e-05 1.73265e-05 1.6141e-05 1.79442e-05 3.57301e-05
internal_weight=5953 2930 3023 3000 1946 48 2333 2213 667 644 621 1898 1826 72 72 984 575 506 460 960 648 312 288 264 72 2141 2118 2095 2049 437
internal_count=5953 2930 3023 3000 1946 48 2333 2213 667 644 621 1898 1826 72 72 984 575 506 460 960 648 312 288 264 72 2141 2118 2095 2049 437
is_linear=0
shrinkage=0.05


Tree=45
num_leaves=31
num_cat=0
split_feature=0 0 0 0 0 0 0 0 0 0 0 0 0 0 0 0 0 0 0 0 0 0 0 0 0 0 0 0 0 0
split_gain=0.00108219 0.000238213 0.000272011 0.00015672 9.8669e-05 9.89897e-05 0.000162768 8.70195e-05 8.50096e-05 8.16695e-05 8.44746e-05 7.89937e-05 0.00019209 7.21102e-05 7.12205e-05 6.50796e-05 0.000299466 0.000165068 8.94381e-05 6.11981e-05 6.08748e-05 8.72347e-05 0.000205448 0.000109644 5.94698e-05 7.18705e-05 7.18411e-05 0.000262838 0.000237888 0.000127716
threshold=-0.0014914617810069927 0.0036187552532875268 0.046204879040816556 -0.0082134807213181931 0.010572379022454311 0.011369417766440045 0.011890504689669283 0.003540546764762276 -0.031965569042257135 -0.0016134251911044878 -0.001692823340305926 0.0038758061320144379 0.0039859300302273453 0.0037412106850754057 0.037925976458710924 0.017652897609846101 0.019601077130010799 0.016328996554610096 0.023554004996251227 0.013471226725432842 -0.0012569284385753766 -0.00084515841527540503 -0.00097511174216158541 -0.0010293214599905137 -0.00065709973606036377 -0.00072027814341748045 -0.00035314206361493247 -0.00047080791346445079 -0.00031255517857436922 -0.000162869263940615
decision_type=2 2 2 2 2 2 2 2 2 2 2 2 2 2 2 2 2 2 2 2 2 2 2 2 2 2 2 2 2 2
left_child=3 7 4 8 11 -6 -7 20 -1 10 -5 13 -13 -3 15 17 -17 19 -18 -8 -2 22 23 -22 25 -23 27 -26 -28 -30
right_child=1 2 -4 9 5 6 14 -9 -10 -11 -12 12 -14 -15 -16 16 18 -19 -20 -21 21 24 -24 -25 26 -27 28 -29 29 -31
leaf_value=-1.1374747070173424e-08 5.1551371556659275e-05 2.5922902695247504e-05 -0.00014168313684184914 -2.0000082717944333e-05 0.00012360769140523981 -8.2974158399535915e-05 3.1329862837953007e-05 -9.2425991011702507e-05 -5.7927076465024257e-05 -8.611944655928275e-05 7.6622020961898991e-05 -7.8101470843767353e-05 2.5948192612419561e-05 0.00011445576948216038 -2.8770001422937801e-05 0.00025292078713866193 -3.5912908456141494e-05 -8.0054581327282877e-05 8.4844306263181837e-05 9.7922983316137745e-05 -2.2970333953128211e-05 1.6052888436799709e-05 -0.00012087196536062156 0.00010308700362736052 1.8944506163991363e-05 0.00012430266683425187 0.00016736901047609179 -0.00012743523807528067 -7.6695840099368391e-05 7.7658094331590618e-06
leaf_weight=72 69 46 23 1373 46 23 69 23 528 46 23 46 1242 46 23 23 23 23 46 69 69 46 46 23 92 23 23 46 46 1657
leaf_count=72 69 46 23 1373 46 23 69 23 528 46 23 46 1242 46 23 23 23 23 46 69 69 46 46 23 92 23 23 46 46 1657
internal_value=4.90311e-13 1.54041e-05 2.91309e-05 -2.95032e-05 3.14084e-05 5.53248e-05 4.48197e-05 4.31109e-06 -5.09772e-05 -2.05682e-05 -1.84082e-05 2.54293e-05 2.22321e-05 7.01893e-05 5.54692e-05 6.31273e-05 9.66741e-05 4.39577e-05 4.45919e-05 6.46264e-05 5.35078e-06 3.81151e-06 -3.45947e-05 8.544e-06 6.55338e-06 5.21361e-05 4.86604e-06 -2.98487e-05 7.64161e-06 5.4844e-06
internal_weight=5953 3911 1748 2042 1725 345 299 2163 600 1442 1396 1380 1288 92 276 253 92 161 69 138 2140 2071 138 92 1933 69 1864 138 1726 1703
internal_count=5953 3911 1748 2042 1725 345 299 2163 600 1442 1396 1380 1288 92 276 253 92 161 69 138 2140 2071 138 92 1933 69 1864 138 1726 1703
is_linear=0
shrinkage=0.05


Tree=46
num_leaves=31
num_cat=0
split_feature=0 0 0 0 0 0 0 0 0 0 0 0 0 0 0 0 0 0 0 0 0 0 0 0 0 0 0 0 0 0
split_gain=0.000982176 0.000256708 0.000221558 0.000187058 0.000194698 0.00017534 7.45246e-05 0.000127936 6.96485e-05 0.000106857 6.94248e-05 6.75353e-05 0.000132309 7.47936e-05 6.73582e-05 6.3118e-05 6.16959e-05 9.34777e-05 0.000116486 6.11706e-05 0.000109141 0.000265699 6.4818e-05 0.000182651 5.97291e-05 6.40061e-05 0.000270268 0.000143888 8.07179e-05 5.73043e-05
threshold=0.00077244483763002725 -0.0054481196936981341 0.046204879040816556 0.00067547072744762228 0.00072670769405607709 0.0075114621539750922 0.0010279278069603649 0.0014859408838954712 0.0076473147461918961 0.007776959479531248 0.0080992043414310679 -0.0050608455083966082 -0.0046926363438754707 -0.0052288518901749846 -0.004954723710388219 -0.050161956975202614 0.0073770644335394682 0.0072762817437040887 0.00704907535732962 0.0086018910567939606 0.0091487169768551205 0.0094889458289314239 0.0097591273249414082 0.010147383968335201 0.037925976458710924 0.017652897609846101 0.019601077130010799 0.016328996554610096 0.023554004996251227 -0.011431649397759874
decision_type=2 2 2 2 2 2 2 2 2 2 2 2 2 2 2 2 2 2 2 2 2 2 2 2 2 2 2 2 2 2
left_child=1 15 5 11 -5 6 -2 -8 -7 -10 -11 13 14 -3 -13 -1 17 18 -9 -12 -21 -22 -23 -24 25 27 -27 -25 -28 -17
right_child=2 3 -4 4 -6 8 7 16 9 10 19 12 -14 -15 -16 29 -18 -19 -20 20 21 22 23 24 -26 26 28 -29 -30 -31
leaf_value=3.8648209980844215e-05 5.3092688976903442e-05 3.8229643905651754e-06 -0.00013459897226826087 -0.00020828509489850453 -6.8845705754938539e-06 0.00012928211429465118 -2.3918824000348752e-05 1.8255041044442548e-05 -6.5096716270604895e-05 0.00010375974776726925 -4.2384003824037686e-06 -7.5491019136582809e-06 -6.7858874894758465e-06 0.00011192707394608686 -0.00011013914615129277 -6.104928386467015e-05 -6.4828418481224429e-05 0.00011774886794307311 -6.2265844664342811e-05 0.00011937921738970782 -0.00012703551197062001 0.00012901973427885782 -9.4149447977542888e-05 5.4568847415995472e-05 -2.7331596862970164e-05 0.00024027474194198198 -3.4117241211887357e-05 -7.6051830293853644e-05 8.060209574582785e-05 -3.4967680704135602e-05
leaf_weight=24 120 48 23 24 24 23 216 1905 23 46 69 24 1754 24 48 312 23 23 46 46 23 23 23 253 23 23 23 23 46 648
leaf_count=24 120 48 23 24 24 23 216 1905 23 46 69 24 1754 24 48 312 23 23 46 46 23 23 23 253 23 23 23 23 46 648
internal_value=-6.96668e-14 -2.06292e-05 1.99945e-05 -1.01052e-05 -0.000107585 2.11798e-05 1.47164e-05 1.26355e-05 4.37868e-05 4.07334e-05 4.46531e-05 -7.63991e-06 -9.51276e-06 3.98577e-05 -7.59425e-05 -4.14419e-05 1.65893e-05 1.75379e-05 1.63565e-05 3.99245e-05 4.59468e-05 3.86035e-05 4.73214e-05 4.27826e-05 5.08374e-05 5.57229e-05 9.18404e-05 4.36838e-05 4.23623e-05 -4.34442e-05
internal_weight=5953 2930 3023 1946 48 3000 2333 2213 667 644 621 1898 1826 72 72 984 1997 1974 1951 575 506 460 437 414 391 368 92 276 69 960
internal_count=5953 2930 3023 1946 48 3000 2333 2213 667 644 621 1898 1826 72 72 984 1997 1974 1951 575 506 460 437 414 391 368 92 276 69 960
is_linear=0
shrinkage=0.05


Tree=47
num_leaves=31
num_cat=0
split_feature=0 0 0 0 0 0 0 0 0 0 0 0 0 0 0 0 0 0 0 0 0 0 0 0 0 0 0 0 0 0
split_gain=0.000898762 0.000219774 0.000220314 0.000107931 0.000110579 8.53019e-05 8.17316e-05 7.82385e-05 0.000189394 7.71485e-05 7.36583e-05 7.26177e-05 7.23081e-05 0.000195288 0.000155978 0.000124428 7.15129e-05 0.000103313 0.000187382 0.000155172 8.20624e-05 6.9135e-05 6.58264e-05 0.000117447 0.000176455 6.31869e-05 0.000141484 0.000115182 6.90168e-05 0.00011117
threshold=-0.0020429331696519876 0.0033884638574101299 0.046204879040816556 -0.008675775959136196 -0.0021678216366010977 0.012434112528229091 -0.027323983957631862 0.011369417766440045 0.010903837729938103 -0.022578175613438552 0.030803742181755533 0.0034460593410293168 0.017652897609846101 0.019601077130010799 0.016328996554610096 0.023554004996251227 -0.0022266102823411036 -0.0023734529641045278 -0.0024846611764242489 -0.0023106087784343717 -0.0024359535633138112 -0.0021144916596704116 -0.0089603765977270908 -0.0092284920864327252 -0.00957397570292093 -0.010110776558653363 -0.010382870609192218 -0.011431649397759874 -0.011860397195859339 -0.01241668460002244
decision_type=2 2 2 2 2 2 2 2 2 2 2 2 2 2 2 2 2 2 2 2 2 2 2 2 2 2 2 2 2 2
left_child=3 -2 5 6 16 7 -1 8 11 -8 12 -3 14 -14 -7 -15 17 18 -5 -19 -20 -6 23 24 25 26 27 28 29 -11
right_child=1 2 -4 4 21 10 9 -9 -10 22 -12 -13 13 15 -16 -17 -18 19 20 -21 -22 -23 -24 -25 -26 -27 -28 -29 -30 -31
leaf_value=-5.4468372733632959e-06 2.6231407583003115e-06 0.00011141280654397714 -0.00012786902313920387 -2.0987309095075213e-05 -0.00015844965366103799 7.0386445855230868e-05 -0.00014346067376512414 -4.0743055591440725e-05 0.00016783370358651787 -6.572036946647044e-05 -2.4384654313072808e-06 2.1877569459049581e-05 0.0002282610306080998 -3.2411373871107811e-05 -7.2249248067079037e-05 0.00013205585453998419 6.9129349329792288e-05 -0.00018521040838095362 0.00014871711508654384 -1.5449419151991607e-06 1.5151978257800574e-05 -3.5855409679124536e-05 -0.00013183221174889088 6.0680185197270478e-05 -0.0001846021245000884 8.8256283864514746e-06 -0.00016943365141438942 1.1691210016174916e-05 -0.00014127301571231025 4.9320778998662718e-05
leaf_weight=96 2255 23 23 1145 23 115 24 46 23 168 46 1472 23 23 23 23 23 23 23 23 23 23 24 24 24 48 24 72 24 24
leaf_count=96 2255 23 23 1145 23 115 24 46 23 168 46 1472 23 23 23 23 23 23 23 23 23 23 24 24 24 48 24 72 24 24
internal_value=-5.15611e-14 1.30864e-05 2.59096e-05 -2.88422e-05 -2.10076e-05 2.78562e-05 -4.73785e-05 2.34989e-05 2.54456e-05 -5.62062e-05 5.4792e-05 2.3255e-05 6.75098e-05 0.000109302 4.66138e-05 4.98222e-05 -1.82277e-05 -1.98519e-05 -1.70122e-05 -9.33777e-05 8.19345e-05 -9.71525e-05 -5.13588e-05 -4.6625e-05 -5.33316e-05 -4.45802e-05 -5.27965e-05 -4.30768e-05 -6.13328e-05 -5.13402e-05
internal_weight=5953 4095 1840 1858 1306 1817 552 1564 1518 456 253 1495 207 69 138 46 1260 1237 1191 46 46 46 432 408 384 360 312 288 216 192
internal_count=5953 4095 1840 1858 1306 1817 552 1564 1518 456 253 1495 207 69 138 46 1260 1237 1191 46 46 46 432 408 384 360 312 288 216 192
is_linear=0
shrinkage=0.05


Tree=48
num_leaves=31
num_cat=0
split_feature=0 0 0 0 0 0 0 0 0 0 0 0 0 0 0 0 0 0 0 0 0 0 0 0 0 0 0 0 0 0
split_gain=0.000811133 0.000200295 0.000204455 9.74081e-05 9.97976e-05 7.37627e-05 6.96265e-05 6.81342e-05 8.99642e-05 8.62746e-05 0.000166235 0.000113256 6.45404e-05 9.32399e-05 0.000169112 0.000140043 7.40613e-05 6.23943e-05 6.00754e-05 0.00019317 8.43387e-05 5.94083e-05 0.000105996 0.000159251 5.70262e-05 0.000127689 0.000103952 6.30926e-05 0.000143078 0.000139278
threshold=-0.0020429331696519876 0.0041256724018377258 0.046204879040816556 -0.008675775959136196 -0.0021678216366010977 -0.027323983957631862 -0.022578175613438552 0.013471226725432842 0.014341752624165545 0.0046150052830187761 0.0050882883699477155 0.0044867306992448638 -0.0022266102823411036 -0.0023734529641045278 -0.0024846611764242489 -0.0023106087784343717 -0.0024359535633138112 -0.0021144916596704116 0.0038758061320144379 0.0037412106850754057 0.0039398756813141108 -0.0089603765977270908 -0.0092284920864327252 -0.00957397570292093 -0.010110776558653363 -0.010382870609192218 -0.011431649397759874 -0.016018514911379168 -0.017899142657214113 -0.020198907872569026
decision_type=2 2 2 2 2 2 2 2 2 2 2 2 2 2 2 2 2 2 2 2 2 2 2 2 2 2 2 2 2 2
left_child=3 18 7 5 12 -1 -7 9 -9 11 -11 -3 13 14 -5 -15 -16 -6 19 -2 -20 22 23 24 25 26 27 28 29 -8
right_child=1 2 -4 4 17 6 21 8 -10 10 -12 -13 -14 15 16 -17 -18 -19 20 -21 -22 -23 -24 -25 -26 -27 -28 -29 -30 -31
leaf_value=-5.1745071535454682e-06 3.2846472482021856e-06 3.2365386128810281e-05 -0.00012147558211480551 -1.9937942816998391e-05 -0.00015052716227491265 -0.00013628763323746777 1.5281100013453399e-05 0.0001486294776639071 4.3743523961651313e-05 -3.169261472000959e-05 2.6728532535598964e-05 0.00012519469731397175 6.5672876561343995e-05 -0.00017594989086991636 0.00014128125647244896 -1.4676937691705383e-06 1.4394376447181339e-05 -3.406263842961103e-05 -0.00011884165410858419 0.000106726346775363 -8.2839784147875878e-06 -0.00012524060354432247 5.7646179993753324e-05 -0.00017537201056256891 8.3843382829703238e-06 -0.00016096196874665719 1.1106659480396452e-05 -7.7374216651706891e-05 7.962942424152668e-05 -0.00015506030661830057
leaf_weight=96 2393 115 23 1145 23 24 24 23 184 138 1035 46 23 23 23 23 23 23 23 46 69 24 24 24 48 24 72 144 24 24
leaf_count=96 2393 115 23 1145 23 24 24 23 184 138 1035 46 23 23 23 23 23 23 23 46 69 24 24 24 48 24 72 144 24 24
internal_value=6.07179e-13 1.24321e-05 2.64992e-05 -2.74001e-05 -1.99572e-05 -4.50096e-05 -5.33959e-05 2.87078e-05 5.53975e-05 2.45663e-05 1.98555e-05 5.8888e-05 -1.73163e-05 -1.88593e-05 -1.61615e-05 -8.87088e-05 7.78378e-05 -9.22949e-05 3.73948e-06 5.23558e-06 -3.59234e-05 -4.87908e-05 -4.42938e-05 -5.0665e-05 -4.23512e-05 -5.01567e-05 -4.09229e-05 -5.82661e-05 -2.00499e-05 -6.98896e-05
internal_weight=5953 4095 1564 1858 1306 552 456 1541 207 1334 1173 161 1260 1237 1191 46 46 46 2531 2439 92 432 408 384 360 312 288 216 72 48
internal_count=5953 4095 1564 1858 1306 552 456 1541 207 1334 1173 161 1260 1237 1191 46 46 46 2531 2439 92 432 408 384 360 312 288 216 72 48
is_linear=0
shrinkage=0.05


Tree=49
num_leaves=31
num_cat=0
split_feature=0 0 0 0 0 0 0 0 0 0 0 0 0 0 0 0 0 0 0 0 0 0 0 0 0 0 0 0 0 0
split_gain=0.000741353 0.000191106 0.000173716 0.000163427 0.000132784 0.000102872 0.000647617 0.000127858 8.81064e-05 0.000105137 7.56386e-05 0.000100202 7.60062e-05 0.000259479 0.000233467 0.000143528 7.06984e-05 0.000116558 6.75012e-05 6.45795e-05 9.42553e-05 6.53321e-05 6.07908e-05 6.02698e-05 6.5862e-05 5.71429e-05 0.00019345 5.55324e-05 8.45414e-05 0.000107907
threshold=0.00077244483763002725 -0.0054481196936981341 0.00062509647156369869 0.046204879040816556 0.0075114621539750922 0.00041126910178810976 0.00036662862087073848 -0.000162869263940615 0.00072670769405607709 0.00067547072744762228 -0.0050608455083966082 -0.0046926363438754707 -0.00031255517857436922 -0.00035314206361493247 -0.00047080791346445079 -0.0005124692770228505 0.0010279278069603649 0.0011850831211700596 -0.0052288518901749846 0.0076473147461918961 0.007776959479531248 0.0080992043414310679 -0.004954723710388219 0.0002435901031547042 0.00013204638075740274 0.0013032371064385356 0.001336628976900265 0.0073770644335394682 0.0072762817437040887 0.007186664679583738
decision_type=2 2 2 2 2 2 2 2 2 2 2 2 2 2 2 2 2 2 2 2 2 2 2 2 2 2 2 2 2 2
left_child=1 -1 5 4 16 6 7 10 9 -4 18 22 13 14 15 -13 -2 -18 -3 -6 -21 -22 -12 24 -9 -19 -27 28 29 -28
right_child=3 2 8 -5 19 -7 -8 23 -10 -11 11 12 -14 -15 -16 -17 17 25 -20 20 21 -23 -24 -25 -26 26 27 -29 -30 -31
leaf_value=-3.5880117586454092e-05 5.0142672371293891e-05 5.6780746187238641e-06 -5.0167756520143794e-05 -0.00011540180472049701 0.00012038770351943602 4.4501527664427465e-05 -0.00026660810181056149 2.5315727876488355e-05 -6.8357362882428181e-06 -0.00019816623874551928 -5.125376143647979e-06 -8.6348490699973084e-06 -7.2817134360261474e-05 0.00015904446711868767 -0.0001210195778896931 0.00011740437926757454 -5.1836031202078122e-05 6.6781529032292986e-05 0.00010837699061691335 -6.4272180632384413e-05 9.6141472324787815e-05 3.4216425862624698e-05 -0.00010258592592435889 -1.8107805226463827e-05 9.4868738594300345e-05 -0.00012953321735646267 1.4265316029104726e-05 -6.4017304026967156e-05 0.00010943112581077478 -9.4656031781240654e-05
leaf_weight=984 120 48 24 23 23 96 24 117 24 24 24 1259 46 23 46 23 72 48 24 23 46 575 48 48 48 24 2000 23 23 23
leaf_count=984 120 48 24 23 23 96 24 117 24 24 24 1259 46 23 46 23 72 48 24 23 46 575 48 48 48 24 2000 23 23 23
internal_value=2.48811e-13 -1.79225e-05 -8.84226e-06 1.73712e-05 1.83891e-05 -5.91407e-06 -8.63617e-06 -5.10634e-06 -8.50566e-05 -0.000124167 -1.01252e-05 -1.25777e-05 -9.61306e-06 -7.46103e-06 -1.03448e-05 -6.37361e-06 1.27646e-05 1.07377e-05 3.9911e-05 3.80624e-05 3.51222e-05 3.88035e-05 -7.00991e-05 3.12041e-05 4.55493e-05 1.2842e-05 1.1605e-05 1.32422e-05 1.41107e-05 1.3027e-05
internal_weight=5953 2930 1946 3023 3000 1874 1778 1754 72 48 1541 1469 1397 1351 1328 1282 2333 2213 72 667 644 621 72 213 165 2141 2093 2069 2046 2023
internal_count=5953 2930 1946 3023 3000 1874 1778 1754 72 48 1541 1469 1397 1351 1328 1282 2333 2213 72 667 644 621 72 213 165 2141 2093 2069 2046 2023
is_linear=0
shrinkage=0.05


Tree=50
num_leaves=31
num_cat=0
split_feature=0 0 0 0 0 0 0 0 0 0 0 0 0 0 0 0 0 0 0 0 0 0 0 0 0 0 0 0 0 0
split_gain=0.000669071 0.000172799 0.000187671 0.000162815 0.000204924 0.000155323 0.000147493 0.000119838 0.000112455 9.80515e-05 9.54381e-05 0.000219776 9.31838e-05 8.57926e-05 7.9516e-05 9.48862e-05 7.81314e-05 0.000605557 8.85697e-05 7.7445e-05 0.000223091 0.000227419 0.000119605 6.38053e-05 0.000105193 5.8283e-05 8.50654e-05 5.89622e-05 5.43935e-05 5.94405e-05
threshold=0.00077244483763002725 -0.0042428440131381398 -0.0040419387176810736 -0.0038714621955656691 -0.0037152489831321091 0.00062509647156369869 0.046204879040816556 0.0075114621539750922 -0.0031629927537497452 -0.0033079396304207726 -0.0034946426188443634 -0.0035976423254494368 -0.0041335871280671855 -0.0043218991557717685 0.00072670769405607709 0.00067547072744762228 0.00041126910178810976 0.00036662862087073848 -0.000162869263940615 -0.00031255517857436922 -0.00035314206361493247 -0.00047080791346445079 -0.0005124692770228505 0.0010279278069603649 0.0011850831211700596 0.0076473147461918961 0.007776959479531248 0.0080992043414310679 0.0002435901031547042 0.00013204638075740274
decision_type=2 2 2 2 2 2 2 2 2 2 2 2 2 2 2 2 2 2 2 2 2 2 2 2 2 2 2 2 2 2
left_child=1 13 12 -4 -5 8 7 23 9 10 11 -6 -3 -1 15 -7 17 18 19 20 21 22 -10 -2 -25 -9 -27 -28 29 -20
right_child=6 2 3 4 5 14 -8 25 16 -11 -12 -13 -14 -15 -16 -17 -18 -19 28 -21 -22 -23 -24 24 -26 26 27 -29 -30 -31
leaf_value=-2.9489639381154123e-05 4.7635535447625448e-05 2.1058363199699673e-05 -0.00010030681963447326 0.00013815291301095083 3.8638548843058138e-05 -4.7659371224047696e-05 -0.00010963170662643793 0.00011436831125098728 -3.9350610295089446e-06 -0.00010602000023330523 3.1356442104879537e-05 -0.00017533948969988464 0.00016038993489928544 -0.00012496457590411108 -6.4939457236808567e-06 -0.00018825791848939844 4.2276450153622141e-05 -0.00025327768283508101 2.4049939560442997e-05 -6.9176276709818609e-05 0.00015109224528398206 -0.00011496859882279987 0.00011153416480342655 -4.9244229628837075e-05 1.2199924628872194e-05 -6.1058576228906927e-05 9.1334389237643978e-05 3.250560402620581e-05 -1.720242647328026e-05 9.0125306231432975e-05
leaf_weight=1200 120 24 48 24 24 24 23 23 899 48 48 24 24 24 24 24 96 24 117 46 23 46 23 72 2141 23 46 575 48 48
leaf_count=1200 120 24 48 24 24 24 23 23 899 48 48 24 24 24 24 24 96 24 117 46 23 46 23 72 2141 23 46 575 48 48
internal_value=-3.15222e-13 -1.70264e-05 -6.74133e-06 -9.563e-06 -6.8576e-06 -9.05196e-06 1.65026e-05 1.74696e-05 -5.63972e-06 -4.76713e-05 -1.8497e-05 -6.83505e-05 9.07241e-05 -3.13617e-05 -8.08037e-05 -0.000117959 -1.2218e-06 -4.49953e-06 2.77012e-07 -5.75494e-06 -2.81107e-06 -6.46786e-06 -1.05459e-06 1.21263e-05 1.02008e-05 3.61593e-05 3.33661e-05 3.68633e-05 2.96439e-05 4.32719e-05
internal_weight=5953 2930 1706 1658 1610 1586 3023 3000 1514 144 96 48 48 1224 72 48 1370 1274 1250 1037 991 968 922 2333 2213 667 644 621 213 165
internal_count=5953 2930 1706 1658 1610 1586 3023 3000 1514 144 96 48 48 1224 72 48 1370 1274 1250 1037 991 968 922 2333 2213 667 644 621 213 165
is_linear=0
shrinkage=0.05


Tree=51
num_leaves=31
num_cat=0
split_feature=0 0 0 0 0 0 0 0 0 0 0 0 0 0 0 0 0 0 0 0 0 0 0 0 0 0 0 0 0 0
split_gain=0.000607578 0.000187526 0.000130336 0.000156521 0.000202385 0.000125854 0.000153067 5.52091e-05 6.48631e-05 5.55927e-05 0.000191271 0.000173999 0.000100038 9.99148e-05 5.46493e-05 0.00022316 5.52783e-05 0.000268673 0.000321905 7.40333e-05 5.44779e-05 5.32277e-05 0.00020444 0.000180918 0.000501008 0.000188183 0.000164219 9.8146e-05 5.05976e-05 0.000170895
threshold=-0.00084515841527540503 -0.00090423889314186366 -0.0057059410177613791 -0.0058656100349734073 -0.0059894136610153222 0.046204879040816556 0.0052305128332245888 -0.00065709973606036377 -0.00072027814341748045 -0.00035314206361493247 -0.00047080791346445079 -0.00031255517857436922 -0.0005124692770228505 -0.00022876870682006855 0.0046150052830187761 0.0044867306992448638 0.0002435901031547042 0.00041126910178810976 0.00036662862087073848 0.00013204638075740274 -0.050161956975202614 0.0057200525588598896 0.0058931692408885454 0.0061281797422286129 0.0062371401705527711 0.006306648111289598 0.0064136317100189338 0.0059638842426135109 0.00056287761173926356 0.00072670769405607709
decision_type=2 2 2 2 2 2 2 2 2 2 2 2 2 2 2 2 2 2 2 2 2 2 2 2 2 2 2 2 2 2
left_child=1 2 3 4 20 6 7 8 -2 10 12 -11 -9 -13 15 16 19 18 -18 -15 -1 -8 -23 27 -25 -26 -27 -24 -19 -30
right_child=5 -3 -4 -5 -6 -7 21 9 -10 11 -12 13 -14 14 -16 -17 17 28 -20 -21 -22 22 23 24 25 26 -28 -29 29 -31
leaf_value=4.0515356522519143e-05 1.5922651674254271e-05 -0.00016253747459774352 -8.7261019649840051e-06 -0.00015927589168616881 0.00011335375165799633 -0.00010415011727119514 5.7078655874542222e-05 -1.4451379259602013e-05 0.00011875994640159543 0.00014353763456355131 -0.00010922016592066148 -9.8366198780359292e-05 0.00010595745696501463 1.3661216373585766e-05 -1.9719715925495386e-05 0.0001176117057342629 -1.634229596068811e-05 4.8502295685971656e-05 -0.00024061381568571961 8.5619032082225516e-05 -3.5854887276640411e-05 -7.9028425594606733e-05 2.2570051900718524e-05 -0.00020746749157652907 0.00017001355059303183 -0.0001067078636444184 2.8642125726120447e-05 0.00014906929063727148 -6.965926715515201e-05 9.0884780018654538e-06
leaf_weight=24 46 23 1290 24 24 23 138 69 23 23 46 23 23 140 184 46 48 72 24 48 864 46 23 23 23 23 874 46 72 1598
leaf_count=24 46 23 1290 24 24 23 138 69 23 23 46 23 23 140 184 46 48 72 24 48 864 46 23 23 23 23 874 46 72 1598
internal_value=2.47967e-13 -2.04995e-05 -1.90319e-05 -3.32355e-05 -2.99186e-05 1.24469e-05 1.31755e-05 6.10202e-06 5.02017e-05 4.84255e-06 -2.59728e-05 6.70933e-06 1.56508e-05 5.31375e-06 6.38213e-06 8.72722e-06 6.22538e-06 3.55067e-06 -9.10995e-05 3.20334e-05 -3.37908e-05 2.78724e-05 2.40628e-05 2.87488e-05 2.30302e-05 2.87927e-05 2.51716e-05 0.000106903 7.46274e-06 5.69337e-06
internal_weight=5953 2249 2226 936 912 3704 3681 2485 69 2416 138 2278 92 2255 2232 2048 2002 1814 72 188 888 1196 1058 1012 943 920 897 69 1742 1670
internal_count=5953 2249 2226 936 912 3704 3681 2485 69 2416 138 2278 92 2255 2232 2048 2002 1814 72 188 888 1196 1058 1012 943 920 897 69 1742 1670
is_linear=0
shrinkage=0.05


Tree=52
num_leaves=31
num_cat=0
split_feature=0 0 0 0 0 0 0 0 0 0 0 0 0 0 0 0 0 0 0 0 0 0 0 0 0 0 0 0 0 0
split_gain=0.000552715 0.000139745 0.000142494 0.000108918 0.00021917 8.58023e-05 9.1777e-05 8.21733e-05 7.7273e-05 9.10442e-05 0.000156989 0.000105985 6.64943e-05 6.59506e-05 0.000160824 6.24154e-05 6.19164e-05 0.000187415 7.58887e-05 6.08238e-05 0.000103956 5.95629e-05 5.73215e-05 5.63109e-05 5.31231e-05 7.42388e-05 6.03972e-05 5.05775e-05 6.42804e-05 5.12735e-05
threshold=-0.0020429331696519876 0.0036187552532875268 0.037925976458710924 0.017652897609846101 0.019601077130010799 0.016328996554610096 0.013471226725432842 0.003540546764762276 -0.0021678216366010977 -0.0073243711975200807 -0.006990260617628352 -0.0061589658740905584 0.023554004996251227 0.0038758061320144379 0.0039398756813141108 -0.0062897638870469527 -0.0058656100349734073 -0.0057059410177613791 -0.0059894136610153222 -0.0077712965683273986 -0.0082134807213181931 -0.041057583575550255 0.0037412106850754057 -0.0021144916596704116 -0.006647014231557548 -0.0068077683775005999 -0.0064153301772330871 0.0033884638574101299 0.0034930435118120475 0.0032080433903018475
decision_type=2 2 2 2 2 2 2 2 2 2 2 2 2 2 2 2 2 2 2 2 2 2 2 2 2 2 2 2 2 2
left_child=8 7 3 5 -5 6 13 27 9 19 -11 15 -6 22 -15 24 18 -18 -13 20 21 -1 -3 -10 25 -12 -26 29 -29 -2
right_child=1 2 -4 4 12 -7 -8 -9 23 10 11 16 -14 14 -16 -17 17 -19 -20 -21 -22 -23 -24 -25 26 -27 -28 28 -30 -31
leaf_value=1.6596334414013352e-05 3.4865509300250297e-06 2.0678214929395602e-05 -6.5870536184814665e-05 0.0002098925705586621 -3.7746192111112379e-05 -7.5592144149477068e-05 7.807557944877351e-05 -9.175324243108702e-05 -0.00014193600917402049 7.6315559681461309e-05 -1.7371556896250696e-05 -1.8052327292631767e-05 6.6376143450211009e-05 -0.00011467725359935962 1.8617325936095315e-05 -0.00013250923100258661 -0.00015131209850854552 -9.6886092774495843e-06 0.00010768607438270313 -8.9494158025142201e-05 3.964191372839802e-05 -4.1472523944782775e-05 9.9612348940749851e-05 -3.1294707182298779e-05 5.092138550632323e-05 -0.00014173564053029017 -6.1251449369592589e-05 7.9514326321457145e-05 -2.2860000709719631e-05 -3.4625952779922797e-05
leaf_weight=48 2163 46 46 23 23 23 69 23 23 48 24 24 46 23 1403 24 24 876 24 48 48 552 46 23 24 24 24 46 23 92
leaf_count=48 2163 46 46 23 23 23 69 23 23 48 24 24 46 23 1403 24 24 876 24 48 48 552 46 23 24 24 24 46 23 92
internal_value=-5.98742e-14 1.02624e-05 2.09652e-05 2.33121e-05 7.62247e-05 2.02885e-05 2.16781e-05 2.29117e-06 -2.26181e-05 -2.09935e-05 -1.21425e-05 -1.61182e-05 3.16687e-05 1.91146e-05 1.64674e-05 -6.03893e-05 -1.05142e-05 -1.34652e-05 4.48169e-05 -3.51855e-05 -3.11627e-05 -3.6827e-05 6.01453e-05 -8.66154e-05 -4.23593e-05 -7.95536e-05 -5.16503e-06 3.2219e-06 4.53896e-05 1.93163e-06
internal_weight=5953 4095 1748 1702 92 1610 1587 2347 1858 1812 1116 1068 69 1518 1426 120 948 900 48 696 648 600 92 46 96 48 48 2324 69 2255
internal_count=5953 4095 1748 1702 92 1610 1587 2347 1858 1812 1116 1068 69 1518 1426 120 948 900 48 696 648 600 92 46 96 48 48 2324 69 2255
is_linear=0
shrinkage=0.05


Tree=53
num_leaves=31
num_cat=0
split_feature=0 0 0 0 0 0 0 0 0 0 0 0 0 0 0 0 0 0 0 0 0 0 0 0 0 0 0 0 0 0
split_gain=0.000500705 0.000114712 0.000132319 9.37272e-05 0.000197801 7.94145e-05 7.94514e-05 7.76175e-05 0.000150946 8.36038e-05 7.7532e-05 0.000133106 0.000125933 0.00013644 9.72903e-05 6.93761e-05 6.12756e-05 6.2948e-05 0.000174 9.89538e-05 6.00112e-05 5.95777e-05 0.000147996 6.67622e-05 5.59099e-05 9.1467e-05 5.43249e-05 5.8539e-05 4.99865e-05 4.7608e-05
threshold=-0.0014914617810069927 0.0041256724018377258 0.037925976458710924 0.017652897609846101 0.019601077130010799 0.016328996554610096 0.013471226725432842 -0.0092284920864327252 -0.00957397570292093 -0.0016134251911044878 0.0046150052830187761 0.004936100157888609 0.0048642353772912509 0.0047799479694173282 0.0045367673985707386 -0.001692823340305926 -0.0012569284385753766 -0.00084515841527540503 -0.00097511174216158541 -0.0010293214599905137 0.023554004996251227 0.0038758061320144379 0.0037412106850754057 0.0039398756813141108 -0.0089603765977270908 -0.008675775959136196 -0.00065709973606036377 -0.00072027814341748045 0.030803742181755533 -0.050161956975202614
decision_type=2 2 2 2 2 2 2 2 2 2 2 2 2 2 2 2 2 2 2 2 2 2 2 2 2 2 2 2 2 2
left_child=7 16 3 5 -5 6 10 8 29 15 14 12 13 -12 -3 24 -2 18 19 -18 -6 22 26 -23 -9 -26 27 -19 -22 -1
right_child=1 2 -4 4 20 -7 -8 9 -10 -11 11 -13 -14 -15 -16 -17 17 21 -20 -21 28 23 -24 -25 25 -27 -28 -29 -30 -31
leaf_value=3.765973621436085e-05 4.9908177224742894e-05 3.5816980401421834e-05 -6.2577007275135471e-05 0.00019939794558171268 -3.5858903024548097e-05 -7.1812561034913306e-05 7.4171810507138718e-05 6.1898724622248363e-05 -0.00015946855613340936 -8.0879097628855137e-05 -5.8994666893419859e-05 1.9596268381968481e-05 -0.00014437473715667656 9.0155043297905334e-05 0.00014689143445929917 7.3725311655004554e-05 -2.0887434315543783e-05 1.4952190553151962e-05 -0.00011004870547090516 9.8867031777879902e-05 0.00011517892306311179 -0.00010894339379725036 9.463172767857981e-05 -1.0578332180359767e-05 -0.00011184371463362671 -1.3412360187544678e-05 2.3669755251685879e-06 0.00011264762294519207 1.0935820477164311e-05 -3.4591016325672783e-05
leaf_weight=24 69 138 46 23 23 23 69 24 24 46 46 1081 23 23 23 23 69 46 46 23 23 23 46 69 24 1421 1933 23 23 456
leaf_count=24 69 138 46 23 23 23 69 24 24 46 46 1081 23 23 23 23 69 46 46 23 23 23 46 69 24 1421 1933 23 23 456
internal_value=-1.13165e-13 1.0478e-05 2.09678e-05 2.34995e-05 7.24134e-05 2.03437e-05 2.18545e-05 -2.00682e-05 -3.70971e-05 -1.44879e-05 1.91484e-05 1.46827e-05 -4.30523e-05 -9.2781e-06 5.16848e-05 -1.2441e-05 3.48771e-06 2.08164e-06 -3.06488e-05 9.05118e-06 3.00853e-05 4.1923e-06 5.96051e-06 -3.51696e-05 -1.37901e-05 -1.50472e-05 3.92311e-06 4.75173e-05 6.30574e-05 -3.09785e-05
internal_weight=5953 3911 1564 1518 92 1426 1403 2042 504 1538 1334 1173 92 69 161 1492 2347 2278 138 92 69 2140 2048 92 1469 1445 2002 69 46 480
internal_count=5953 3911 1564 1518 92 1426 1403 2042 504 1538 1334 1173 92 69 161 1492 2347 2278 138 92 69 2140 2048 92 1469 1445 2002 69 46 480
is_linear=0
shrinkage=0.05


Tree=54
num_leaves=31
num_cat=0
split_feature=0 0 0 0 0 0 0 0 0 0 0 0 0 0 0 0 0 0 0 0 0 0 0 0 0 0 0 0 0 0
split_gain=0.000458009 0.000117697 0.000172261 0.000144196 0.000187187 0.000137821 0.000136669 0.000104506 9.39369e-05 8.84914e-05 8.61329e-05 0.000198348 8.56101e-05 8.40983e-05 8.14568e-05 6.04225e-05 9.20482e-05 5.36591e-05 7.54582e-05 5.48696e-05 5.33887e-05 0.000172213 5.2424e-05 7.34802e-05 0.000102147 4.97067e-05 0.000105502 0.000231692 6.28294e-05 0.00015738
threshold=0.00077244483763002725 -0.0042428440131381398 -0.0040419387176810736 -0.0038714621955656691 -0.0037152489831321091 0.00067547072744762228 0.00072670769405607709 0.046204879040816556 -0.0031629927537497452 -0.0033079396304207726 -0.0034946426188443634 -0.0035976423254494368 0.0075114621539750922 -0.0041335871280671855 -0.0043218991557717685 0.0010279278069603649 0.0011850831211700596 0.0076473147461918961 0.007776959479531248 0.0080992043414310679 0.0013032371064385356 0.001336628976900265 0.0073770644335394682 0.0072762817437040887 0.00704907535732962 0.0086018910567939606 0.0091487169768551205 0.0094889458289314239 0.0097591273249414082 0.010147383968335201
decision_type=2 2 2 2 2 2 2 2 2 2 2 2 2 2 2 2 2 2 2 2 2 2 2 2 2 2 2 2 2 2
left_child=1 14 13 -4 -5 8 -7 12 9 10 11 -6 15 -3 -1 -2 -17 -14 -19 -20 -18 -22 23 24 -23 -21 -27 -28 -29 -30
right_child=7 2 3 4 5 6 -8 -9 -10 -11 -12 -13 17 -15 -16 16 20 18 19 25 21 22 -24 -25 -26 26 27 28 29 -31
leaf_value=-2.4093922435895369e-05 4.4506656995508822e-05 2.1596814622171224e-05 -9.370011575811078e-05 0.00013283661331418747 3.8297977274244964e-05 -0.00017565474455523146 -6.9163542624058515e-06 -9.2520225956357779e-05 -1.27807962909595e-06 -9.912763925967738e-05 3.1379969095723935e-05 -0.0001649811696249041 0.00010530710923890381 0.0001539617805974558 -0.00011712500030019631 -4.752911993111613e-05 6.208536140851115e-05 -6.1348436461032744e-05 8.3424878602786722e-05 -1.3135679082420276e-05 -0.00012441364936724615 1.1844133630137175e-05 -6.4769233311222788e-05 0.00010000679479992908 -6.3525868450676145e-05 0.00010430106460420496 -0.00012979292835592313 0.0001134595568245182 -9.8551160772331062e-05 3.6032460589765834e-05
leaf_weight=1200 120 24 48 24 24 24 24 23 1394 48 48 24 23 24 24 72 48 23 46 69 24 1977 23 23 46 46 23 23 23 391
leaf_count=1200 120 24 48 24 24 24 24 23 1394 48 48 24 23 24 24 72 48 23 46 69 24 1977 23 23 46 46 23 23 23 391
internal_value=2.25302e-14 -1.40872e-05 -5.59892e-06 -8.30227e-06 -5.75625e-06 -7.85349e-06 -9.12855e-05 1.36538e-05 -5.24963e-06 -4.36964e-05 -1.59808e-05 -6.33416e-05 1.44678e-05 8.77793e-05 -2.59181e-05 9.95156e-06 8.07781e-06 3.02645e-05 2.75844e-05 3.08782e-05 9.94783e-06 8.75213e-06 1.02968e-05 1.11407e-05 1.01303e-05 2.66745e-05 3.21032e-05 2.48834e-05 3.30242e-05 2.85556e-05
internal_weight=5953 2930 1706 1658 1610 1586 48 3023 1538 144 96 48 3000 48 1224 2333 2213 667 644 621 2141 2093 2069 2046 2023 575 506 460 437 414
internal_count=5953 2930 1706 1658 1610 1586 48 3023 1538 144 96 48 3000 48 1224 2333 2213 667 644 621 2141 2093 2069 2046 2023 575 506 460 437 414
is_linear=0
shrinkage=0.05


Tree=55
num_leaves=31
num_cat=0
split_feature=0 0 0 0 0 0 0 0 0 0 0 0 0 0 0 0 0 0 0 0 0 0 0 0 0 0 0 0 0 0
split_gain=0.000413353 0.000109474 0.000127568 9.43167e-05 7.72632e-05 7.47891e-05 0.000481719 8.75978e-05 7.4379e-05 8.33433e-05 6.13109e-05 7.48199e-05 6.11002e-05 0.000187031 0.000176792 0.000102603 6.09199e-05 5.48637e-05 5.45313e-05 8.51702e-05 5.01384e-05 4.88274e-05 6.45324e-05 9.58395e-05 4.84274e-05 6.8101e-05 4.95198e-05 4.57757e-05 9.22941e-05 0.000110669
threshold=0.00077244483763002725 -0.0054481196936981341 0.00062509647156369869 0.046204879040816556 0.0075114621539750922 0.00041126910178810976 0.00036662862087073848 -0.000162869263940615 -0.0050608455083966082 -0.0046926363438754707 0.00072670769405607709 0.00067547072744762228 -0.00031255517857436922 -0.00035314206361493247 -0.00047080791346445079 -0.0005124692770228505 -0.0052288518901749846 -0.004954723710388219 0.0010279278069603649 0.0014859408838954712 0.0014422045621178062 0.0073770644335394682 0.0072762817437040887 0.007186664679583738 0.0076473147461918961 0.007776959479531248 0.0080992043414310679 0.0011850831211700596 0.0013032371064385356 0.001336628976900265
decision_type=2 2 2 2 2 2 2 2 2 2 2 2 2 2 2 2 2 2 2 2 2 2 2 2 2 2 2 2 2 2
left_child=1 -1 5 4 18 6 7 8 16 17 11 -4 13 14 15 -11 -3 -10 -2 20 27 22 23 -21 -6 -26 -27 -20 -29 -30
right_child=3 2 10 -5 24 -7 -8 -9 9 12 -12 -13 -14 -15 -16 -17 -18 -19 19 21 -22 -23 -24 -25 25 26 -28 28 29 -31
leaf_value=-2.69742656898667e-05 4.2281325938044272e-05 9.6646965478915575e-06 -4.2022211952523022e-05 -8.7894218007062119e-05 0.00010004175818049472 3.8985755983607834e-05 -0.00022881188012130829 2.6777105259143657e-05 -5.9857023491834602e-07 -6.1350367273068992e-06 -6.5705299069425866e-06 -0.00016687200977685281 -6.3828607784196967e-05 0.00013613197724739819 -0.00010398793352657738 0.00010043081217546665 0.00010722867012494437 -9.3186095424850163e-05 -4.5152662985654187e-05 1.1972638510230969e-05 -9.0286893009761118e-05 -6.1530760317311987e-05 9.5006443924554023e-05 -9.0699717174689081e-05 -5.8281006868523755e-05 7.925364043330774e-05 2.5340773743190095e-05 5.8981089099082363e-05 -0.0001181929646312104 1.3306496809188199e-05
leaf_weight=984 120 48 24 23 23 96 24 213 24 1259 24 24 46 23 46 23 24 48 72 1928 24 23 23 23 23 46 575 48 24 48
leaf_count=984 120 48 24 23 23 96 24 213 24 1259 24 24 46 23 46 23 24 48 72 1928 24 23 23 23 23 46 575 48 24 48
internal_value=-2.54763e-13 -1.33828e-05 -6.51029e-06 1.29711e-05 1.37444e-05 -4.00099e-06 -6.32199e-06 -3.27766e-06 -7.43188e-06 -9.8638e-06 -7.18216e-05 -0.000104447 -7.16008e-06 -5.23058e-06 -7.67888e-06 -4.22317e-06 4.2186e-05 -6.23236e-05 9.45399e-06 7.67392e-06 -2.21514e-05 1.08999e-05 1.17438e-05 1.07623e-05 2.87513e-05 2.62052e-05 2.93343e-05 -1.36345e-05 5.27644e-06 -3.05267e-05
internal_weight=5953 2930 1946 3023 3000 1874 1778 1754 1541 1469 72 48 1397 1351 1328 1282 72 72 2333 2213 216 1997 1974 1951 667 644 621 192 120 72
internal_count=5953 2930 1946 3023 3000 1874 1778 1754 1541 1469 72 48 1397 1351 1328 1282 72 72 2333 2213 216 1997 1974 1951 667 644 621 192 120 72
is_linear=0
shrinkage=0.05


Tree=56
num_leaves=31
num_cat=0
split_feature=0 0 0 0 0 0 0 0 0 0 0 0 0 0 0 0 0 0 0 0 0 0 0 0 0 0 0 0 0 0
split_gain=0.00037575 0.000100104 9.76082e-05 9.07389e-05 0.000178515 8.78129e-05 8.07219e-05 8.24048e-05 0.000141119 7.39222e-05 7.25251e-05 7.03803e-05 7.20541e-05 6.92301e-05 7.57706e-05 7.57427e-05 6.88094e-05 0.000106544 7.6848e-05 0.000239602 6.83031e-05 7.75275e-05 5.56168e-05 6.68403e-05 5.416e-05 5.08206e-05 4.93254e-05 6.51546e-05 0.000147757 0.000142988
threshold=-0.0020429331696519876 0.0025105642701259119 0.037925976458710924 0.017652897609846101 0.019601077130010799 0.002455247004665716 0.0027107652337801562 0.0030829115671654477 0.0031414737074156002 -0.0021678216366010977 -0.0030078749251793301 -0.0028563024556434264 -0.0029279978062143963 0.0026154520048600363 0.0026553461289055592 0.0025468797556308293 -0.0027023007013469232 -0.0027684927753667743 -0.0023734529641045278 -0.0023106087784343717 0.016328996554610096 0.013471226725432842 -0.0024846611764242489 -0.0024359535633138112 0.023554004996251227 -0.0021144916596704116 -0.0033079396304207726 -0.0042428440131381398 -0.0040419387176810736 -0.0038714621955656691
decision_type=2 2 2 2 2 2 2 2 2 2 2 2 2 2 2 2 2 2 2 2 2 2 2 2 2 2 2 2 2 2
left_child=9 5 3 6 -5 -2 13 -8 -9 10 26 12 -12 15 -15 -3 17 -13 22 -20 21 -10 -18 -24 -6 -11 27 -1 -29 -30
right_child=1 2 -4 4 24 -7 7 8 20 25 11 16 -14 14 -16 -17 18 -19 19 -21 -22 -23 23 -25 -26 -27 -28 28 29 -31
leaf_value=-2.3454611733523411e-05 1.1483740648914234e-06 8.1568759481382111e-05 -5.6472078564262996e-05 0.00018635940566879151 -3.7134616144138152e-05 -9.5114239654018701e-05 -2.1419027355969208e-05 0.00013895872974029297 1.3345253828144147e-05 -0.0001337979407965221 4.183136574600054e-07 1.6644807613414267e-05 0.00012557395784033756 0.00016832742450946091 3.9984617425311035e-05 -4.6750389446970079e-05 5.5593062943839673e-06 -0.00013554498319812727 -0.00016456188472068828 3.3087972975487861e-05 -7.1290580039519986e-05 6.7394559954519153e-05 0.00013680768923064613 1.626515674971692e-05 5.6835821242598096e-05 -2.8688698338278894e-05 -5.6002290511969478e-05 8.3697082664002673e-05 -8.870836585022821e-05 1.340029097415633e-05
leaf_weight=1224 1840 23 46 23 23 24 161 23 1725 23 23 23 23 23 23 23 69 23 23 46 23 69 23 23 46 23 96 48 48 120
leaf_count=1224 1840 23 46 23 23 24 161 23 1725 23 23 23 23 23 23 23 69 23 23 46 23 69 23 23 46 23 96 48 48 120
internal_value=8.45543e-13 8.4615e-06 1.56072e-05 1.71246e-05 6.57241e-05 -9.10587e-08 1.49884e-05 1.28829e-05 1.58843e-05 -1.8649e-05 -1.706e-05 6.53808e-06 6.29961e-05 6.07826e-05 0.000104156 1.74092e-05 -4.75353e-06 -5.94501e-05 8.9206e-06 -3.27953e-05 1.43264e-05 1.54241e-05 3.39502e-05 7.65364e-05 2.55123e-05 -8.12433e-05 -2.13002e-05 -1.89868e-05 6.33099e-06 -1.57736e-05
internal_weight=5953 4095 2231 2185 92 1864 2093 2001 1840 1858 1812 276 46 92 46 46 230 46 184 69 1817 1794 115 46 69 46 1536 1440 216 168
internal_count=5953 4095 2231 2185 92 1864 2093 2001 1840 1858 1812 276 46 92 46 46 230 46 184 69 1817 1794 115 46 69 46 1536 1440 216 168
is_linear=0
shrinkage=0.05


Tree=57
num_leaves=31
num_cat=0
split_feature=0 0 0 0 0 0 0 0 0 0 0 0 0 0 0 0 0 0 0 0 0 0 0 0 0 0 0 0 0 0
split_gain=0.000340335 9.64663e-05 0.000112868 0.000111317 7.99605e-05 9.36368e-05 0.00016111 6.91536e-05 6.50288e-05 5.77661e-05 7.70442e-05 5.55059e-05 9.61559e-05 5.45123e-05 0.000218269 5.01942e-05 6.03234e-05 4.88794e-05 4.69919e-05 4.51128e-05 4.45161e-05 5.88021e-05 0.00013335 0.000129046 0.000153503 7.77349e-05 0.000179009 7.58987e-05 7.49826e-05 5.50482e-05
threshold=0.00077244483763002725 0.00067547072744762228 -0.0030078749251793301 0.00072670769405607709 0.037925976458710924 0.017652897609846101 0.019601077130010799 -0.0028563024556434264 -0.0029279978062143963 0.016328996554610096 0.013471226725432842 -0.0027023007013469232 -0.0027684927753667743 -0.0023734529641045278 -0.0023106087784343717 -0.0024846611764242489 -0.0024359535633138112 0.023554004996251227 0.014341752624165545 0.030803742181755533 -0.0033079396304207726 -0.0042428440131381398 -0.0040419387176810736 -0.0038714621955656691 -0.0037152489831321091 -0.0034946426188443634 -0.0035976423254494368 -0.0041335871280671855 -0.0043218991557717685 -0.0031629927537497452
decision_type=2 2 2 2 2 2 2 2 2 2 2 2 2 2 2 2 2 2 2 2 2 2 2 2 2 2 2 2 2 2
left_child=1 2 20 -3 5 9 -7 8 -4 10 -2 12 -9 15 -15 -13 -17 -8 -12 -19 21 28 27 -24 -25 26 -26 -23 -1 -22
right_child=4 3 7 -5 -6 6 17 11 -10 -11 18 13 -14 14 -16 16 -18 19 -20 -21 29 22 23 24 25 -27 -28 -29 -30 -31
leaf_value=-2.0531734287374093e-05 1.0541960110885021e-05 -0.00015858581358164277 3.9739357105091867e-07 -6.2994219357885121e-06 -5.3648484865097208e-05 0.00017704143943062621 -3.5277859609303289e-05 1.5812574976893222e-05 0.00011929526043114375 -6.7726050695890325e-05 0.00012237903182445419 5.2813323091486119e-06 -0.00012876772335679879 -0.00015633379833003428 -7.2575800696315759e-07 0.00012996730637615143 1.5451902341421535e-05 0.00010350948786767929 3.4847719096274965e-05 4.4785824644824739e-06 -9.1064385439191639e-05 1.6638860446012891e-05 -8.4272945241536948e-05 0.00012583152074512329 3.6019825832530238e-05 2.944771607265769e-05 -0.00015709535460549281 0.0001423855758427332 -0.00010978925511153648 -1.5339966436537602e-05
leaf_weight=1200 2793 24 23 24 46 23 23 23 23 23 23 69 23 23 1116 23 23 23 46 23 48 24 48 24 24 48 24 24 24 48
leaf_count=1200 2793 24 23 24 46 23 23 23 23 23 23 69 23 23 1116 23 23 23 46 23 48 24 48 24 24 48 24 24 24 48
internal_value=6.95088e-14 -1.21434e-05 -1.09726e-05 -8.24426e-05 1.17698e-05 1.27807e-05 6.24379e-05 -4.02383e-07 5.98463e-05 1.11971e-05 1.18314e-05 -2.53426e-06 -5.64776e-05 -5.55478e-07 -3.86797e-06 3.22526e-05 7.27096e-05 2.42367e-05 6.40248e-05 5.3994e-05 -2.02352e-05 -1.80374e-05 6.01444e-06 -1.49849e-05 1.27303e-05 -1.5545e-05 -6.05378e-05 7.95122e-05 -2.22819e-05 -5.32022e-05
internal_weight=5953 2930 2882 48 3023 2977 92 1346 46 2885 2862 1300 46 1254 1139 115 46 69 69 46 1536 1440 216 168 120 96 48 48 1224 96
internal_count=5953 2930 2882 48 3023 2977 92 1346 46 2885 2862 1300 46 1254 1139 115 46 69 69 46 1536 1440 216 168 120 96 48 48 1224 96
is_linear=0
shrinkage=0.05


Tree=58
num_leaves=31
num_cat=0
split_feature=0 0 0 0 0 0 0 0 0 0 0 0 0 0 0 0 0 0 0 0 0 0 0 0 0 0 0 0 0 0
split_gain=0.000308892 7.86327e-05 9.34811e-05 0.000100728 0.000117113 9.20964e-05 6.94102e-05 7.01399e-05 0.000136229 6.77249e-05 0.000108814 0.000123137 5.87657e-05 5.81197e-05 0.000145402 6.36505e-05 5.75054e-05 5.3551e-05 0.000158886 5.30298e-05 7.92799e-05 5.23034e-05 5.06225e-05 5.28314e-05 4.97876e-05 5.55995e-05 0.000422653 0.000227038 0.000188573 0.00015429
threshold=-0.0014914617810069927 0.0050882883699477155 0.0048642353772912509 0.004936100157888609 0.0050197732439822614 0.037925976458710924 -0.0016134251911044878 -0.0092284920864327252 -0.00957397570292093 0.0043200374974826546 0.0046150052830187761 0.0047799479694173282 -0.001692823340305926 0.017652897609846101 0.019601077130010799 0.016328996554610096 -0.0012569284385753766 -0.00084515841527540503 -0.00090423889314186366 -0.0089603765977270908 -0.008675775959136196 0.0045367673985707386 -0.00065709973606036377 -0.00072027814341748045 0.013471226725432842 0.0061281797422286129 0.0062371401705527711 0.0059638842426135109 0.006306648111289598 0.0057200525588598896
decision_type=2 2 2 2 2 2 2 2 2 2 2 2 2 2 2 2 2 2 2 2 2 2 2 2 2 2 2 2 2 2
left_child=6 2 9 -4 -5 13 7 8 -1 16 21 -12 19 15 -15 24 -2 18 -18 -9 -21 -11 23 -19 25 27 -27 29 -28 -3
right_child=1 5 3 4 -6 -7 -8 12 -10 10 11 -13 -14 14 -16 -17 17 22 -20 20 -22 -23 -24 -25 -26 26 28 -29 -30 -31
leaf_value=-2.4676829009138144e-05 4.7762298640589222e-05 4.047287767879544e-05 -0.00013954120703325 6.8391037284922995e-05 -9.1168793606693333e-05 -5.0966067726182274e-05 -7.6485613997489133e-05 6.3556528766639536e-05 -0.0001467423968279036 5.0097291987976466e-05 -5.8430136920398347e-05 8.3262093919430572e-05 7.0388569704094979e-05 0.00016818935116094983 2.3024874962425532e-05 -6.433975447536163e-05 -4.7735936000801463e-06 1.4554103694061506e-05 -0.00014873296075798548 -0.00010149878556452071 -9.8592811683706922e-06 0.00013716166918722753 1.9790796692479287e-06 0.00010736476080795831 6.0823583160105265e-05 -0.00020139000236826102 0.00015721699215330022 0.00013731993953036221 1.1682518308055518e-05 -4.7200031710839333e-05
leaf_weight=480 69 184 23 23 23 46 46 24 24 69 46 23 23 23 69 23 115 46 23 24 1421 23 2140 23 69 23 23 46 690 69
leaf_count=480 69 184 23 23 23 46 46 24 24 69 46 23 23 23 69 23 115 46 23 24 1421 23 2140 23 69 23 23 46 690 69
internal_value=3.52076e-13 8.2298e-06 3.32775e-06 -5.41063e-05 -1.13889e-05 1.84834e-05 -1.57624e-05 -1.43629e-05 -3.04895e-05 4.86556e-06 3.62651e-05 -1.11994e-05 -8.91536e-06 2.11042e-05 5.9316e-05 1.79848e-05 2.77313e-06 1.45048e-06 -2.87668e-05 -1.0157e-05 -1.13813e-05 7.18634e-05 3.33821e-06 4.5491e-05 1.96999e-05 1.69583e-05 9.57195e-06 3.51402e-05 1.63772e-05 1.65621e-05
internal_weight=5953 3911 2646 69 46 1265 2042 1996 504 2577 161 69 1492 1219 92 1127 2416 2347 138 1469 1445 92 2209 69 1104 1035 736 299 713 253
internal_count=5953 3911 2646 69 46 1265 2042 1996 504 2577 161 69 1492 1219 92 1127 2416 2347 138 1469 1445 92 2209 69 1104 1035 736 299 713 253
is_linear=0
shrinkage=0.05


Tree=59
num_leaves=31
num_cat=0
split_feature=0 0 0 0 0 0 0 0 0 0 0 0 0 0 0 0 0 0 0 0 0 0 0 0 0 0 0 0 0 0
split_gain=0.000283623 8.9837e-05 0.00013899 7.1009e-05 6.16274e-05 5.85173e-05 9.09928e-05 5.43039e-05 8.16697e-05 5.43e-05 0.000170545 6.84895e-05 4.99612e-05 0.000105647 8.16137e-05 0.000172999 0.000141772 4.70201e-05 6.96297e-05 4.55097e-05 4.79436e-05 6.70006e-05 5.45085e-05 4.29418e-05 0.000126106 9.37252e-05 3.49939e-05 0.00012316 4.96464e-05 0.000125698
threshold=0.0014859408838954712 -0.0073243711975200807 -0.0071028240303755595 0.046204879040816556 0.0014422045621178062 -0.0077712965683273986 -0.0079879316931693069 -0.0061589658740905584 -0.0062897638870469527 -0.0058656100349734073 -0.0057059410177613791 -0.0059894136610153222 0.010147383968335201 0.0097591273249414082 0.0094889458289314239 0.0091487169768551205 0.0088840703875546299 -0.027323983957631862 -0.022578175613438552 -0.006990260617628352 -0.006647014231557548 -0.0068077683775005999 -0.0064153301772330871 0.011369417766440045 0.011890504689669283 0.010903837729938103 -0.013109586457152869 -0.014744358271977483 -0.017899142657214113 -0.020198907872569026
decision_type=2 2 2 2 2 2 2 2 2 2 2 2 2 2 2 2 2 2 2 2 2 2 2 2 2 2 2 2 2 2
left_child=1 5 -3 12 7 6 17 8 19 11 -11 -9 13 14 15 16 -2 -1 -19 -4 21 -21 -22 25 -25 -14 27 28 29 -20
right_child=3 2 4 -5 -6 -7 -8 9 -10 10 -12 -13 23 -15 -16 -17 -18 18 26 20 22 -23 -24 24 -26 -27 -28 -29 -30 -31
leaf_value=6.6257187616732452e-06 1.0191027286638845e-05 0.00011417835139582166 4.265382152273863e-05 -7.5445179422588461e-05 -8.6456012528894155e-05 -7.9103141873323099e-05 7.3648962370498339e-05 -1.1233391402735532e-05 -0.00011996746416116367 -0.00013783017905855862 -3.8527365511076415e-06 0.000108218071788239 3.0031897620284475e-05 -9.6669133357784673e-05 0.00010474105748353 -0.00012634880902268102 0.00013498074518081369 -0.00011462227703304962 2.9368031209742185e-05 -1.0586658512086918e-05 5.4291635024128482e-05 -0.00012873254284689512 -5.2272568670256681e-05 -9.2379205465397752e-05 2.9479236476670822e-05 0.00014657956230423777 -1.9120403455114383e-05 -0.00011367853033637706 2.0369022513477832e-05 -0.00013245629864589621
leaf_weight=96 2181 24 24 23 24 48 24 24 24 24 2306 24 69 23 23 23 23 24 24 24 24 24 24 23 276 23 360 48 48 24
leaf_count=96 2181 24 24 23 24 48 24 24 24 24 2306 24 69 23 23 23 23 24 24 24 24 24 24 23 276 23 360 48 48 24
internal_value=3.33393e-14 -9.89916e-06 -5.5837e-06 1.20323e-05 -6.71264e-06 -2.58341e-05 -2.18883e-05 -5.95378e-06 -3.5769e-05 -4.14832e-06 -5.23276e-06 4.84923e-05 1.27875e-05 9.94757e-06 1.10374e-05 1.00697e-05 1.14933e-05 -2.55628e-05 -3.14153e-05 -1.89293e-05 -3.4325e-05 -6.96596e-05 1.00953e-06 2.92969e-05 2.01055e-05 5.91688e-05 -2.7453e-05 -4.82845e-05 -1.55876e-05 -5.15441e-05
internal_weight=5953 3266 2570 2687 2546 696 648 2522 144 2378 2330 48 2664 2273 2250 2227 2204 624 528 120 96 48 48 391 299 92 504 144 96 48
internal_count=5953 3266 2570 2687 2546 696 648 2522 144 2378 2330 48 2664 2273 2250 2227 2204 624 528 120 96 48 48 391 299 92 504 144 96 48
is_linear=0
shrinkage=0.05


Tree=60
num_leaves=31
num_cat=0
split_feature=0 0 0 0 0 0 0 0 0 0 0 0 0 0 0 0 0 0 0 0 0 0 0 0 0 0 0 0 0 0
split_gain=0.000257239 7.12435e-05 7.44311e-05 7.02712e-05 5.65882e-05 6.55204e-05 0.00013047 0.000100888 5.57888e-05 0.000131219 6.02529e-05 5.53438e-05 0.000131225 6.20919e-05 0.000112822 7.88013e-05 5.85604e-05 5.44419e-05 4.58656e-05 4.41136e-05 4.31758e-05 5.10027e-05 0.000380689 0.000204902 0.000170709 0.000139247 0.000130591 5.71371e-05 4.63833e-05 4.24102e-05
threshold=-0.0020429331696519876 0.0041256724018377258 0.037925976458710924 -0.0021678216366010977 -0.0022266102823411036 -0.0023734529641045278 -0.0024846611764242489 -0.0023106087784343717 0.0038758061320144379 0.0037412106850754057 0.0039398756813141108 0.017652897609846101 0.019601077130010799 0.0046150052830187761 0.0050882883699477155 0.0045367673985707386 0.016328996554610096 -0.0024359535633138112 -0.0021144916596704116 0.023554004996251227 0.013471226725432842 0.0061281797422286129 0.0062371401705527711 0.0059638842426135109 0.006306648111289598 0.0057200525588598896 0.0064136317100189338 0.0058931692408885454 0.0054712042589986883 0.014341752624165545
decision_type=2 2 2 2 2 2 2 2 2 2 2 2 2 2 2 2 2 2 2 2 2 2 2 2 2 2 2 2 2 2
left_child=3 8 11 4 5 6 -1 -7 9 -2 -10 13 -13 15 -15 -3 20 -8 -5 -14 21 23 -23 25 -24 28 -26 -27 -16 -22
right_child=1 2 -4 18 -6 7 17 -9 10 -11 -12 12 19 14 16 -17 -18 -19 -20 -21 29 22 24 -25 26 27 -28 -29 -30 -31
leaf_value=-1.558065422438374e-05 1.6506259712284355e-06 2.9829472383636932e-05 -4.7268612900591948e-05 -0.00012638614849572112 6.404723592466959e-05 -0.0001478315027349669 0.00012415454662202495 2.6368494297418262e-07 -0.00010648992568388602 8.6906441356404695e-05 -1.3043118957759127e-05 0.00015830592892598363 -3.6139162005818673e-05 -3.1529764444290986e-05 1.849425712387766e-05 0.0001297940284332625 -6.2596750301410162e-05 1.5364912004493502e-05 -2.6532371038743095e-05 4.8669101543846015e-05 0.00011174493415044549 -0.0001918300595919035 0.00014884658478916642 0.00012994439780216098 -0.00010676202457587984 -7.7522432998786993e-05 1.4416204586736279e-05 1.8996122272928127e-05 7.0348724345777828e-05 2.8590198084914488e-05
leaf_weight=1697 2393 138 46 23 23 23 23 23 23 46 69 23 23 138 115 23 23 23 23 46 23 23 23 46 23 46 667 23 69 46
leaf_count=1697 2393 138 46 23 23 23 23 23 23 46 69 23 23 138 115 23 23 23 23 46 23 23 23 46 23 46 667 23 69 46
internal_value=2.13822e-13 7.0011e-06 1.53907e-05 -1.54303e-05 -1.3881e-05 -1.48829e-05 -1.33284e-05 -7.37839e-05 1.81683e-06 3.25857e-06 -3.64048e-05 1.72895e-05 5.48762e-05 1.48646e-05 1.11424e-05 4.41101e-05 1.63676e-05 6.97597e-05 -7.64593e-05 2.03997e-05 1.80127e-05 1.54596e-05 8.38514e-06 3.28737e-05 1.48437e-05 1.52244e-05 1.03769e-05 -4.53496e-05 3.79397e-05 5.63084e-05
internal_weight=5953 4095 1564 1858 1812 1789 1743 46 2531 2439 92 1518 92 1426 1265 161 1127 46 46 69 1104 1035 736 299 713 253 690 69 184 69
internal_count=5953 4095 1564 1858 1812 1789 1743 46 2531 2439 92 1518 92 1426 1265 161 1127 46 46 69 1104 1035 736 299 713 253 690 69 184 69
is_linear=0
shrinkage=0.05


Tree=61
num_leaves=31
num_cat=0
split_feature=0 0 0 0 0 0 0 0 0 0 0 0 0 0 0 0 0 0 0 0 0 0 0 0 0 0 0 0 0 0
split_gain=0.000235194 9.08298e-05 0.000100464 8.14612e-05 6.47469e-05 5.86885e-05 5.79948e-05 4.96676e-05 5.39211e-05 7.04541e-05 4.7969e-05 8.67807e-05 4.74213e-05 0.000176615 4.64699e-05 0.000136502 4.61686e-05 5.8512e-05 4.8583e-05 4.37043e-05 5.86601e-05 8.79196e-05 4.31565e-05 0.000169279 0.000128306 0.000102367 8.93909e-05 8.40905e-05 7.89118e-05 6.95873e-05
threshold=0.00077244483763002725 0.00067547072744762228 0.00072670769405607709 -0.0030078749251793301 -0.0028563024556434264 -0.0029279978062143963 0.046204879040816556 0.0075114621539750922 0.0010279278069603649 0.0011850831211700596 -0.0027023007013469232 -0.0027684927753667743 -0.0023734529641045278 -0.0023106087784343717 0.0013032371064385356 0.001336628976900265 0.0076473147461918961 0.007776959479531248 0.0080992043414310679 0.0073770644335394682 0.0072762817437040887 0.00704907535732962 -0.0035976423254494368 -0.0038714621955656691 -0.0034946426188443634 -0.0039474372548191769 -0.0042428440131381398 -0.0040419387176810736 -0.0033079396304207726 -0.0043218991557717685
decision_type=2 2 2 2 2 2 2 2 2 2 2 2 2 2 2 2 2 2 2 2 2 2 2 2 2 2 2 2 2 2
left_child=1 3 -3 22 5 -5 7 8 -2 -10 11 -6 -12 -14 -11 -16 -9 -18 -19 20 21 -17 23 25 -24 26 29 -28 -26 -1
right_child=6 2 -4 4 10 -7 -8 16 9 14 12 -13 13 -15 15 19 17 18 -20 -21 -22 -23 24 -25 28 -27 27 -29 -30 -31
leaf_value=-1.6848842644738703e-05 3.9593888480643128e-05 -0.00015064538868803841 -5.973305815132335e-06 1.8421535218215508e-06 1.6486571099528153e-05 0.00011479512164521072 -6.9309475214180096e-05 9.2030818410896017e-05 -4.3468399978034239e-05 5.5458678692351298e-05 3.03978355077561e-05 -0.00012086470593678078 -0.00014043993338102315 -4.6515298149675663e-07 -0.00011285668369964696 8.534134364647089e-06 -5.8375810982872046e-05 7.2282111669546396e-05 1.8881630527847966e-05 -6.1463073855164745e-05 8.7247276109258599e-05 -6.1390247759371294e-05 -0.00014777596055258376 7.8344018190061132e-05 2.943996090228514e-05 -0.00011956445426524927 7.7001237999259816e-05 -3.7624874676112088e-05 -4.9077439249837577e-05 -0.00010283516506509235
leaf_weight=1200 120 24 24 23 23 23 23 23 72 48 115 23 23 1116 24 1977 23 46 575 23 23 46 24 48 48 24 48 24 96 24
leaf_count=1200 120 24 24 23 23 23 23 23 72 48 115 23 23 1116 24 1977 23 46 575 23 23 46 24 48 48 24 48 24 96 24
internal_value=-5.99723e-13 -1.00949e-05 -7.83093e-05 -8.95874e-06 2.11606e-08 5.83186e-05 9.7843e-06 1.03907e-05 6.95074e-06 5.18066e-06 -2.04167e-06 -5.21891e-05 -2.02136e-07 -3.29168e-06 6.81669e-06 5.70115e-06 2.24228e-05 1.99368e-05 2.28372e-05 7.0764e-06 7.84688e-06 6.94416e-06 -1.68278e-05 -1.38908e-05 -4.07437e-05 -1.72448e-05 -1.535e-05 3.87925e-05 -2.2905e-05 -1.85348e-05
internal_weight=5953 2930 48 2882 1346 46 3023 3000 2333 2213 1300 46 1254 1139 2141 2093 667 644 621 2069 2046 2023 1536 1368 168 1320 1296 72 144 1224
internal_count=5953 2930 48 2882 1346 46 3023 3000 2333 2213 1300 46 1254 1139 2141 2093 667 644 621 2069 2046 2023 1536 1368 168 1320 1296 72 144 1224
is_linear=0
shrinkage=0.05


Tree=62
num_leaves=31
num_cat=0
split_feature=0 0 0 0 0 0 0 0 0 0 0 0 0 0 0 0 0 0 0 0 0 0 0 0 0 0 0 0 0 0
split_gain=0.000213147 7.27467e-05 0.000127783 8.48142e-05 5.9687e-05 5.47412e-05 6.04443e-05 0.000118431 5.28119e-05 8.23189e-05 5.11366e-05 0.000151245 6.18118e-05 5.08377e-05 4.71891e-05 5.96665e-05 4.5942e-05 4.9989e-05 4.32691e-05 6.0468e-05 4.91939e-05 3.98126e-05 4.07143e-05 3.82752e-05 3.21025e-05 8.53631e-05 7.49622e-05 4.95145e-05 3.1698e-05 9.10272e-05
threshold=0.0014859408838954712 -0.0073243711975200807 -0.006990260617628352 -0.0061589658740905584 0.0014422045621178062 0.037925976458710924 0.017652897609846101 0.019601077130010799 -0.0077712965683273986 -0.0082134807213181931 -0.0058656100349734073 -0.0057059410177613791 -0.0059894136610153222 -0.0062897638870469527 -0.027323983957631862 -0.022578175613438552 0.016328996554610096 0.013471226725432842 -0.006647014231557548 -0.0068077683775005999 -0.0064153301772330871 0.023554004996251227 0.030803742181755533 0.014341752624165545 -0.0050608455083966082 -0.0052288518901749846 -0.0046926363438754707 -0.004954723710388219 -0.020198907872569026 -0.017899142657214113
decision_type=2 2 2 2 2 2 2 2 2 2 2 2 2 2 2 2 2 2 2 2 2 2 2 2 2 2 2 2 2 2
left_child=1 8 -3 13 10 6 16 -8 9 14 12 -12 -5 18 -1 -16 17 -2 19 -4 -20 -9 -23 -19 25 -13 27 -26 -17 -30
right_child=5 2 3 4 -6 -7 7 21 -10 -11 11 24 -14 -15 15 28 -18 23 20 -21 -22 22 -24 -25 26 -27 -28 -29 29 -31
leaf_value=7.915900584976044e-06 9.39736399327008e-06 7.6116767801674237e-05 -8.4358558524399992e-06 -9.0502605113821736e-06 -8.2642457588614582e-05 -4.3644485587087139e-05 0.0001494465545123524 -3.5276314144499814e-05 -7.3526508397966006e-05 4.3834389646235654e-05 -0.00012931719538755715 9.4595361588289961e-07 0.00010442865313962102 -0.00011234760598502664 -0.00010726967739174143 2.9521098137289911e-05 -6.0410976711073489e-05 0.00010521360923121392 5.3198535412472361e-05 -0.00012067444816542169 -4.8037469484067217e-05 9.2331246655110434e-05 -1.7481208171533503e-06 2.6216599002035095e-05 3.9377375893915692e-06 0.00010637362230833485 -2.8213235917141175e-06 -8.4020404998833934e-05 -0.00012421200517565012 -2.4168141499103514e-05
leaf_weight=96 2457 48 24 24 24 46 23 23 48 48 24 96 24 24 24 24 23 23 24 24 24 23 23 46 24 24 2114 48 24 432
leaf_count=96 2457 48 24 24 24 46 23 23 48 48 24 96 24 24 24 24 23 23 24 24 24 23 23 46 24 24 2114 48 24 432
internal_value=-1.44201e-13 -8.58158e-06 -4.69823e-06 -6.23634e-06 -4.1869e-06 1.04308e-05 1.13726e-05 5.11883e-05 -2.2921e-05 -1.91724e-05 -3.39508e-06 -4.44746e-06 4.76892e-05 -4.72594e-05 -2.42129e-05 -3.03327e-05 9.93556e-06 1.05761e-05 -3.09873e-05 -6.45552e-05 2.58053e-06 1.84356e-05 4.52916e-05 5.25489e-05 -3.14786e-06 2.20315e-05 -4.53008e-06 -5.4701e-05 -2.64859e-05 -2.94336e-05
internal_weight=5953 3266 2570 2522 2402 2687 2641 92 696 648 2378 2330 48 120 600 504 2549 2526 96 48 48 69 46 69 2306 120 2186 72 480 456
internal_count=5953 3266 2570 2522 2402 2687 2641 92 696 648 2378 2330 48 120 600 504 2549 2526 96 48 48 69 46 69 2306 120 2186 72 480 456
is_linear=0
shrinkage=0.05


Tree=63
num_leaves=31
num_cat=0
split_feature=0 0 0 0 0 0 0 0 0 0 0 0 0 0 0 0 0 0 0 0 0 0 0 0 0 0 0 0 0 0
split_gain=0.00019408 0.000155726 5.50118e-05 0.000123842 4.79243e-05 7.14347e-05 4.72296e-05 6.1167e-05 4.68587e-05 0.000147876 4.61922e-05 4.76804e-05 4.54846e-05 0.000150005 0.000143697 0.000361527 0.000142581 0.000128703 6.81373e-05 4.4823e-05 0.000122878 7.74138e-05 7.25332e-05 8.5858e-05 9.57666e-05 0.000111907 0.000100845 3.98688e-05 0.000106884 4.80512e-05
threshold=-0.00084515841527540503 -0.00090423889314186366 -0.0092284920864327252 -0.00957397570292093 -0.0089603765977270908 -0.008675775959136196 0.0052305128332245888 0.037925976458710924 0.0046150052830187761 0.0044867306992448638 -0.00065709973606036377 -0.00072027814341748045 0.0057200525588598896 0.0058931692408885454 0.0061281797422286129 0.0062371401705527711 0.006306648111289598 0.0064136317100189338 0.0059638842426135109 -0.010110776558653363 -0.010382870609192218 -0.011431649397759874 -0.011860397195859339 -0.01241668460002244 -0.016018514911379168 -0.017899142657214113 -0.020198907872569026 0.017652897609846101 0.019601077130010799 0.016328996554610096
decision_type=2 2 2 2 2 2 2 2 2 2 2 2 2 2 2 2 2 2 2 2 2 2 2 2 2 2 2 2 2 2
left_child=1 2 3 19 -4 -6 8 12 9 10 11 -2 -8 -14 18 -16 -17 -18 -15 20 21 22 23 24 25 26 -1 29 -29 -19
right_child=6 -3 4 -5 5 -7 7 -9 -10 -11 -12 -13 13 14 15 16 17 27 -20 -21 -22 -23 -24 -25 -26 -27 -28 28 -30 -31
leaf_value=-7.2967977429369877e-06 1.4100828775553965e-05 -0.00014102188582435938 6.4164605282712736e-05 -0.00013561938152027627 -9.2637963338878165e-05 -5.759906868241371e-06 4.4278001518830646e-05 -4.1462304255654332e-05 -2.1199763964234635e-05 9.3769152137769128e-05 1.9402036814372454e-06 0.00010227094994068308 -7.4542883845899035e-05 1.7149734776467086e-05 -0.00018313511973246934 0.00014050768015453206 -0.0001023204957559558 1.6000147308496394e-05 0.00012255060010711135 2.6602009150641e-05 -0.0001342769875918748 2.9188193800817116e-05 -0.00011170377656526398 6.9360328294957679e-05 -6.9846747025318715e-05 9.2310361045141093e-05 -0.00011800142444068722 0.00014197420728716839 1.7513827419795724e-05 -5.739041168809585e-05
leaf_weight=144 46 23 24 24 24 1674 138 46 184 46 2186 23 46 23 23 23 23 736 46 48 24 72 24 24 96 24 24 23 69 23
leaf_count=144 46 23 24 24 24 1674 138 46 184 46 2186 23 46 23 23 23 23 736 46 48 24 72 24 24 96 24 24 23 69 23
internal_value=-9.05805e-13 -1.1586e-05 -1.02486e-05 -2.47776e-05 -5.99619e-06 -6.98787e-06 7.03479e-06 1.5096e-05 3.08039e-06 5.02196e-06 3.2116e-06 4.34909e-05 1.7314e-05 1.37188e-05 1.7824e-05 1.26046e-05 1.76235e-05 1.43897e-05 8.7417e-05 -1.92355e-05 -2.43286e-05 -1.7861e-05 -2.7943e-05 -2.14999e-05 -2.90716e-05 -8.68398e-06 -2.31117e-05 1.75441e-05 4.86289e-05 1.37762e-05
internal_weight=5953 2249 2226 504 1722 1698 3704 1219 2485 2301 2255 69 1173 1035 989 920 897 874 69 480 432 408 336 312 288 192 168 851 92 759
internal_count=5953 2249 2226 504 1722 1698 3704 1219 2485 2301 2255 69 1173 1035 989 920 897 874 69 480 432 408 336 312 288 192 168 851 92 759
is_linear=0
shrinkage=0.05


Tree=64
num_leaves=31
num_cat=0
split_feature=0 0 0 0 0 0 0 0 0 0 0 0 0 0 0 0 0 0 0 0 0 0 0 0 0 0 0 0 0 0
split_gain=0.000178499 6.10366e-05 9.75836e-05 9.71699e-05 6.14654e-05 5.97629e-05 7.64435e-05 6.92982e-05 0.00013015 6.24802e-05 6.8383e-05 6.83578e-05 5.4275e-05 5.29664e-05 4.7926e-05 4.27862e-05 4.20075e-05 0.000149367 0.000115796 9.43321e-05 7.74538e-05 7.58917e-05 7.12179e-05 6.84986e-05 6.45371e-05 4.9681e-05 4.17174e-05 6.20137e-05 9.18057e-05 4.09676e-05
threshold=-0.0030078749251793301 0.0021205127434794188 0.0022534084520796855 0.0021827998122470314 -0.0028563024556434264 0.0025105642701259119 0.0027107652337801562 0.0030829115671654477 0.0031414737074156002 0.0026154520048600363 0.0026553461289055592 0.0025468797556308293 0.002455247004665716 -0.0029279978062143963 0.046204879040816556 0.0030327807007904969 -0.0035976423254494368 -0.0038714621955656691 -0.0034946426188443634 -0.0039474372548191769 -0.0042428440131381398 -0.0040419387176810736 -0.0033079396304207726 -0.0041335871280671855 -0.0043218991557717685 -0.0031629927537497452 -0.0045885086614475172 -0.004954723710388219 -0.0054481196936981341 0.0033884638574101299
decision_type=2 2 2 2 2 2 2 2 2 2 2 2 2 2 2 2 2 2 2 2 2 2 2 2 2 2 2 2 2 2
left_child=16 4 3 -3 13 12 9 15 -9 11 -11 -7 -4 -2 29 -8 17 19 -18 20 24 23 -20 -22 26 -24 27 28 -1 -10
right_child=1 2 5 -5 -6 6 7 8 14 10 -12 -13 -14 -15 -16 -17 18 -19 22 -21 21 -23 25 -25 -26 -27 -28 -29 -30 -31
leaf_value=-1.7917972832638561e-05 2.1791060293174309e-06 9.9308171532660104e-06 -8.5044903358995793e-06 0.00015221130862907257 -2.635589819209845e-06 7.5278603395892557e-05 -1.2036942708632061e-05 0.0001297990634592007 -1.7925632343141606e-05 0.00015769933121666092 3.5773661701292126e-05 -4.6624594023856139e-05 -9.2570245336294957e-05 0.00010948442985587146 -6.1588679723765548e-05 -8.5696913368377392e-05 -0.00013995810900269134 7.4855880529867147e-05 2.8397015679123191e-05 -0.00011315716474200599 1.3850563118467108e-05 -3.5314571869093923e-05 -8.2163612266109942e-05 0.00013330992660485209 -9.7264347641612406e-05 -1.0225397886642895e-05 3.1214391234849852e-05 -6.1289604491321367e-05 3.3307226134127176e-05 1.2847184305196526e-05
leaf_weight=984 23 24 96 24 1972 23 138 23 115 23 23 23 24 23 23 23 24 48 48 24 24 24 48 24 24 48 48 72 96 1817
leaf_count=984 23 24 96 24 1972 23 138 23 115 23 23 23 24 23 23 23 24 48 48 24 24 24 48 24 24 48 48 72 96 1817
internal_value=-5.80527e-13 5.10566e-06 1.04964e-05 8.10711e-05 -1.30284e-06 9.05547e-06 1.09043e-05 8.98485e-06 1.15524e-05 5.55318e-05 9.67365e-05 1.4327e-05 -2.53176e-05 5.58318e-05 1.01613e-05 -2.25598e-05 -1.46821e-05 -1.17844e-05 -3.82774e-05 -1.4935e-05 -1.3116e-05 3.7282e-05 -2.13307e-05 7.35802e-05 -1.60806e-05 -4.61945e-05 -1.4457e-05 -1.63599e-05 -1.33646e-05 1.10155e-05
internal_weight=5953 4417 2399 48 2018 2351 2231 2139 1978 92 46 46 120 46 1955 161 1536 1368 168 1320 1296 72 144 48 1224 96 1200 1152 1080 1932
internal_count=5953 4417 2399 48 2018 2351 2231 2139 1978 92 46 46 120 46 1955 161 1536 1368 168 1320 1296 72 144 48 1224 96 1200 1152 1080 1932
is_linear=0
shrinkage=0.05


Tree=65
num_leaves=31
num_cat=0
split_feature=0 0 0 0 0 0 0 0 0 0 0 0 0 0 0 0 0 0 0 0 0 0 0 0 0 0 0 0 0 0
split_gain=0.000162574 6.74366e-05 4.85452e-05 5.57542e-05 0.000107887 8.2218e-05 4.91338e-05 4.6856e-05 7.8876e-05 9.09069e-05 0.000105694 5.41192e-05 9.70309e-05 9.00072e-05 5.11083e-05 4.13937e-05 3.74491e-05 3.84531e-05 3.5913e-05 9.64625e-05 4.372e-05 3.59309e-05 3.67446e-05 3.40166e-05 4.40087e-05 0.00030862 0.000166046 0.000140052 0.000114512 0.000105459
threshold=-0.0020429331696519876 -0.0021678216366010977 -0.0022266102823411036 -0.0023734529641045278 -0.0024846611764242489 -0.0023106087784343717 -0.0024359535633138112 0.0050882883699477155 0.0048642353772912509 0.004936100157888609 0.0050197732439822614 0.0047799479694173282 0.0046995108834841795 0.0043200374974826546 0.037925976458710924 -0.0021144916596704116 0.0046150052830187761 0.0045367673985707386 0.017652897609846101 0.019601077130010799 0.016328996554610096 0.023554004996251227 0.030803742181755533 0.013471226725432842 0.0061281797422286129 0.0062371401705527711 0.0059638842426135109 0.006306648111289598 0.0057200525588598896 0.0064136317100189338
decision_type=2 2 2 2 2 2 2 2 2 2 2 2 2 2 2 2 2 2 2 2 2 2 2 2 2 2 2 2 2 2
left_child=1 2 3 4 -1 -5 -6 8 11 -10 -11 12 13 -2 18 -3 17 -15 20 -20 23 -21 -23 24 26 -26 28 -27 -9 -29
right_child=7 15 -4 5 6 -7 -8 14 9 10 -12 -13 -14 16 -16 -17 -18 -19 19 21 -22 22 -24 -25 25 27 -28 29 -30 -31
leaf_value=-1.2291129375238019e-05 1.6196107086563836e-06 -0.00011948274534560092 6.142897890759227e-05 -0.00013285709861994964 0.00011698777088895441 8.346090908162296e-07 1.3637617129184631e-05 3.3108339188767949e-05 -0.00013197615373191303 6.5559467285588059e-05 -8.6022358189676091e-05 7.9686977582953318e-05 -9.9597619966674693e-05 4.2424976960563181e-05 -3.8170615477176164e-05 -2.4621659841890823e-05 -1.0243644777327301e-05 0.00011707693536110406 0.00013423313958691837 -3.5030560862334984e-05 -5.5163257512385432e-05 8.619662972784642e-05 -3.1787436455488206e-06 4.8479119879261094e-05 -0.00017462073056262657 0.00013283993027036323 0.0001157807077264727 -9.7846838462314537e-05 -4.2422106755269773e-05 1.1048675367902192e-05
leaf_weight=1697 2600 23 23 23 23 23 23 184 23 23 23 23 23 69 46 23 23 23 23 23 23 23 23 69 23 23 46 23 69 667
leaf_count=1697 2600 23 23 23 23 23 23 184 23 23 23 23 23 69 46 23 23 23 23 23 23 23 23 69 23 23 46 23 69 667
internal_value=-2.43179e-13 -1.22668e-05 -1.07491e-05 -1.1677e-05 -1.02431e-05 -6.60112e-05 6.53127e-05 5.56574e-06 1.98991e-06 -5.0813e-05 -1.02314e-05 3.3095e-06 2.66791e-06 3.53425e-06 1.35654e-05 -7.20522e-05 4.68216e-05 6.1088e-05 1.55177e-05 4.55551e-05 1.30657e-05 1.59958e-05 4.15089e-05 1.44871e-05 1.2221e-05 5.6495e-06 2.83971e-05 1.14647e-05 1.25091e-05 7.41882e-06
internal_weight=5953 1858 1812 1789 1743 46 46 4095 2830 69 46 2761 2738 2715 1265 46 115 92 1219 92 1127 69 46 1104 1035 736 299 713 253 690
internal_count=5953 1858 1812 1789 1743 46 46 4095 2830 69 46 2761 2738 2715 1265 46 115 92 1219 92 1127 69 46 1104 1035 736 299 713 253 690
is_linear=0
shrinkage=0.05


Tree=66
num_leaves=31
num_cat=0
split_feature=0 0 0 0 0 0 0 0 0 0 0 0 0 0 0 0 0 0 0 0 0 0 0 0 0 0 0 0 0 0
split_gain=0.000148691 8.85923e-05 7.6198e-05 0.000423396 9.39094e-05 4.97142e-05 0.000175574 0.000149609 9.88684e-05 4.71539e-05 5.11264e-05 4.57638e-05 0.000111767 4.48342e-05 4.76717e-05 4.47743e-05 6.73149e-05 4.43461e-05 6.31165e-05 4.04528e-05 0.000110897 6.9866e-05 6.54613e-05 7.74868e-05 8.64294e-05 0.000100996 9.1013e-05 3.97985e-05 3.95926e-05 0.000126066
threshold=0.00077244483763002725 0.00062509647156369869 0.00041126910178810976 0.00036662862087073848 -0.000162869263940615 -0.00031255517857436922 -0.00035314206361493247 -0.00047080791346445079 -0.0005124692770228505 0.00072670769405607709 0.00067547072744762228 -0.0092284920864327252 -0.00957397570292093 0.0002435901031547042 0.00013204638075740274 0.0010279278069603649 0.0011850831211700596 -0.0089603765977270908 -0.008675775959136196 -0.010110776558653363 -0.010382870609192218 -0.011431649397759874 -0.011860397195859339 -0.01241668460002244 -0.016018514911379168 -0.017899142657214113 -0.020198907872569026 -0.011055501685961366 0.0013032371064385356 0.001336628976900265
decision_type=2 2 2 2 2 2 2 2 2 2 2 2 2 2 2 2 2 2 2 2 2 2 2 2 2 2 2 2 2 2
left_child=1 2 3 4 5 6 7 8 11 10 -3 12 19 14 -6 -2 -17 -13 -19 20 21 22 23 24 25 26 -1 -23 -18 -30
right_child=15 9 -4 -5 13 -7 -8 -9 -10 -11 -12 17 -14 -15 -16 16 28 18 -20 -21 -22 27 -24 -25 -26 -27 -28 -29 29 -31
leaf_value=-5.4215000697392199e-06 3.7709057287429467e-05 -3.9812967952457259e-05 3.7144606791154427e-05 -0.00021726316418077356 2.0704893455315784e-05 -6.0529051199370342e-05 0.00012943351783020342 -9.8680398118828998e-05 9.5517405703582857e-05 -5.5797750974306842e-06 -0.00014301825649454258 6.2466817447178383e-05 -0.0001273279486364724 -1.698468346755059e-05 7.9878592714521801e-05 -4.1200125190875446e-05 5.2780588172633237e-05 -8.6495607562634783e-05 -4.8829440898382209e-06 2.6782367679819193e-05 -0.00012605269578974305 8.1810950390111747e-05 -0.00010460813743217539 6.7402761487755924e-05 -6.4843947817886746e-05 8.9205293018797727e-05 -0.00011059089544384431 2.9533825302981619e-06 -0.00010711899211249449 7.9726487175084367e-06
leaf_weight=144 120 24 96 24 117 46 23 46 23 24 24 24 24 48 48 72 48 24 1835 48 24 24 24 24 96 24 24 48 24 2759
leaf_count=144 120 24 96 24 117 46 23 46 23 24 24 24 24 48 48 72 48 24 1835 48 24 24 24 24 96 24 24 48 24 2759
internal_value=-2.23178e-13 -8.02656e-06 -6.64659e-06 -8.16866e-06 -6.33584e-06 -9.02531e-06 -8.06961e-06 -9.35731e-06 -7.65239e-06 -6.28037e-05 -9.14156e-05 -8.64648e-06 -2.20283e-05 2.55464e-05 3.79191e-05 7.77963e-06 6.54245e-06 -5.06473e-06 -5.93658e-06 -1.67633e-05 -2.16017e-05 -1.54575e-05 -2.50354e-05 -1.89144e-05 -2.61075e-05 -6.73933e-06 -2.04457e-05 2.92392e-05 7.75668e-06 6.98012e-06
internal_weight=5953 2930 2858 2762 2738 2525 2479 2456 2410 72 48 2387 504 213 165 3023 2903 1883 1859 480 432 408 336 312 288 192 168 72 2831 2783
internal_count=5953 2930 2858 2762 2738 2525 2479 2456 2410 72 48 2387 504 213 165 3023 2903 1883 1859 480 432 408 336 312 288 192 168 72 2831 2783
is_linear=0
shrinkage=0.05


Tree=67
num_leaves=31
num_cat=0
split_feature=0 0 0 0 0 0 0 0 0 0 0 0 0 0 0 0 0 0 0 0 0 0 0 0 0 0 0 0 0 0
split_gain=0.000135602 4.64977e-05 8.89562e-05 8.76959e-05 5.70459e-05 5.28067e-05 7.01739e-05 6.09749e-05 0.000123255 0.000103669 5.63884e-05 6.17157e-05 6.16929e-05 4.89831e-05 4.78022e-05 4.177e-05 3.94025e-05 7.83196e-05 4.45876e-05 7.60739e-05 5.37102e-05 8.90941e-05 3.89074e-05 0.00013373 0.000104506 8.57568e-05 6.88937e-05 6.84923e-05 6.42741e-05 6.182e-05
threshold=-0.0030078749251793301 0.0021205127434794188 0.0022534084520796855 0.0021827998122470314 -0.0028563024556434264 0.0025105642701259119 0.0027107652337801562 0.0030829115671654477 0.0032080433903018475 0.0032910703023802911 0.0026154520048600363 0.0026553461289055592 0.0025468797556308293 0.002455247004665716 -0.0029279978062143963 0.046204879040816556 -0.0027023007013469232 -0.0027684927753667743 -0.0024359535633138112 -0.0024846611764242489 -0.0023106087784343717 -0.0023734529641045278 -0.0035976423254494368 -0.0038714621955656691 -0.0034946426188443634 -0.0039474372548191769 -0.0042428440131381398 -0.0040419387176810736 -0.0033079396304207726 -0.0041335871280671855
decision_type=2 2 2 2 2 2 2 2 2 2 2 2 2 2 2 2 2 2 2 2 2 2 2 2 2 2 2 2 2 2
left_child=22 4 3 -3 14 13 10 -8 -9 -10 12 -12 -7 -4 -2 -11 17 -6 19 -18 21 -20 23 25 -24 26 -1 29 -26 -28
right_child=1 2 5 -5 16 6 7 8 9 15 11 -13 -14 -15 -16 -17 18 -19 20 -21 -22 -23 24 -25 28 -27 27 -29 -30 -31
leaf_value=-1.4050923728896152e-05 2.9288697987794879e-06 8.9546675250555093e-06 -8.5588785807999567e-06 0.00014412113551619162 1.7081808460795361e-05 7.1035056253490242e-05 -2.1911417735615451e-05 9.0974649292943277e-05 -6.6001576250646789e-05 1.0796441121432199e-05 0.00014933475075573055 3.3505367616231996e-05 -4.4772974354640141e-05 -8.8421336052609459e-05 0.0001048689169692807 -5.6999353831127769e-05 6.3815517827659251e-06 -0.00011340192526720626 1.3199882359122454e-05 0.000111382521952138 -1.6664700367206256e-06 -0.00012597009271026448 -0.00013210149961651041 7.197178686813763e-05 2.7835879639800016e-05 -0.00010664061022301515 1.4016722949842612e-05 -3.2690139293360219e-05 -4.302607619782369e-05 0.00012750313035212458
leaf_weight=1224 23 24 96 24 23 23 161 46 46 1863 23 23 23 24 23 23 69 23 23 23 1788 23 24 48 48 24 24 24 96 24
leaf_count=1224 23 24 96 24 23 23 161 46 46 1863 23 23 23 24 23 23 69 23 23 23 1788 23 24 48 48 24 24 24 96 24
internal_value=-3.35562e-13 4.45007e-06 9.15515e-06 7.65379e-05 -1.14334e-06 7.77941e-06 9.51733e-06 7.67826e-06 1.00867e-05 8.16082e-06 5.22756e-05 9.14201e-05 1.3131e-05 -2.45314e-05 5.38989e-05 9.96966e-06 -2.42728e-06 -4.81601e-05 -1.33501e-06 3.26318e-05 -3.03891e-06 -5.63851e-05 -1.27969e-05 -1.00081e-05 -3.55049e-05 -1.29892e-05 -1.1255e-05 3.62766e-05 -1.94054e-05 7.07599e-05
internal_weight=5953 4417 2399 48 2018 2351 2231 2139 1978 1932 92 46 46 120 46 1886 1972 46 1926 92 1834 46 1536 1368 168 1320 1296 72 144 48
internal_count=5953 4417 2399 48 2018 2351 2231 2139 1978 1932 92 46 46 120 46 1886 1972 46 1926 92 1834 46 1536 1368 168 1320 1296 72 144 48
is_linear=0
shrinkage=0.05


Tree=68
num_leaves=31
num_cat=0
split_feature=0 0 0 0 0 0 0 0 0 0 0 0 0 0 0 0 0 0 0 0 0 0 0 0 0 0 0 0 0 0
split_gain=0.000122641 7.18672e-05 5.42092e-05 4.7527e-05 5.05313e-05 0.000138256 8.93058e-05 4.04301e-05 3.67342e-05 4.35786e-05 0.000139021 0.000126967 7.91521e-05 7.46879e-05 4.30315e-05 4.03344e-05 0.000207661 0.000231684 6.04583e-05 3.78475e-05 0.000100819 9.88925e-05 3.53436e-05 3.46038e-05 3.52408e-05 9.70083e-05 7.22092e-05 0.000158202 0.000126088 4.25142e-05
threshold=-0.0014914617810069927 -0.0016134251911044878 -0.001692823340305926 -0.0012569284385753766 -0.00084515841527540503 -0.00097511174216158541 -0.0010293214599905137 -0.0015545041955692732 -0.00065709973606036377 -0.00035314206361493247 -0.00047080791346445079 -0.00031255517857436922 -0.00022876870682006855 -0.0005124692770228505 -0.00072027814341748045 0.0002435901031547042 0.00041126910178810976 0.00036662862087073848 6.4428457785339205e-05 0.00056287761173926356 0.00072670769405607709 0.00067547072744762228 0.00051901544814576155 0.046204879040816556 0.010147383968335201 0.0097591273249414082 0.0094889458289314239 0.0091487169768551205 0.0088840703875546299 0.011369417766440045
decision_type=2 2 2 2 2 2 2 2 2 2 2 2 2 2 2 2 2 2 2 2 2 2 2 2 2 2 2 2 2 2
left_child=1 2 -1 -2 5 6 -5 -3 14 10 13 -11 -13 -10 -6 18 17 -17 -14 22 21 -21 -18 24 25 26 27 28 -22 -26
right_child=3 7 -4 4 8 -7 -8 -9 9 11 -12 12 15 -15 -16 16 19 -19 -20 20 23 -23 -24 -25 29 -27 -28 -29 -30 -31
leaf_value=-9.397659537751092e-06 4.6314869009159118e-05 -0.00011859587851265883 6.7809831133395764e-05 -1.8314173862102284e-05 1.3774064142995961e-05 -9.6036838215735293e-05 9.5452579989796513e-05 -2.4845411699852378e-05 -1.3215228500484955e-05 0.00012304516175113943 -9.3663057265550145e-05 -8.7267318209025851e-05 5.9774520258511545e-06 9.0824855104311506e-05 9.7535675108108841e-05 -1.6052118886970372e-05 1.7462297394862012e-05 -0.00020631667208969399 6.4306076031546894e-05 -1.1478120056077995e-05 5.5656196410363861e-06 -0.00013578401819055823 9.1775447799591348e-05 -5.4149378253066028e-05 5.1142356675842648e-05 -9.6903694793581965e-05 9.4435990626073399e-05 -0.00012509938267058992 0.00012316370120179669 1.2274010365855707e-05
leaf_weight=1973 69 23 23 69 46 46 23 23 69 23 46 23 116 23 23 48 48 24 72 48 2541 24 24 23 92 23 23 23 23 299
leaf_count=1973 69 23 23 69 46 46 23 23 69 23 46 23 116 23 23 48 48 24 72 48 2541 24 24 23 92 23 23 23 23 299
internal_value=3.04683e-13 -9.93198e-06 -8.50799e-06 5.18566e-06 4.447e-06 -2.52606e-05 1.01275e-05 -7.17206e-05 5.55382e-06 4.86779e-06 -2.26912e-05 5.95533e-06 5.18013e-06 1.27948e-05 4.16946e-05 5.79626e-06 4.49877e-06 -7.94736e-05 2.83161e-05 6.39348e-06 5.56614e-06 -5.29134e-05 4.22333e-05 6.948e-06 7.41269e-06 5.33269e-06 6.23362e-06 5.44945e-06 6.62052e-06 2.14195e-05
internal_weight=5953 2042 1996 3911 3842 138 92 46 3704 3635 138 3497 3474 92 69 3451 3263 72 188 3191 3119 72 72 3047 3024 2633 2610 2587 2564 391
internal_count=5953 2042 1996 3911 3842 138 92 46 3704 3635 138 3497 3474 92 69 3451 3263 72 188 3191 3119 72 72 3047 3024 2633 2610 2587 2564 391
is_linear=0
shrinkage=0.05


Tree=69
num_leaves=31
num_cat=0
split_feature=0 0 0 0 0 0 0 0 0 0 0 0 0 0 0 0 0 0 0 0 0 0 0 0 0 0 0 0 0 0
split_gain=0.000113103 4.21458e-05 4.83585e-05 8.05033e-05 7.91455e-05 4.73803e-05 6.36267e-05 5.4645e-05 0.000111546 9.32724e-05 5.08905e-05 5.56984e-05 5.56778e-05 4.42073e-05 4.31414e-05 3.86146e-05 3.63931e-05 6.06032e-05 8.67288e-05 3.57535e-05 3.85722e-05 8.70574e-05 3.63772e-05 3.55439e-05 3.5114e-05 0.000120691 9.43168e-05 7.73955e-05 6.21766e-05 6.18143e-05
threshold=-0.0030078749251793301 -0.0028563024556434264 0.0021205127434794188 0.0022534084520796855 0.0021827998122470314 0.0025105642701259119 0.0027107652337801562 0.0030829115671654477 0.0032080433903018475 0.0032910703023802911 0.0026154520048600363 0.0026553461289055592 0.0025468797556308293 0.002455247004665716 -0.0029279978062143963 0.0030327807007904969 0.0029650140021579246 0.0028840650084086725 0.0029278205419772194 0.037925976458710924 0.017652897609846101 0.019601077130010799 0.016328996554610096 0.013471226725432842 -0.0035976423254494368 -0.0038714621955656691 -0.0034946426188443634 -0.0039474372548191769 -0.0042428440131381398 -0.0040419387176810736
decision_type=2 2 2 2 2 2 2 2 2 2 2 2 2 2 2 2 2 2 2 2 2 2 2 2 2 2 2 2 2 2
left_child=24 14 -3 4 -4 13 10 15 -9 -10 12 -12 -7 -5 -2 16 17 -8 -19 20 22 -22 23 -11 25 27 -26 28 -1 -30
right_child=1 2 3 5 -6 6 7 8 9 19 11 -13 -14 -15 -16 -17 -18 18 -20 -21 21 -23 -24 -25 26 -27 -28 -29 29 -31
leaf_value=-1.2878493176757212e-05 3.2523029443362482e-06 -2.2375363058396278e-06 8.2286483423861984e-06 -8.4092179671794536e-06 0.00013663679668146262 6.7205026204211887e-05 7.0558472846945122e-06 8.614763450484885e-05 -6.2979788249915313e-05 7.8767475559119709e-06 0.00014158973668679172 3.1551816905646227e-05 -4.2812605755423885e-05 -8.427856652512371e-05 0.00010009534415313165 -8.1074387644943993e-05 4.6317518749476775e-05 -0.00013568987918836722 1.6202885055226152e-06 -3.4458784573317922e-05 0.00012596932811784032 1.3643848201947709e-05 -5.3957248936690718e-05 4.4503015543222834e-05 -0.00012502653498813743 6.8843080453007135e-05 -1.7965268941427185e-05 -0.00010083869104467642 6.7691814668554201e-05 -3.0585750209866092e-05
leaf_weight=1224 23 1972 24 96 24 23 69 46 46 1656 23 23 23 24 23 23 23 23 23 46 23 69 23 69 24 48 144 24 48 24
leaf_count=1224 23 1972 24 96 24 23 69 46 46 1656 23 23 23 24 23 23 23 23 23 46 23 69 23 69 24 48 144 24 48 24
internal_value=1.88408e-14 4.06417e-06 3.56313e-06 8.33132e-06 7.24327e-05 7.02258e-06 8.66878e-06 6.91761e-06 9.19764e-06 7.36549e-06 4.93835e-05 8.65708e-05 1.21962e-05 -2.35831e-05 5.16738e-05 -2.10941e-05 -1.10974e-05 -2.25804e-05 -6.70348e-05 9.08123e-06 1.01697e-05 4.17252e-05 8.50892e-06 9.3418e-06 -1.16871e-05 -9.03786e-06 -3.32597e-05 -1.18699e-05 -1.02223e-05 3.49326e-05
internal_weight=5953 4417 4371 2399 48 2351 2231 2139 1978 1932 92 46 46 120 46 161 138 115 46 1886 1840 92 1748 1725 1536 1368 168 1320 1296 72
internal_count=5953 4417 4371 2399 48 2351 2231 2139 1978 1932 92 46 46 120 46 161 138 115 46 1886 1840 92 1748 1725 1536 1368 168 1320 1296 72
is_linear=0
shrinkage=0.05


Tree=70
num_leaves=31
num_cat=0
split_feature=0 0 0 0 0 0 0 0 0 0 0 0 0 0 0 0 0 0 0 0 0 0 0 0 0 0 0 0 0 0
split_gain=0.000102642 6.30176e-05 4.2515e-05 4.63599e-05 8.63603e-05 6.71172e-05 4.00198e-05 3.73578e-05 3.29846e-05 4.48437e-05 0.000119442 0.000129784 0.00028586 0.000121863 9.93903e-05 5.21619e-05 4.21992e-05 0.000119077 3.65877e-05 3.08583e-05 4.78379e-05 9.81905e-05 3.99145e-05 7.43409e-05 6.46849e-05 3.4324e-05 2.91796e-05 7.85693e-05 3.53976e-05 3.24276e-05
threshold=-0.0020429331696519876 -0.0021678216366010977 -0.0022266102823411036 -0.0023734529641045278 -0.0024846611764242489 -0.0023106087784343717 -0.0024359535633138112 -0.0021144916596704116 0.0052305128332245888 0.0057200525588598896 0.0058931692408885454 0.0061281797422286129 0.0062371401705527711 0.006306648111289598 0.0064136317100189338 0.0059638842426135109 0.0046150052830187761 0.0044867306992448638 0.037925976458710924 -0.050161956975202614 -0.013109586457152869 -0.014744358271977483 -0.017899142657214113 -0.016018514911379168 -0.020198907872569026 -0.013893522920339211 0.017652897609846101 0.019601077130010799 0.016328996554610096 0.023554004996251227
decision_type=2 2 2 2 2 2 2 2 2 2 2 2 2 2 2 2 2 2 2 2 2 2 2 2 2 2 2 2 2 2
left_child=1 2 3 4 19 -5 -6 -3 16 -10 -11 15 -13 -14 -15 -12 17 -2 26 -1 21 22 24 -24 -21 -23 28 -28 -16 -29
right_child=8 7 -4 5 6 -7 -8 -9 9 10 11 12 13 14 18 -17 -18 -19 -20 20 -22 25 23 -25 -26 -27 27 29 -30 -31
leaf_value=4.6620421926490963e-05 1.6978244375821908e-06 -0.00011259937524775287 5.9266751961094207e-05 -0.00011908982813348184 0.00010639515644668239 1.7021047508182087e-06 1.3121644429781516e-05 -2.2481341867482433e-05 3.8155753703693447e-05 -7.09475700758681e-05 1.616042573004961e-05 -0.00016750026527164586 0.00012458736638781492 -9.4565067822417333e-05 1.1731073314412362e-05 0.00010838110361162211 -2.1665352646184898e-05 8.284021565170564e-05 -3.2735839461209886e-05 -1.3324965812463083e-05 -7.0204456229718359e-06 -0.00013738463991709677 8.6561392042009777e-05 -3.7888119671454963e-05 -0.00010324499647443492 -5.2822093130089344e-05 0.00011967087301182684 -3.5513371581739354e-05 -5.125939231062228e-05 3.719916652619799e-05
leaf_weight=24 2646 23 23 23 23 23 23 23 138 46 23 23 23 23 736 46 184 46 46 120 1433 24 24 24 24 24 23 23 23 46
leaf_count=24 2646 23 23 23 23 23 23 23 138 46 23 23 23 23 736 46 184 46 46 120 1433 24 24 24 24 24 23 23 23 46
internal_value=2.32417e-13 -9.74695e-06 -8.27979e-06 -9.14819e-06 -7.84062e-06 -5.86939e-05 5.97584e-05 -6.75404e-05 4.42243e-06 1.13152e-05 7.88869e-06 1.13925e-05 6.6605e-06 1.09083e-05 8.06635e-06 7.76409e-05 1.50093e-06 3.08436e-06 1.06979e-05 -9.673e-06 -1.04806e-05 -3.11403e-05 -1.51496e-05 2.43366e-05 -2.83116e-05 -9.51034e-05 1.30457e-05 3.9639e-05 9.82227e-06 1.29617e-05
internal_weight=5953 1858 1812 1789 1743 46 46 46 4095 1219 1081 1035 966 943 920 69 2876 2692 897 1697 1673 240 192 48 144 48 851 92 759 69
internal_count=5953 1858 1812 1789 1743 46 46 46 4095 1219 1081 1035 966 943 920 69 2876 2692 897 1697 1673 240 192 48 144 48 851 92 759 69
is_linear=0
shrinkage=0.05


Tree=71
num_leaves=31
num_cat=0
split_feature=0 0 0 0 0 0 0 0 0 0 0 0 0 0 0 0 0 0 0 0 0 0 0 0 0 0 0 0 0 0
split_gain=9.3132e-05 3.89231e-05 4.28904e-05 7.06834e-05 3.89352e-05 3.36456e-05 6.96951e-05 8.20435e-05 9.53892e-05 4.96065e-05 8.65317e-05 7.34842e-05 3.39867e-05 6.10724e-05 4.66997e-05 7.25677e-05 3.38973e-05 3.33875e-05 4.48371e-05 3.31635e-05 3.1049e-05 3.06843e-05 3.21073e-05 2.93331e-05 7.84478e-05 7.91237e-05 0.000107234 5.90797e-05 5.57925e-05 5.52013e-05
threshold=-0.0030078749251793301 -0.0028563024556434264 -0.0027023007013469232 -0.0027684927753667743 -0.0029279978062143963 0.0050882883699477155 0.0048642353772912509 0.004936100157888609 0.0050197732439822614 0.0047799479694173282 0.0046995108834841795 0.0043200374974826546 -0.0024359535633138112 -0.0024846611764242489 -0.0023106087784343717 -0.0023734529641045278 -0.0025769388712698913 -0.0033079396304207726 -0.0031629927537497452 0.037925976458710924 0.0042326956438449156 0.0046150052830187761 0.0045367673985707386 -0.0042428440131381398 -0.0040419387176810736 -0.0038714621955656691 -0.0037152489831321091 -0.0043218991557717685 -0.0041335871280671855 -0.0034946426188443634
decision_type=2 2 2 2 2 2 2 2 2 2 2 2 2 2 2 2 2 2 2 2 2 2 2 2 2 2 2 2 2 2
left_child=17 4 3 -3 -2 6 9 -8 -9 10 11 12 13 16 15 -14 -4 23 -19 -7 -16 22 -13 27 28 -26 -27 -1 -25 -28
right_child=1 2 5 -5 -6 19 7 8 -10 -11 -12 21 14 -15 20 -17 -18 18 -20 -21 -22 -23 -24 24 25 26 29 -29 -30 -31
leaf_value=-1.0146158031223726e-05 3.440705451952375e-06 1.7160476873750274e-05 3.1775920607564647e-05 -0.00010679905522999395 9.544161173676992e-05 1.214880973020403e-05 -0.00012590464877734042 6.1754186121422967e-05 -8.2248554026196166e-05 7.5175326808517718e-05 -9.5145052610543808e-05 3.7255889948436811e-05 1.2465557032872153e-05 0.00010107540393896078 9.7103084746830809e-07 -0.00011313533225051209 -4.2566063854357469e-05 -7.3326250048921804e-05 -4.9849614432181022e-06 -3.1099065173471581e-05 -5.7372554900449245e-05 -1.0258768705408212e-05 0.00010547050307808524 1.0752215166576208e-05 -6.2075586902210497e-05 0.00010841249918485119 -4.7666398912345662e-05 -8.9375055419319935e-05 0.00011856429628096521 2.8163247073583382e-05
leaf_weight=1200 23 23 46 23 23 1219 23 23 23 23 23 69 23 23 2669 23 23 48 48 46 23 23 23 24 48 24 48 24 24 48
leaf_count=1200 23 23 46 23 23 1219 23 23 23 23 23 69 23 23 2669 23 23 48 48 46 23 23 23 24 48 24 48 24 24 48
internal_value=-6.95164e-13 3.68793e-06 3.20643e-06 -4.48193e-05 4.94412e-05 3.71723e-06 8.81752e-07 -4.87997e-05 -1.02472e-05 2.02786e-06 1.46102e-06 2.2155e-06 6.23362e-07 3.05153e-05 -3.81042e-07 -5.03349e-05 6.99526e-06 -1.06052e-05 -3.91556e-05 1.05762e-05 4.72553e-07 4.13959e-05 5.43095e-05 -8.70186e-06 8.28573e-06 -7.82071e-06 1.38812e-05 -1.16997e-05 6.46583e-05 -9.75158e-06
internal_weight=5953 4417 4371 46 46 4325 3060 69 46 2991 2968 2945 2830 92 2738 46 69 1536 96 1265 2692 115 92 1440 216 168 120 1224 48 96
internal_count=5953 4417 4371 46 46 4325 3060 69 46 2991 2968 2945 2830 92 2738 46 69 1536 96 1265 2692 115 92 1440 216 168 120 1224 48 96
is_linear=0
shrinkage=0.05


Tree=72
num_leaves=31
num_cat=0
split_feature=0 0 0 0 0 0 0 0 0 0 0 0 0 0 0 0 0 0 0 0 0 0 0 0 0 0 0 0 0 0
split_gain=8.58594e-05 7.37864e-05 7.14288e-05 4.13539e-05 5.8942e-05 4.7372e-05 0.000103663 4.59287e-05 5.02678e-05 5.02493e-05 3.98971e-05 3.89234e-05 0.000101773 4.06613e-05 5.61514e-05 3.56857e-05 0.000101138 6.14264e-05 6.01304e-05 6.87069e-05 7.05324e-05 8.22619e-05 7.41306e-05 3.59181e-05 3.48497e-05 3.42565e-05 3.28448e-05 5.46944e-05 7.82727e-05 3.19665e-05
threshold=0.0021205127434794188 0.0022534084520796855 0.0021827998122470314 0.0025105642701259119 0.0027107652337801562 0.0030829115671654477 0.0031414737074156002 0.0026154520048600363 0.0026553461289055592 0.0025468797556308293 0.002455247004665716 -0.0092284920864327252 -0.00957397570292093 -0.0089603765977270908 -0.008675775959136196 -0.010110776558653363 -0.010382870609192218 -0.011431649397759874 -0.011860397195859339 -0.01241668460002244 -0.016018514911379168 -0.017899142657214113 -0.020198907872569026 -0.011055501685961366 0.0030327807007904969 0.0023971661132836867 0.0029650140021579246 0.0028840650084086725 0.0029278205419772194 0.0027667136535893954
decision_type=2 2 2 2 2 2 2 2 2 2 2 2 2 2 2 2 2 2 2 2 2 2 2 2 2 2 2 2 2 2
left_child=11 2 -2 10 7 24 -7 9 -9 -5 25 12 15 -13 -15 16 17 18 19 20 21 22 -1 -19 26 -3 27 29 -29 -6
right_child=1 3 -4 4 5 6 -8 8 -10 -11 -12 13 -14 14 -16 -17 -18 23 -20 -21 -22 -23 -24 -25 -26 -27 -28 28 -30 -31
leaf_value=-2.660061092127661e-06 7.6837819506181401e-06 -2.5366493876314662e-05 0.00012967150966384605 6.3711328750840678e-05 -4.1559552292987385e-05 0.00011356166720835736 6.7895563510635689e-06 0.00013437680338582774 2.9840787148872473e-05 -4.080541674857555e-05 -8.019807416227801e-05 6.2018170986751411e-05 -0.0001182868679582801 -7.949611605605848e-05 -2.7115424216916145e-06 2.81179221929051e-05 -0.00011707536229247734 8.0395083720456273e-05 -9.6703039404625693e-05 6.6707300599470429e-05 -5.6339147840844822e-05 8.2740606376319203e-05 -9.7575427571428011e-05 5.4804067682804696e-06 -7.7154110160494306e-05 4.3610701141005848e-05 4.3868196308207904e-05 -0.00012903883025105841 1.4058412331075449e-06 3.0634191099797253e-05
leaf_weight=144 24 72 24 23 23 23 1955 23 23 23 24 24 24 24 3002 48 24 24 24 24 96 24 24 48 23 24 23 23 23 46
leaf_count=144 24 72 24 23 23 23 1955 23 23 23 24 24 24 24 3002 48 24 24 24 24 96 24 24 48 23 24 23 23 23 46
internal_value=-1.3585e-13 7.30869e-06 6.86776e-05 6.05573e-06 7.59368e-06 5.90821e-06 8.03109e-06 4.67809e-05 8.21088e-05 1.1453e-05 -2.25374e-05 -4.93347e-06 -1.78056e-05 -2.8064e-06 -3.32054e-06 -1.27816e-05 -1.73259e-05 -1.14583e-05 -2.04391e-05 -1.45727e-05 -2.1346e-05 -3.8494e-06 -1.62194e-05 3.0452e-05 -2.01729e-05 -8.1222e-06 -1.0676e-05 -2.15848e-05 -6.38165e-05 6.56961e-06
internal_weight=5953 2399 48 2351 2231 2139 1978 92 46 46 120 3554 504 3050 3026 480 432 408 336 312 288 192 168 72 161 96 138 115 46 69
internal_count=5953 2399 48 2351 2231 2139 1978 92 46 46 120 3554 504 3050 3026 480 432 408 336 312 288 192 168 72 161 96 138 115 46 69
is_linear=0
shrinkage=0.05


Tree=73
num_leaves=31
num_cat=0
split_feature=0 0 0 0 0 0 0 0 0 0 0 0 0 0 0 0 0 0 0 0 0 0 0 0 0 0 0 0 0 0
split_gain=7.79589e-05 5.82868e-05 3.75428e-05 3.81074e-05 6.98196e-05 5.46998e-05 3.37154e-05 3.25963e-05 2.76548e-05 4.03075e-05 8.33563e-05 3.37773e-05 5.94321e-05 5.20718e-05 3.09774e-05 2.52435e-05 4.02128e-05 0.000108061 0.000116773 0.00025831 0.000109767 8.98988e-05 4.70761e-05 3.57178e-05 0.000101495 4.54125e-05 4.37114e-05 7.95324e-05 6.34459e-05 4.27776e-05
threshold=-0.0020429331696519876 -0.0021678216366010977 -0.0022266102823411036 -0.0023734529641045278 -0.0024846611764242489 -0.0023106087784343717 -0.0021144916596704116 -0.0024359535633138112 -0.050161956975202614 -0.013109586457152869 -0.014744358271977483 -0.017899142657214113 -0.016018514911379168 -0.020198907872569026 -0.013893522920339211 0.0052305128332245888 0.0057200525588598896 0.0058931692408885454 0.0061281797422286129 0.0062371401705527711 0.006306648111289598 0.0064136317100189338 0.0059638842426135109 0.0048642353772912509 0.004936100157888609 0.0050197732439822614 0.0047799479694173282 0.0046995108834841795 0.0043200374974826546 0.0050882883699477155
decision_type=2 2 2 2 2 2 2 2 2 2 2 2 2 2 2 2 2 2 2 2 2 2 2 2 2 2 2 2 2 2
left_child=1 2 3 4 8 -5 -3 -6 -1 10 11 13 -13 -10 -12 23 -17 -18 22 -20 -21 -22 -19 26 -25 -26 27 28 -2 -27
right_child=15 6 -4 5 7 -7 -8 -9 9 -11 14 12 -14 -15 -16 16 17 18 19 20 21 -23 -24 24 25 29 -28 -29 -30 -31
leaf_value=4.4929713961513096e-05 1.0358088071413636e-06 -0.00010688237560553598 5.6390435961277597e-05 -0.00010734298968758516 9.615721747927044e-05 1.7040187705551151e-06 -2.1270249762101627e-05 1.1977867688983679e-05 -1.2018409471844885e-05 -5.9500092237310249e-06 -0.00012719116008762891 7.8603591828141364e-05 -3.2669444408384152e-05 -9.2696657763250789e-05 -4.6856712954953159e-05 3.5301045568632905e-05 -6.834711092106655e-05 1.4405482975037204e-05 -0.00016007217181259362 0.00011741107534718417 -9.07837338593748e-05 9.327000956710074e-06 0.00010201512485487595 -0.00011994889785495141 5.832700243563918e-05 -7.8475600331211876e-05 7.107708180505459e-05 -9.0727280716553491e-05 3.8986613892674267e-05 5.0384854029803342e-06
leaf_weight=24 2600 23 23 23 23 23 23 23 120 1433 24 24 24 24 24 138 46 23 23 23 23 897 46 23 23 23 23 23 115 46
leaf_count=24 2600 23 23 23 23 23 23 23 120 1433 24 24 24 24 24 138 46 23 23 23 23 897 46 23 23 23 23 23 115 46
internal_value=-5.88426e-13 -8.49453e-06 -7.08351e-06 -7.89955e-06 -6.71406e-06 -5.28195e-05 -6.40763e-05 5.40675e-05 -8.36164e-06 -9.12613e-06 -2.80902e-05 -1.33568e-05 2.29671e-05 -2.54648e-05 -8.70239e-05 3.85417e-06 9.88408e-06 6.63936e-06 9.97209e-06 5.48353e-06 9.52147e-06 6.82423e-06 7.28119e-05 1.29838e-06 -2.60041e-05 -2.51791e-06 2.43557e-06 1.85896e-06 2.6433e-06 -2.27995e-05
internal_weight=5953 1858 1812 1789 1743 46 46 46 1697 1673 240 192 48 144 48 4095 1219 1081 1035 966 943 920 69 2876 115 92 2761 2738 2715 69
internal_count=5953 1858 1812 1789 1743 46 46 46 1697 1673 240 192 48 144 48 4095 1219 1081 1035 966 943 920 69 2876 115 92 2761 2738 2715 69
is_linear=0
shrinkage=0.05


Tree=74
num_leaves=31
num_cat=0
split_feature=0 0 0 0 0 0 0 0 0 0 0 0 0 0 0 0 0 0 0 0 0 0 0 0 0 0 0 0 0 0
split_gain=7.1224e-05 5.3141e-05 3.36983e-05 3.32374e-05 9.26327e-05 3.65766e-05 5.08267e-05 3.15035e-05 9.21921e-05 5.40494e-05 5.51839e-05 6.09591e-05 5.74923e-05 6.70028e-05 6.32408e-05 3.24161e-05 3.04375e-05 7.14164e-05 2.59021e-05 2.5822e-05 8.6818e-05 0.000109276 3.99091e-05 3.22986e-05 0.000113747 0.000110894 8.70523e-05 6.65626e-05 2.45447e-05 2.14293e-05
threshold=0.0014859408838954712 0.0014422045621178062 0.0015417439956161131 -0.0092284920864327252 -0.00957397570292093 -0.0089603765977270908 -0.008675775959136196 -0.010110776558653363 -0.010382870609192218 -0.011431649397759874 -0.011860397195859339 -0.01241668460002244 -0.016018514911379168 -0.017899142657214113 -0.027323983957631862 -0.011055501685961366 -0.022578175613438552 -0.020198907872569026 0.046204879040816556 0.010572379022454311 0.011369417766440045 0.011890504689669283 0.010903837729938103 0.0091487169768551205 0.0094889458289314239 0.0088840703875546299 0.0097591273249414082 0.010147383968335201 -0.013109586457152869 0.0013734960876878326
decision_type=2 2 2 2 2 2 2 2 2 2 2 2 2 2 2 2 2 2 2 2 2 2 2 2 2 2 2 2 2 2
left_child=1 3 -2 4 7 -5 -7 8 9 10 11 12 13 14 -1 -11 -16 -18 19 23 22 -22 -21 25 -25 -4 -26 -28 -14 -8
right_child=2 -3 18 5 -6 6 29 -9 -10 15 -12 -13 28 -15 16 -17 17 -19 -20 20 21 -23 -24 24 26 -27 27 -29 -30 -31
leaf_value=1.1929141282962519e-05 6.5011677952497856e-05 -7.9087907397479295e-05 4.2389268698876017e-06 5.9214757735996194e-05 -0.00011207502966499306 -7.5223828647115939e-05 -2.5604025462718398e-06 2.7009535566927908e-05 -0.00011092410586570623 7.6672837500761193e-05 -9.157038706083162e-05 6.3669435500438951e-05 -6.5460482700372159e-05 7.4673412503519415e-05 -9.6035992267691961e-05 5.5038777645677333e-06 3.3915267825553506e-05 -8.8061830986892656e-05 -4.7333058761938921e-05 3.6087289513291225e-05 -9.5835626732719982e-05 1.7600039162694569e-05 0.00012923179192116747 -0.00012123807492848163 8.7320525199174892e-05 0.0001146118484346358 -9.445216653504126e-05 9.7236177522142455e-06 -7.0739624788984656e-06 4.4898095681370863e-05
leaf_weight=96 24 24 2157 24 24 24 2666 48 24 24 24 24 72 24 24 48 24 24 23 23 23 276 23 23 23 23 23 46 24 24
leaf_count=96 24 24 2157 24 24 24 2666 48 24 24 24 24 72 24 24 48 24 24 23 23 23 276 23 23 23 23 23 46 24 24
internal_value=4.46599e-13 -4.96068e-06 6.02961e-06 -4.41192e-06 -1.62118e-05 -2.23985e-06 -2.78329e-06 -1.14187e-05 -1.56885e-05 -1.00864e-05 -1.85106e-05 -1.28907e-05 -1.92707e-05 -3.47407e-06 -1.4638e-05 2.92269e-05 -5.00609e-05 -2.70733e-05 5.49804e-06 5.95831e-06 1.87123e-05 8.87422e-06 8.26595e-05 4.04105e-06 -2.17845e-05 5.40341e-06 3.0789e-06 -2.50016e-05 -5.08639e-05 -2.13698e-06
internal_weight=5953 3266 2687 3242 504 2738 2714 480 432 408 336 312 288 192 168 72 72 48 2663 2640 345 299 46 2295 115 2180 92 69 96 2690
internal_count=5953 3266 2687 3242 504 2738 2714 480 432 408 336 312 288 192 168 72 72 48 2663 2640 345 299 46 2295 115 2180 92 69 96 2690
is_linear=0
shrinkage=0.05


Tree=75
num_leaves=31
num_cat=0
split_feature=0 0 0 0 0 0 0 0 0 0 0 0 0 0 0 0 0 0 0 0 0 0 0 0 0 0 0 0 0 0
split_gain=6.54593e-05 3.67181e-05 3.70586e-05 6.37918e-05 3.5139e-05 3.24453e-05 0.0001007 8.25504e-05 6.7115e-05 5.28313e-05 9.17264e-05 5.23517e-05 4.04655e-05 2.88428e-05 2.59243e-05 2.7297e-05 6.97108e-05 2.89358e-05 4.67627e-05 4.20553e-05 2.79571e-05 2.44441e-05 6.91892e-05 6.27236e-05 4.54561e-05 3.28514e-05 4.34303e-05 2.39677e-05 3.67067e-05 9.71009e-05
threshold=-0.0030078749251793301 -0.0028563024556434264 -0.0027023007013469232 -0.0027684927753667743 -0.0029279978062143963 -0.0035976423254494368 -0.0038714621955656691 -0.0034946426188443634 -0.0039474372548191769 -0.0041335871280671855 -0.0040419387176810736 -0.0033079396304207726 -0.0031629927537497452 -0.0037152489831321091 -0.050161956975202614 -0.013109586457152869 -0.014744358271977483 -0.017899142657214113 -0.016018514911379168 -0.020198907872569026 -0.013893522920339211 -0.004954723710388219 -0.0052288518901749846 -0.0046926363438754707 -0.0050608455083966082 -0.0043218991557717685 -0.0042428440131381398 0.0052305128332245888 0.0057200525588598896 0.0058931692408885454
decision_type=2 2 2 2 2 2 2 2 2 2 2 2 2 2 2 2 2 2 2 2 2 2 2 2 2 2 2 2 2 2
left_child=5 4 3 -3 -2 6 8 -7 9 14 -11 -9 -13 -8 -1 16 17 19 -19 -16 -18 22 -17 -23 -24 -25 -27 -4 -29 -30
right_child=1 2 27 -5 -6 7 13 11 -10 10 -12 12 -14 -15 15 21 20 18 -20 -21 -22 23 24 25 -26 26 -28 28 29 -31
leaf_value=4.2086751879348112e-05 3.8297586244247531e-06 1.6863561620044969e-05 7.6719194068745588e-07 -0.00010089800723463946 9.123062864882346e-05 -0.00011547976288663147 0.00010355298291884197 2.7316194609738888e-05 -9.1780865720162785e-05 0.00011319718129622441 -2.5040562468348072e-05 -6.9098841726145119e-05 -4.1746149008758948e-06 2.6035812455423485e-05 -1.1154161887437417e-05 -6.7625223467852423e-06 -0.00011755859013646842 7.0939732662130461e-05 -2.7762955384484184e-05 -8.3658732516293341e-05 -4.1240859839793609e-05 -7.237242390753332e-05 0.00010377206270580548 1.6616411368078034e-05 6.4579825751328222e-06 -8.4345194287986191e-05 1.0775691771414131e-05 3.3324047925803376e-05 -6.5141700527063866e-05 9.0995567683386395e-06
leaf_weight=24 23 23 3106 23 23 24 24 48 24 24 24 48 48 24 120 768 24 24 24 24 24 48 24 72 24 24 24 138 46 1035
leaf_count=24 23 23 3106 23 23 24 24 48 24 24 24 48 48 24 120 768 24 24 24 24 24 48 24 72 24 24 24 138 46 1035
internal_value=-1.21342e-12 3.09186e-06 2.62419e-06 -4.20172e-05 4.75302e-05 -8.89111e-06 -6.3445e-06 -2.96278e-05 -8.93137e-06 -7.39712e-06 4.40783e-05 -1.53191e-05 -3.66367e-05 6.47944e-05 -9.37695e-06 -1.0386e-05 -2.55052e-05 -1.20316e-05 2.15884e-05 -2.32383e-05 -7.93997e-05 -6.69843e-06 -3.12267e-06 -2.40664e-05 5.5115e-05 -4.74405e-06 -3.67848e-05 3.09899e-06 9.0404e-06 5.94035e-06
internal_weight=5953 4417 4371 46 46 1536 1368 168 1320 1296 48 144 96 48 1248 1224 240 192 48 144 48 984 816 168 48 120 48 4325 1219 1081
internal_count=5953 4417 4371 46 46 1536 1368 168 1320 1296 48 144 96 48 1248 1224 240 192 48 144 48 984 816 168 48 120 48 4325 1219 1081
is_linear=0
shrinkage=0.05


Tree=76
num_leaves=31
num_cat=0
split_feature=0 0 0 0 0 0 0 0 0 0 0 0 0 0 0 0 0 0 0 0 0 0 0 0 0 0 0 0 0 0
split_gain=6.02128e-05 6.77869e-05 6.44645e-05 3.58764e-05 5.48071e-05 4.14506e-05 4.53667e-05 4.53499e-05 4.07619e-05 9.68444e-05 8.10999e-05 3.60071e-05 3.14518e-05 3.09165e-05 2.96424e-05 4.93617e-05 7.06411e-05 2.88498e-05 2.76863e-05 2.64034e-05 8.42079e-05 3.36504e-05 4.51109e-05 2.78948e-05 8.39129e-05 4.77207e-05 5.05163e-05 5.42122e-05 4.71688e-05 3.81613e-05
threshold=0.0021205127434794188 0.0022534084520796855 0.0021827998122470314 0.0025105642701259119 0.0027107652337801562 0.0026154520048600363 0.0026553461289055592 0.0025468797556308293 0.0030829115671654477 0.0032080433903018475 0.0032910703023802911 0.002455247004665716 0.0030327807007904969 0.0023971661132836867 0.0029650140021579246 0.0028840650084086725 0.0029278205419772194 0.0027667136535893954 0.0032518789206043338 -0.0092284920864327252 -0.00957397570292093 -0.0089603765977270908 -0.008675775959136196 -0.010110776558653363 -0.010382870609192218 -0.011431649397759874 -0.011860397195859339 -0.01241668460002244 -0.027323983957631862 -0.022578175613438552
decision_type=2 2 2 2 2 2 2 2 2 2 2 2 2 2 2 2 2 2 2 2 2 2 2 2 2 2 2 2 2 2
left_child=19 2 -2 11 5 7 -7 -5 12 -10 18 13 14 -3 15 17 -17 -6 -11 20 23 -21 -23 24 25 26 27 28 -1 -30
right_child=1 3 -4 4 8 6 -8 -9 9 10 -12 -13 -14 -15 -16 16 -18 -19 -20 21 -22 22 -24 -25 -26 -27 -28 -29 29 -31
leaf_value=1.1224882731160809e-05 6.9974930132351197e-06 -2.440026788564056e-05 0.00012288585288236693 6.0223663382677603e-05 -3.9783667054270275e-05 0.00012735587841471778 2.8046647734616116e-05 -3.9067242829807346e-05 7.8395936883601322e-05 -2.1815502967238781e-05 6.5887422340911405e-06 -7.6490256469696766e-05 -7.3598503292052317e-05 4.1128063943081844e-05 4.1372697160113604e-05 -0.00012288898148614429 1.0334479156881571e-06 2.8800391516162327e-05 -9.9396120007757267e-05 5.6592148636506562e-05 -0.00010613314900638217 -7.1124504487822074e-05 -2.3014297377731415e-06 2.5997186821768994e-05 -0.00010503977290075758 2.8103652423144215e-05 -8.665374274035762e-05 6.0824103032549227e-05 -9.0676488313571704e-05 -2.3274606151279019e-05
leaf_weight=96 24 72 24 23 23 23 23 23 46 23 1886 24 23 24 23 23 23 46 23 24 24 24 3002 48 24 72 24 24 24 168
leaf_count=96 24 72 24 23 23 23 23 23 46 23 1886 24 23 24 23 23 23 46 23 24 24 24 3002 48 24 72 24 24 24 168
internal_value=-3.89304e-13 6.12054e-06 6.49417e-05 4.9196e-06 6.35208e-06 4.41397e-05 7.77013e-05 1.05782e-05 4.72681e-06 6.69601e-06 4.98887e-06 -2.17126e-05 -1.94663e-05 -8.01818e-06 -1.04443e-05 -2.08077e-05 -6.09278e-05 5.93904e-06 -6.06058e-05 -4.13145e-06 -1.47332e-05 -2.37956e-06 -2.84728e-06 -1.01632e-05 -1.4181e-05 -8.83635e-06 -1.67521e-05 -1.1375e-05 -1.73916e-05 -3.16998e-05
internal_weight=5953 2399 48 2351 2231 92 46 46 2139 1978 1932 120 161 96 138 115 46 69 46 3554 504 3050 3026 480 432 408 336 312 288 192
internal_count=5953 2399 48 2351 2231 92 46 46 2139 1978 1932 120 161 96 138 115 46 69 46 3554 504 3050 3026 480 432 408 336 312 288 192
is_linear=0
shrinkage=0.05


Tree=77
num_leaves=31
num_cat=0
split_feature=0 0 0 0 0 0 0 0 0 0 0 0 0 0 0 0 0 0 0 0 0 0 0 0 0 0 0 0 0 0
split_gain=5.45942e-05 3.34981e-05 3.30818e-05 5.75721e-05 3.17129e-05 2.99146e-05 9.02431e-05 7.45017e-05 6.09511e-05 4.72474e-05 4.71922e-05 8.27831e-05 3.65201e-05 2.60306e-05 2.44981e-05 4.90008e-05 4.55636e-05 3.31955e-05 4.88836e-05 5.91068e-05 3.05923e-05 3.04282e-05 2.25086e-05 2.26557e-05 6.24712e-05 2.64848e-05 4.22033e-05 3.75581e-05 2.52313e-05 2.29526e-05
threshold=-0.0030078749251793301 -0.0028563024556434264 -0.0027023007013469232 -0.0027684927753667743 -0.0029279978062143963 -0.0035976423254494368 -0.0038714621955656691 -0.0034946426188443634 -0.0039474372548191769 -0.0033079396304207726 -0.0041335871280671855 -0.0040419387176810736 -0.0031629927537497452 -0.0037152489831321091 -0.0024359535633138112 -0.0024846611764242489 -0.0020429331696519876 -0.0021678216366010977 -0.0023106087784343717 -0.0023734529641045278 -0.0025769388712698913 -0.0021144916596704116 -0.050161956975202614 -0.013109586457152869 -0.014744358271977483 -0.017899142657214113 -0.016018514911379168 -0.020198907872569026 -0.013893522920339211 -0.022578175613438552
decision_type=2 2 2 2 2 2 2 2 2 2 2 2 2 2 2 2 2 2 2 2 2 2 2 2 2 2 2 2 2 2
left_child=5 4 3 -3 -2 6 8 -7 10 -9 22 -12 -11 -8 15 20 17 18 19 -16 -4 -19 -1 24 25 27 -27 29 -26 -24
right_child=1 2 14 -5 -6 7 13 9 -10 12 11 -13 -14 -15 16 -17 -18 21 -20 -21 -22 -23 23 -25 28 26 -28 -29 -30 -31
leaf_value=3.9421238761860883e-05 3.7533544894793757e-06 1.6135454137364159e-05 3.0824931404229413e-05 -9.5738041715736955e-05 8.6784164681296758e-05 -0.00010959070738560211 9.8490400538745848e-05 2.606544497515036e-05 -8.7076731142587965e-05 -6.5528822343215631e-05 0.00010765240100833279 -2.3673458053963261e-05 -3.8508050427784232e-06 2.484909465844491e-05 1.1583706161574178e-05 9.1554074669661728e-05 3.2230543899039241e-06 -0.00010133353284997969 2.7799600027957123e-05 -0.00010177110645758069 -3.9799952039333141e-05 -2.000200125305286e-05 -2.072734689591016e-05 -6.1132104408018242e-06 -0.00011051690962631256 6.8556485833444952e-05 -2.5211083629983479e-05 -7.8312064821754279e-05 -3.8015088603060579e-05 3.3940945346936742e-05
leaf_weight=24 23 23 46 23 23 24 24 48 24 48 24 24 48 24 23 23 4095 23 46 23 23 23 96 984 24 24 24 24 24 24
leaf_count=24 23 23 46 23 23 24 24 48 24 48 24 24 48 24 23 23 4095 23 46 23 23 23 96 984 24 24 24 24 24 24
internal_value=5.81611e-14 2.82363e-06 2.37694e-06 -3.98013e-05 4.52688e-05 -8.11976e-06 -5.67449e-06 -2.80313e-05 -8.12337e-06 -1.44381e-05 -6.66127e-06 4.19895e-05 -3.46898e-05 6.16697e-05 2.82554e-06 2.8351e-05 2.27077e-06 -2.59873e-05 -8.64705e-06 -4.50937e-05 7.2833e-06 -6.06678e-05 -8.53245e-06 -9.47272e-06 -2.32467e-05 -1.04919e-05 2.16727e-05 -2.12134e-05 -7.4266e-05 -9.79369e-06
internal_weight=5953 4417 4371 46 46 1536 1368 168 1320 144 1296 48 96 48 4325 92 4233 138 92 46 69 46 1248 1224 240 192 48 144 48 120
internal_count=5953 4417 4371 46 46 1536 1368 168 1320 144 1296 48 96 48 4325 92 4233 138 92 46 69 46 1248 1224 240 192 48 144 48 120
is_linear=0
shrinkage=0.05


Tree=78
num_leaves=31
num_cat=0
split_feature=0 0 0 0 0 0 0 0 0 0 0 0 0 0 0 0 0 0 0 0 0 0 0 0 0 0 0 0 0 0
split_gain=5.13715e-05 6.11776e-05 5.81792e-05 3.23784e-05 4.94634e-05 3.74092e-05 4.09434e-05 4.09283e-05 3.67876e-05 8.81246e-05 3.24964e-05 2.83853e-05 2.79022e-05 2.67523e-05 4.45489e-05 6.37536e-05 2.60369e-05 2.59617e-05 7.08105e-05 8.51617e-05 5.67425e-05 0.000116865 4.58198e-05 4.02106e-05 2.76611e-05 2.70595e-05 4.89408e-05 5.15294e-05 5.72194e-05 3.16485e-05
threshold=0.0021205127434794188 0.0022534084520796855 0.0021827998122470314 0.0025105642701259119 0.0027107652337801562 0.0026154520048600363 0.0026553461289055592 0.0025468797556308293 0.0030829115671654477 0.0031414737074156002 0.002455247004665716 0.0030327807007904969 0.0023971661132836867 0.0029650140021579246 0.0028840650084086725 0.0029278205419772194 0.0027667136535893954 0.0033884638574101299 0.0034930435118120475 0.0036187552532875268 0.0038758061320144379 0.0039859300302273453 0.0032080433903018475 0.0037412106850754057 0.0038241186501719606 0.030803742181755533 0.017652897609846101 0.019601077130010799 0.023554004996251227 0.016328996554610096
decision_type=2 2 2 2 2 2 2 2 2 2 2 2 2 2 2 2 2 2 2 2 2 2 2 2 2 2 2 2 2 2
left_child=-1 2 -2 10 5 7 -7 -5 11 -10 12 13 -3 14 16 -16 -6 22 -19 -20 23 -22 -11 -21 -25 26 29 -28 -29 -23
right_child=1 3 -4 4 8 6 -8 -9 9 17 -12 -13 -14 -15 15 -17 -18 18 19 20 21 25 -24 24 -26 -27 27 28 -30 -31
leaf_value=-3.816098453491191e-06 6.4864662514689074e-06 -2.3341406919522948e-05 0.00011658039414517892 5.7051328337326165e-05 -3.7955636355985449e-05 0.00012082692422985058 2.6483161238265104e-05 -3.7275035846624122e-05 0.00010350054071750492 4.5129427504118376e-05 -7.2826900213840426e-05 -7.0079726324563486e-05 3.8910511102585593e-05 3.9142906493709786e-05 -0.0001169056926459155 8.2061862643889122e-07 2.7199214280145777e-05 6.7750926340839058e-05 -6.2228979273324677e-05 1.1856607401885255e-05 -7.401151621667415e-05 7.1803486201851075e-06 -3.3772476877936202e-05 0.00011674067496325893 3.919535058388568e-05 -2.3819098056344006e-05 0.00011044847778975964 -3.6976537194277627e-05 7.4553704737057993e-05 -5.193525272340554e-05
leaf_weight=3554 24 72 24 23 23 23 23 23 23 23 24 23 24 23 23 23 46 46 46 46 46 1449 92 23 23 69 23 23 23 23
leaf_count=3554 24 72 24 23 23 23 23 23 23 23 24 23 24 23 23 23 46 46 46 46 46 1449 92 23 23 69 23 23 23 23
internal_value=6.08506e-13 5.65336e-06 6.15334e-05 4.51247e-06 5.87332e-06 4.17716e-05 7.3655e-05 9.88815e-06 4.32931e-06 6.20006e-06 -2.07881e-05 -1.86542e-05 -7.77843e-06 -1.00832e-05 -1.99285e-05 -5.80425e-05 5.48093e-06 5.05535e-06 6.49581e-06 4.92517e-06 6.69239e-06 4.56906e-06 -1.79921e-05 4.49123e-05 7.7968e-05 6.81422e-06 8.18586e-06 4.93419e-05 1.87886e-05 6.25667e-06
internal_weight=5953 2399 48 2351 2231 92 46 46 2139 1978 120 161 96 138 115 46 69 1955 1840 1794 1748 1656 115 92 46 1610 1541 69 46 1472
internal_count=5953 2399 48 2351 2231 92 46 46 2139 1978 120 161 96 138 115 46 69 1955 1840 1794 1748 1656 115 92 46 1610 1541 69 46 1472
is_linear=0
shrinkage=0.05


Tree=79
num_leaves=31
num_cat=0
split_feature=0 0 0 0 0 0 0 0 0 0 0 0 0 0 0 0 0 0 0 0 0 0 0 0 0 0 0 0 0 0
split_gain=4.68639e-05 3.06189e-05 2.94703e-05 5.19588e-05 2.86209e-05 2.6998e-05 8.14445e-05 6.72378e-05 5.50084e-05 4.26408e-05 4.2591e-05 7.47118e-05 3.29594e-05 2.34926e-05 2.25911e-05 4.42232e-05 4.03032e-05 2.99589e-05 4.50482e-05 2.76095e-05 2.74614e-05 2.14436e-05 4.33851e-05 2.12347e-05 2.08102e-05 2.74119e-05 7.83994e-05 9.85807e-05 3.6018e-05 2.67071e-05
threshold=-0.0030078749251793301 -0.0028563024556434264 -0.0027023007013469232 -0.0027684927753667743 -0.0029279978062143963 -0.0035976423254494368 -0.0038714621955656691 -0.0034946426188443634 -0.0039474372548191769 -0.0033079396304207726 -0.0041335871280671855 -0.0040419387176810736 -0.0031629927537497452 -0.0037152489831321091 -0.0024359535633138112 -0.0024846611764242489 -0.0020429331696519876 -0.0021678216366010977 -0.0022266102823411036 -0.0025769388712698913 -0.0021144916596704116 -0.0023734529641045278 -0.0023106087784343717 -0.0019650459139951377 0.046204879040816556 0.010572379022454311 0.011369417766440045 0.011890504689669283 0.010903837729938103 0.0091487169768551205
decision_type=2 2 2 2 2 2 2 2 2 2 2 2 2 2 2 2 2 2 2 2 2 2 2 2 2 2 2 2 2 2
left_child=5 4 3 -3 -2 6 8 -7 10 -9 -1 -12 -11 -8 15 19 17 18 21 -4 -19 -16 -23 -18 25 29 28 -28 -27 -25
right_child=1 2 14 -5 -6 7 13 9 -10 12 11 -13 -14 -15 16 -17 23 20 -20 -21 -22 22 -24 24 -26 26 27 -29 -30 -31
leaf_value=-7.9150252860498259e-06 3.7564878331740269e-06 1.5519483713433147e-05 2.9474490625232098e-05 -9.0760320080849146e-05 8.2635754476897364e-05 -0.00010392036636706811 9.375668626792808e-05 2.495297776476946e-05 -8.2532105443533518e-05 -6.2061581600877011e-05 0.0001024605822749436 -2.2298982609451439e-05 -3.4674651866832087e-06 2.3797445161714375e-05 1.1195320099511225e-05 8.7167175091884053e-05 5.0883133055480283e-05 -9.6076044586800933e-05 5.2576475149101535e-05 -3.761914862400812e-05 -1.8811097343922999e-05 -9.6491751458455366e-05 6.2438016554907624e-07 2.4785560782107126e-06 -4.4721009971513213e-05 3.2978335714332108e-05 -9.2348421205078131e-05 1.5393083613590549e-05 0.00012146562398613795 -2.199985620277205e-05
leaf_weight=1248 23 23 46 23 23 24 24 48 24 48 24 24 48 24 23 23 23 23 23 23 23 23 23 3589 23 23 23 276 23 115
leaf_count=1248 23 23 46 23 23 24 24 48 24 48 24 24 48 24 23 23 23 23 23 23 23 23 23 3589 23 23 23 276 23 115
internal_value=-3.44603e-13 2.61609e-06 2.18903e-06 -3.76204e-05 4.31961e-05 -7.52297e-06 -5.19996e-06 -2.64389e-05 -7.5264e-06 -1.35254e-05 -6.1374e-06 4.00808e-05 -3.27645e-05 5.87771e-05 2.61244e-06 2.71243e-05 2.0797e-06 -2.44971e-05 -8.02389e-06 7.10994e-06 -5.74436e-05 -2.8224e-05 -4.79337e-05 2.97533e-06 2.70473e-06 2.97413e-06 1.64542e-05 7.10528e-06 7.7222e-05 1.71856e-06
internal_weight=5953 4417 4371 46 46 1536 1368 168 1320 144 1296 48 96 48 4325 92 4233 138 92 69 46 69 46 4095 4072 4049 345 299 46 3704
internal_count=5953 4417 4371 46 46 1536 1368 168 1320 144 1296 48 96 48 4325 92 4233 138 92 69 46 69 46 4095 4072 4049 345 299 46 3704
is_linear=0
shrinkage=0.05


Tree=80
num_leaves=31
num_cat=0
split_feature=0 0 0 0 0 0 0 0 0 0 0 0 0 0 0 0 0 0 0 0 0 0 0 0 0 0 0 0 0 0
split_gain=4.39247e-05 5.52528e-05 5.25068e-05 2.91739e-05 4.46947e-05 3.37618e-05 3.69514e-05 3.69378e-05 3.31354e-05 7.95726e-05 2.9328e-05 2.56177e-05 2.51817e-05 2.41439e-05 4.02054e-05 5.75376e-05 2.34983e-05 2.338e-05 6.39615e-05 7.67966e-05 5.12845e-05 0.000105562 4.13523e-05 3.62901e-05 2.49641e-05 2.27271e-05 4.43215e-05 4.65053e-05 5.16405e-05 2.84975e-05
threshold=0.0021205127434794188 0.0022534084520796855 0.0021827998122470314 0.0025105642701259119 0.0027107652337801562 0.0026154520048600363 0.0026553461289055592 0.0025468797556308293 0.0030829115671654477 0.0031414737074156002 0.002455247004665716 0.0030327807007904969 0.0023971661132836867 0.0029650140021579246 0.0028840650084086725 0.0029278205419772194 0.0027667136535893954 0.0033884638574101299 0.0034930435118120475 0.0036187552532875268 0.0038758061320144379 0.0039398756813141108 0.0032080433903018475 0.0037412106850754057 0.0038241186501719606 0.030803742181755533 0.017652897609846101 0.019601077130010799 0.023554004996251227 0.016328996554610096
decision_type=2 2 2 2 2 2 2 2 2 2 2 2 2 2 2 2 2 2 2 2 2 2 2 2 2 2 2 2 2 2
left_child=-1 2 -2 10 5 7 -7 -5 11 -10 12 13 -3 14 16 -16 -6 22 -19 -20 23 -22 -11 -21 -25 26 29 -28 -29 -23
right_child=1 3 -4 4 8 6 -8 -9 9 17 -12 -13 -14 -15 15 -17 -18 18 19 20 21 25 -24 24 -26 -27 27 28 -30 -31
leaf_value=-3.5286837656957682e-06 6.038218028455352e-06 -2.2298265604250547e-05 0.00011062744982458147 5.4074834105963617e-05 -3.6181780761462106e-05 0.00011466165230123571 2.503508028736257e-05 -3.5535213164225953e-05 9.8201587198950031e-05 4.2749033309519294e-05 -6.9309481356564603e-05 -6.6699670815958845e-05 3.6841056256283386e-05 3.7061835072286754e-05 -0.00011118432864706216 6.5566355656103594e-07 2.571532401875827e-05 6.4239448313500085e-05 -5.9241459783389365e-05 1.1139852263706575e-05 -0.00010218188519660465 5.9806373374066378e-06 -3.2207781573165648e-05 0.00011077971797456721 3.7111647416958989e-05 -2.2395890885926074e-05 0.00010415641413799124 -3.5897348322538637e-05 7.0056349526883261e-05 -5.0108158662307849e-05
leaf_weight=3554 24 72 24 23 23 23 23 23 23 23 24 23 24 23 23 23 46 46 46 46 23 1472 92 23 23 69 23 23 23 23
leaf_count=3554 24 72 24 23 23 23 23 23 23 23 24 23 24 23 23 23 46 46 46 46 23 1472 92 23 23 69 23 23 23 23
internal_value=4.77033e-13 5.22757e-06 5.83328e-05 4.14333e-06 5.43509e-06 3.95591e-05 6.98484e-05 9.26981e-06 3.96739e-06 5.74285e-06 -1.98726e-05 -1.78454e-05 -7.51344e-06 -9.70299e-06 -1.9056e-05 -5.52643e-05 5.08296e-06 4.6551e-06 6.02207e-06 4.52932e-06 6.20749e-06 4.18887e-06 -1.72164e-05 4.25428e-05 7.39457e-05 5.68705e-06 6.926e-06 4.61051e-05 1.70795e-05 5.11773e-06
internal_weight=5953 2399 48 2351 2231 92 46 46 2139 1978 120 161 96 138 115 46 69 1955 1840 1794 1748 1656 115 92 46 1633 1564 69 46 1495
internal_count=5953 2399 48 2351 2231 92 46 46 2139 1978 120 161 96 138 115 46 69 1955 1840 1794 1748 1656 115 92 46 1633 1564 69 46 1495
is_linear=0
shrinkage=0.05


Tree=81
num_leaves=31
num_cat=0
split_feature=0 0 0 0 0 0 0 0 0 0 0 0 0 0 0 0 0 0 0 0 0 0 0 0 0 0 0 0 0 0
split_gain=4.03613e-05 8.19623e-05 5.79504e-05 7.43077e-05 0.000289245 6.30874e-05 5.09427e-05 5.14018e-05 4.75439e-05 0.00013591 0.000131558 7.50763e-05 4.22333e-05 0.000105952 3.85236e-05 4.0477e-05 3.68632e-05 3.95485e-05 3.23563e-05 2.62328e-05 7.93648e-05 2.47658e-05 2.4694e-05 3.11506e-05 1.90109e-05 0.000141081 3.75514e-05 3.88359e-05 3.14624e-05 2.8716e-05
threshold=0.00077244483763002725 0.00062509647156369869 0.00051901544814576155 0.00036662862087073848 0.00041126910178810976 -0.000162869263940615 0.0010279278069603649 0.0011850831211700596 -0.00031255517857436922 -0.00035314206361493247 -0.00047080791346445079 -0.0005124692770228505 0.0013032371064385356 0.001336628976900265 0.00072670769405607709 0.00067547072744762228 0.0002435901031547042 0.00013204638075740274 0.00047053809498753932 0.0008859848629561676 0.00082615188029494708 0.00056287761173926356 -5.1690087292619742e-05 1.0000000180025095e-35 -0.00084515841527540503 -0.00090423889314186366 -0.00065709973606036377 -0.00072027814341748045 -0.00078847701253034069 -0.0014914617810069927
decision_type=2 2 2 2 2 2 2 2 2 2 2 2 2 2 2 2 2 2 2 2 2 2 2 2 2 2 2 2 2 2
left_child=1 2 3 5 -5 8 19 -8 9 10 11 24 -9 -14 15 -3 17 22 -6 20 -2 -4 -7 -24 25 29 27 28 -26 -1
right_child=6 14 21 4 18 16 7 12 -10 -11 -12 -13 13 -15 -16 -17 -18 -19 -20 -21 -22 -23 23 -25 26 -27 -28 -29 -30 -31
leaf_value=-5.6738507247530322e-06 7.1638969711784742e-05 -3.6815977091464452e-05 8.7535784162658589e-05 -0.00019565173491476649 5.7989758958380358e-05 4.7742910986847208e-05 -3.8985958859585583e-05 5.0295718271324097e-05 -5.5037918726789627e-05 0.00011724201360029048 -8.863078969823066e-05 8.6632726015523084e-05 -0.00010160888753460995 3.9024784084906649e-06 -5.1466371436011593e-06 -0.00012864570843097075 -1.4900407556221278e-05 7.3101785710605332e-05 -2.4113182704847227e-05 5.5065557454428127e-05 -5.6946893528220245e-05 1.570577296661213e-05 -4.7128765752701008e-05 2.3641005418539864e-05 5.4785537751108086e-05 -0.00012844157336866889 -1.2205361148174406e-05 9.3007995240876215e-05 -2.791660517686978e-05 1.4949442197699563e-05
leaf_weight=2042 24 24 24 24 24 46 72 48 46 23 46 23 24 2759 24 24 48 48 24 72 24 24 23 48 23 23 69 23 23 184
leaf_count=2042 24 24 24 24 24 46 72 48 46 23 46 23 24 2759 24 24 48 48 24 72 24 24 23 48 23 23 69 23 23 184
internal_value=-6.05179e-13 -4.18186e-06 -2.85454e-06 -3.78508e-06 -5.39251e-05 -2.46657e-06 4.05321e-06 2.73356e-06 -4.67093e-06 -3.73633e-06 -4.86927e-06 -3.2705e-06 3.7946e-06 2.99257e-06 -5.68694e-05 -8.27308e-05 2.3665e-05 3.4884e-05 1.69383e-05 3.59777e-05 7.34604e-06 5.16208e-05 1.9205e-05 7.15587e-07 -4.13677e-06 -5.24209e-06 1.38768e-05 3.9959e-05 1.34345e-05 -3.96914e-06
internal_weight=5953 2930 2858 2810 72 2738 3023 2903 2525 2479 2456 2410 2831 2783 72 48 213 165 48 120 48 48 117 71 2387 2249 138 69 46 2226
internal_count=5953 2930 2858 2810 72 2738 3023 2903 2525 2479 2456 2410 2831 2783 72 48 213 165 48 120 48 48 117 71 2387 2249 138 69 46 2226
is_linear=0
shrinkage=0.05


Tree=82
num_leaves=31
num_cat=0
split_feature=0 0 0 0 0 0 0 0 0 0 0 0 0 0 0 0 0 0 0 0 0 0 0 0 0 0 0 0 0 0
split_gain=3.70239e-05 2.85297e-05 2.58304e-05 2.57229e-05 4.68928e-05 2.43657e-05 7.35036e-05 6.06821e-05 4.96451e-05 3.84833e-05 3.84384e-05 6.74274e-05 2.97459e-05 2.15125e-05 3.99115e-05 3.45331e-05 2.70379e-05 4.0656e-05 2.49176e-05 2.47839e-05 2.12021e-05 2.0314e-05 2.04467e-05 5.63803e-05 2.39025e-05 3.80885e-05 3.38963e-05 2.27712e-05 2.24239e-05 6.20757e-05
threshold=-0.0030078749251793301 -0.0028563024556434264 -0.0029279978062143963 -0.0027023007013469232 -0.0027684927753667743 -0.0035976423254494368 -0.0038714621955656691 -0.0034946426188443634 -0.0039474372548191769 -0.0033079396304207726 -0.0041335871280671855 -0.0040419387176810736 -0.0031629927537497452 -0.0024359535633138112 -0.0024846611764242489 -0.0020429331696519876 -0.0021678216366010977 -0.0022266102823411036 -0.0025769388712698913 -0.0021144916596704116 -0.0037152489831321091 -0.050161956975202614 -0.013109586457152869 -0.014744358271977483 -0.017899142657214113 -0.016018514911379168 -0.020198907872569026 -0.013893522920339211 -0.004954723710388219 -0.0052288518901749846
decision_type=2 2 2 2 2 2 2 2 2 2 2 2 2 2 2 2 2 2 2 2 2 2 2 2 2 2 2 2 2 2
left_child=5 2 -2 4 -3 6 8 -7 10 -9 21 -12 -11 14 18 16 17 -15 -5 -18 -8 -1 23 24 26 -26 -23 -25 29 -24
right_child=1 3 -4 13 -6 7 20 9 -10 12 11 -13 -14 15 -16 -17 19 -19 -20 -21 -22 22 28 27 25 -27 -28 -29 -30 -31
leaf_value=3.8496840958638743e-05 4.0287863078486659e-06 1.5203634519939837e-05 7.8964097338030117e-05 2.8460890035089309e-05 -8.5762187043893283e-05 -9.8264230060429725e-05 8.9528975937961752e-05 2.4165452881182625e-05 -7.7945375718021148e-05 -5.8498377681341179e-05 9.7797694616019731e-05 -2.0723905375537777e-05 -2.8339594488594841e-06 -2.6352686678444078e-05 8.3268954894383972e-05 2.6177918652714378e-06 -9.0812124329639368e-05 5.0407774751479531e-05 -3.5278067124359636e-05 -1.7410412850870713e-05 2.3067695580418027e-05 -8.257301894142681e-06 -4.7837181327281542e-06 -0.00010394438007400216 6.6175343818031251e-05 -2.2903835755035593e-05 -7.3349788419818654e-05 -3.5067653016085387e-05 -2.1395701108823624e-05 5.3826681465807269e-05
leaf_weight=24 23 23 23 46 23 24 24 48 24 48 24 24 48 69 23 4095 23 23 23 23 24 120 768 24 24 24 24 24 168 48
leaf_count=24 23 23 23 46 23 24 24 48 24 48 24 24 48 69 23 4095 23 23 23 23 24 120 768 24 24 24 24 24 168 48
internal_value=2.77917e-13 2.32528e-06 4.14964e-05 1.91305e-06 -3.52793e-05 -6.68669e-06 -4.47983e-06 -2.46569e-05 -6.68995e-06 -1.2389e-05 -5.3704e-06 3.85369e-05 -3.06662e-05 2.30862e-06 2.62282e-05 1.78875e-06 -2.28121e-05 -7.16257e-06 7.21457e-06 -5.41113e-05 5.62983e-05 -7.05914e-06 -7.9524e-06 -2.10377e-05 -8.9206e-06 2.16358e-05 -1.9106e-05 -6.9506e-05 -4.76087e-06 -1.33605e-06
internal_weight=5953 4417 46 4371 46 1536 1368 168 1320 144 1296 48 96 4325 92 4233 138 92 69 46 48 1248 1224 240 192 48 144 48 984 816
internal_count=5953 4417 46 4371 46 1536 1368 168 1320 144 1296 48 96 4325 92 4233 138 92 69 46 48 1248 1224 240 192 48 144 48 984 816
is_linear=0
shrinkage=0.05


Tree=83
num_leaves=31
num_cat=0
split_feature=0 0 0 0 0 0 0 0 0 0 0 0 0 0 0 0 0 0 0 0 0 0 0 0 0 0 0 0 0 0
split_gain=3.46082e-05 4.98656e-05 4.73874e-05 2.63295e-05 4.0337e-05 3.047e-05 3.33487e-05 3.33364e-05 2.99047e-05 7.18142e-05 2.64685e-05 2.312e-05 2.27265e-05 2.17899e-05 3.62854e-05 5.19277e-05 2.12594e-05 6.48953e-05 2.77345e-05 5.6675e-05 5.91677e-05 2.58514e-05 5.59925e-05 4.62842e-05 9.81361e-05 3.27518e-05 2.52078e-05 6.72393e-05 7.42253e-05 8.34376e-05
threshold=0.0021205127434794188 0.0022534084520796855 0.0021827998122470314 0.0025105642701259119 0.0027107652337801562 0.0026154520048600363 0.0026553461289055592 0.0025468797556308293 0.0030829115671654477 0.0031414737074156002 0.002455247004665716 0.0030327807007904969 0.0023971661132836867 0.0029650140021579246 0.0028840650084086725 0.0029278205419772194 0.0032910703023802911 0.0032518789206043338 0.003337919246072307 0.0033884638574101299 0.0034460593410293168 0.0036187552532875268 0.003540546764762276 0.0038758061320144379 0.0039859300302273453 0.0037412106850754057 0.0046150052830187761 0.004936100157888609 0.0048642353772912509 0.0047799479694173282
decision_type=2 2 2 2 2 2 2 2 2 2 2 2 2 2 2 2 2 2 2 2 2 2 2 2 2 2 2 2 2 2
left_child=-1 2 -2 10 5 7 -7 -5 11 -10 12 13 -3 14 -6 -16 17 -11 -18 -20 -21 22 -22 25 -25 -23 -26 28 29 -28
right_child=1 3 -4 4 8 6 -8 -9 9 16 -12 -13 -14 -15 15 -17 18 -19 19 20 21 23 -24 24 26 -27 27 -29 -30 -31
leaf_value=-3.1321869623453309e-06 5.4102913660850996e-06 -2.1509367813147642e-05 0.00010477006995870398 5.1045082838517489e-05 4.5027962503651077e-06 0.00010860255772612341 2.3457313585348185e-05 -3.4084464420194983e-05 9.2965485679957543e-05 1.1124381351533965e-05 -6.617003397574687e-05 -6.3690699275669075e-05 3.4672992114792578e-05 3.4882727556143196e-05 -0.00010595112070090994 2.9686533430915167e-07 5.966339908216311e-05 -9.1738396804430522e-05 -7.3581808702210367e-05 8.5087389806690419e-05 6.2172166350216644e-06 1.0256843906181926e-05 -8.9329690672457226e-05 -6.8355847622075574e-05 2.1998832834280867e-05 6.9922384199858436e-05 -5.0961666633868497e-05 6.2073189676853112e-06 -0.00011580033713708754 6.5674338111421099e-05
leaf_weight=3554 24 72 24 23 69 23 23 23 23 46 24 23 24 23 23 23 23 23 23 23 46 46 23 46 207 46 46 1311 23 23
leaf_count=3554 24 72 24 23 69 23 23 23 23 46 24 23 24 23 23 23 23 23 23 23 46 46 23 46 207 46 46 1311 23 23
internal_value=5.63884e-14 4.64018e-06 5.50902e-05 3.61015e-06 4.83732e-06 3.72551e-05 6.60299e-05 8.48031e-06 3.44301e-06 5.12969e-06 -1.9205e-05 -1.72791e-05 -7.46378e-06 -9.54386e-06 -1.84292e-05 -5.28271e-05 4.09633e-06 -2.31632e-05 5.09363e-06 4.41993e-06 5.39495e-06 4.38619e-06 -2.56318e-05 5.57111e-06 3.65341e-06 4.00896e-05 5.71082e-06 3.30767e-06 -3.80123e-05 -1.2083e-05
internal_weight=5953 2399 48 2351 2231 92 46 46 2139 1978 120 161 96 138 115 46 1955 69 1886 1863 1840 1817 69 1748 1656 92 1610 1403 92 69
internal_count=5953 2399 48 2351 2231 92 46 46 2139 1978 120 161 96 138 115 46 1955 69 1886 1863 1840 1817 69 1748 1656 92 1610 1403 92 69
is_linear=0
shrinkage=0.05


Tree=84
num_leaves=31
num_cat=0
split_feature=0 0 0 0 0 0 0 0 0 0 0 0 0 0 0 0 0 0 0 0 0 0 0 0 0 0 0 0 0 0
split_gain=3.2255e-05 5.46396e-05 5.49363e-05 3.98991e-05 3.40356e-05 0.00012444 7.88659e-05 4.61596e-05 0.00010399 5.8176e-05 7.81647e-05 5.63319e-05 6.88604e-05 5.31426e-05 3.23786e-05 2.92336e-05 2.70274e-05 2.26488e-05 1.85798e-05 4.60155e-05 4.79722e-05 5.08072e-05 4.20551e-05 4.99467e-05 8.43298e-05 3.9373e-05 3.32291e-05 0.0001898 0.000160696 0.000129866
threshold=-0.0054481196936981341 -0.0050608455083966082 -0.0046926363438754707 -0.0052288518901749846 -0.0058656100349734073 -0.0059894136610153222 -0.0057059410177613791 -0.0068077683775005999 -0.0073243711975200807 -0.006647014231557548 -0.0064153301772330871 -0.0077712965683273986 -0.0079879316931693069 -0.0071028240303755595 -0.004954723710388219 -0.0061589658740905584 -0.0053171534512130537 -0.041057583575550255 0.0075114621539750922 0.0076473147461918961 0.007776959479531248 0.0080992043414310679 0.0073770644335394682 0.0072762817437040887 0.00704907535732962 0.006812636570764286 0.0061281797422286129 0.0062371401705527711 0.0059638842426135109 0.006306648111289598
decision_type=2 2 2 2 2 2 2 2 2 2 2 2 2 2 2 2 2 2 2 2 2 2 2 2 2 2 2 2 2 2
left_child=4 3 14 16 5 7 -6 8 11 -9 -11 12 17 -10 -3 -12 -2 -1 22 -20 -21 -22 23 24 25 26 28 -28 -4 -29
right_child=1 2 18 -5 6 -7 -8 9 13 10 15 -13 -14 -15 -16 -17 -18 -19 19 20 21 -23 -24 -25 -26 -27 27 29 -30 -31
leaf_value=2.3567577348633982e-05 5.607805117809525e-05 5.0677799057060234e-06 3.2338088034752099e-07 9.7516143872174637e-05 -0.0001153716245122875 0.00010668693478995313 -4.3635279022661661e-06 -0.00010716099471513492 0.00011376480003188288 5.8018320123665036e-05 -6.8703196787585816e-05 -6.2370458575363352e-05 7.6875983510641768e-05 2.2641061089719494e-05 -6.6059987246565774e-05 -1.1180214642081411e-06 -1.8960023347365983e-05 -1.2180550178600115e-05 7.8778351045279444e-05 -6.410794926721239e-05 6.0017072301770499e-05 5.4857304346751944e-06 -6.7040847384107675e-05 7.4233987865939175e-05 -6.6971668433246165e-05 4.7105731652624422e-05 -0.00015464443238907616 0.00010896465455121159 9.4338500576154546e-05 -2.3869071462642117e-05
leaf_weight=48 24 24 3813 24 24 24 48 24 24 24 48 48 24 48 48 24 24 576 23 23 46 598 23 23 46 46 23 23 46 92
leaf_count=48 24 24 3813 24 24 24 48 24 24 24 48 48 24 48 48 24 24 576 23 23 46 598 23 23 46 46 23 23 46 92
internal_value=5.55498e-13 1.63781e-06 1.00205e-06 4.48781e-05 -8.27061e-06 -5.6578e-06 -4.13662e-05 -8.69414e-06 -4.188e-06 -3.75334e-05 -2.01265e-05 -1.01056e-05 -6.23415e-06 5.30156e-05 -4.23507e-05 -4.61748e-05 1.8559e-05 -9.43069e-06 1.64898e-06 9.24445e-06 6.84673e-06 9.38083e-06 3.81534e-07 7.58653e-07 3.45366e-07 1.11128e-06 5.81945e-07 -2.3526e-05 1.44406e-06 2.69767e-06
internal_weight=5953 4969 4897 72 984 912 72 888 768 120 96 696 648 72 72 72 48 624 4825 690 667 644 4135 4112 4089 4043 3997 138 3859 115
internal_count=5953 4969 4897 72 984 912 72 888 768 120 96 696 648 72 72 72 48 624 4825 690 667 644 4135 4112 4089 4043 3997 138 3859 115
is_linear=0
shrinkage=0.05


Tree=85
num_leaves=31
num_cat=0
split_feature=0 0 0 0 0 0 0 0 0 0 0 0 0 0 0 0 0 0 0 0 0 0 0 0 0 0 0 0 0 0
split_gain=2.92271e-05 2.61418e-05 2.33119e-05 2.284e-05 4.23208e-05 2.26934e-05 6.564e-05 5.47656e-05 4.52229e-05 3.47312e-05 3.41587e-05 6.08532e-05 2.68456e-05 1.99129e-05 3.60201e-05 3.03822e-05 2.44017e-05 3.7527e-05 4.81429e-05 2.24882e-05 2.23675e-05 2.05337e-05 2.28293e-05 6.8881e-05 4.74748e-05 3.95954e-05 3.64882e-05 3.56621e-05 0.000116064 8.05985e-05
threshold=-0.0030078749251793301 -0.0028563024556434264 -0.0029279978062143963 -0.0027023007013469232 -0.0027684927753667743 -0.0035976423254494368 -0.0038714621955656691 -0.0034946426188443634 -0.0039474372548191769 -0.0033079396304207726 -0.0041335871280671855 -0.0040419387176810736 -0.0031629927537497452 -0.0024359535633138112 -0.0024846611764242489 -0.0020429331696519876 -0.0021678216366010977 -0.0023106087784343717 -0.0023734529641045278 -0.0025769388712698913 -0.0021144916596704116 -0.0018282214218971707 -0.0014914617810069927 -0.0016134251911044878 -0.0012569284385753766 -0.001692823340305926 -0.0015545041955692732 -0.00084515841527540503 -0.00097511174216158541 -0.0010293214599905137
decision_type=2 2 2 2 2 2 2 2 2 2 2 2 2 2 2 2 2 2 2 2 2 2 2 2 2 2 2 2 2 2
left_child=5 2 -2 4 -3 6 8 -7 10 -9 -1 -12 -11 14 19 16 17 18 -15 -5 -18 -17 23 25 -24 -23 -25 28 29 -26
right_child=1 3 -4 13 -6 7 -8 9 -10 12 11 -13 -14 15 -16 21 20 -19 -20 -21 -22 22 24 26 27 -27 -28 -29 -30 -31
leaf_value=-6.2323682961471745e-06 3.9677808830595538e-06 1.4583905146497748e-05 7.5156333870203846e-05 2.717829216714523e-05 -8.1333627230892688e-05 -9.3210581629440042e-05 5.3623864524373257e-05 2.3097621184812548e-05 -7.3907667441138391e-05 -5.5433011069302067e-05 9.3048240523785358e-05 -1.954727243476858e-05 -2.5518217019756169e-06 1.2553757076840038e-05 7.924594557034257e-05 2.9366692104014114e-05 -8.6131073413011827e-05 2.526960069308584e-05 -8.974895298825173e-05 -3.3373722006850269e-05 -1.6399456248821126e-05 -1.5286129264100253e-05 4.3610319551299807e-05 -0.00011202372555524798 -1.778727229540654e-05 6.5061687896757019e-05 -2.2960784221852564e-05 2.6952661235140612e-06 -8.8039037402030897e-05 9.0291138495440072e-05
leaf_weight=1248 23 23 23 46 23 24 48 48 24 48 24 24 48 23 23 69 23 46 23 23 23 46 69 23 69 23 23 3704 46 23
leaf_count=1248 23 23 23 46 23 24 48 48 24 48 24 24 48 23 23 69 23 46 23 23 23 46 69 23 69 23 23 3704 46 23
internal_value=6.5067e-13 2.06598e-06 3.95621e-05 1.67138e-06 -3.33749e-05 -5.94105e-06 -3.81127e-06 -2.32836e-05 -5.89982e-06 -1.16291e-05 -4.64041e-06 3.67505e-05 -2.89924e-05 2.04413e-06 2.50572e-05 1.54396e-06 -2.15311e-05 -6.664e-06 -3.85976e-05 6.99429e-06 -5.12653e-05 2.32158e-06 1.85806e-06 -2.0099e-05 2.5037e-06 1.14965e-05 -6.74923e-05 1.76545e-06 -2.31915e-05 9.23233e-06
internal_weight=5953 4417 46 4371 46 1536 1368 168 1320 144 1296 48 96 4325 92 4233 138 92 46 69 46 4095 4026 115 3911 69 46 3842 138 92
internal_count=5953 4417 46 4371 46 1536 1368 168 1320 144 1296 48 96 4325 92 4233 138 92 46 69 46 4095 4026 115 3911 69 46 3842 138 92
is_linear=0
shrinkage=0.05


Tree=86
num_leaves=31
num_cat=0
split_feature=0 0 0 0 0 0 0 0 0 0 0 0 0 0 0 0 0 0 0 0 0 0 0 0 0 0 0 0 0 0
split_gain=2.73358e-05 4.52544e-05 4.27671e-05 2.3465e-05 3.67438e-05 2.74992e-05 3.00972e-05 3.00861e-05 2.65806e-05 6.62702e-05 5.94726e-05 2.51944e-05 5.09125e-05 5.39501e-05 6.37633e-05 4.22389e-05 8.82507e-05 2.95585e-05 2.38879e-05 2.25301e-05 2.16212e-05 2.08658e-05 2.07259e-05 3.96882e-05 4.1971e-05 4.66056e-05 2.58684e-05 2.81678e-05 3.45434e-05 2.77247e-05
threshold=0.0021205127434794188 0.0022534084520796855 0.0021827998122470314 0.0025105642701259119 0.0027107652337801562 0.0026154520048600363 0.0026553461289055592 0.0025468797556308293 0.0030829115671654477 0.0032080433903018475 0.0032910703023802911 0.003337919246072307 0.0033884638574101299 0.0034930435118120475 0.0036187552532875268 0.0038758061320144379 0.0039398756813141108 0.0037412106850754057 0.002455247004665716 0.0038241186501719606 0.0032518789206043338 0.0030327807007904969 0.030803742181755533 0.017652897609846101 0.019601077130010799 0.023554004996251227 0.016328996554610096 0.013471226725432842 0.014341752624165545 0.011369417766440045
decision_type=2 2 2 2 2 2 2 2 2 2 2 2 2 2 2 2 2 2 2 2 2 2 2 2 2 2 2 2 2 2
left_child=-1 2 -2 18 5 7 -7 -5 21 -10 20 -12 -13 -14 -15 17 -17 -16 -3 -19 -11 -6 23 26 -25 -26 27 29 -29 -18
right_child=1 3 -4 4 8 6 -8 -9 9 10 11 12 13 14 15 16 22 19 -20 -21 -22 -23 -24 24 25 -27 -28 28 -30 -31
leaf_value=-2.7837110615821275e-06 4.9888435266135882e-06 -7.2415174296717552e-06 9.9380621910919831e-05 4.8341891986479908e-05 -9.2175952596480271e-06 0.00010302149103549512 2.2133510609147262e-05 -3.2531173675796832e-05 6.3872351513608654e-05 -1.8743961648041203e-05 5.6529298434843841e-05 -7.0053654844346258e-05 5.8267917136064443e-05 -5.4678517525367762e-05 9.5930769495443328e-06 -9.4131950375057118e-05 5.1187507136288384e-06 0.00010126766245103564 -6.3012459425711625e-05 3.1283012662163898e-05 -8.7302407325256842e-05 -6.0657097713809224e-05 -2.2321532224666135e-05 9.7903159052214556e-05 -3.5147927092507216e-05 6.5508133024116472e-05 -4.8648192592815542e-05 8.6010789179810041e-05 1.0963617405255007e-05 -2.3275911683848118e-05
leaf_weight=3554 24 96 24 23 138 23 23 23 46 23 23 23 46 46 46 23 1311 23 24 23 23 23 69 23 23 23 23 23 46 92
leaf_count=3554 24 96 24 23 138 23 23 23 46 23 23 23 46 46 46 23 1311 23 24 23 23 23 69 23 23 23 23 23 46 92
internal_value=9.58237e-13 4.12393e-06 5.21847e-05 3.14268e-06 4.30118e-06 3.52414e-05 6.25775e-05 7.90536e-06 2.97042e-06 4.5606e-06 3.14841e-06 4.51845e-06 3.87634e-06 4.80047e-06 3.42951e-06 4.95867e-06 3.12669e-06 3.79342e-05 -1.83957e-05 6.62753e-05 -5.30232e-05 -1.65661e-05 4.49653e-06 5.67968e-06 4.27545e-05 1.51801e-05 3.96854e-06 4.79067e-06 3.59793e-05 3.25681e-06
internal_weight=5953 2399 48 2351 2231 92 46 46 2139 1978 1932 1886 1863 1840 1794 1748 1656 92 120 46 46 161 1633 1564 69 46 1495 1472 69 1403
internal_count=5953 2399 48 2351 2231 92 46 46 2139 1978 1932 1886 1863 1840 1794 1748 1656 92 120 46 46 161 1633 1564 69 46 1495 1472 69 1403
is_linear=0
shrinkage=0.05


Tree=87
num_leaves=31
num_cat=0
split_feature=0 0 0 0 0 0 0 0 0 0 0 0 0 0 0 0 0 0 0 0 0 0 0 0 0 0 0 0 0 0
split_gain=2.63916e-05 0.000111068 5.08396e-05 6.21465e-05 3.03477e-05 6.2146e-05 4.69882e-05 0.000116807 5.03461e-05 3.29014e-05 3.68227e-05 4.81312e-05 3.87403e-05 2.59145e-05 5.6666e-05 4.82694e-05 2.92217e-05 2.04406e-05 1.68986e-05 2.30819e-05 4.62352e-05 8.6381e-05 5.51208e-05 3.57798e-05 0.000102969 9.24035e-05 9.37161e-05 4.43094e-05 4.06299e-05 4.6052e-05
threshold=-0.0073243711975200807 -0.0071028240303755595 -0.0077712965683273986 -0.0079879316931693069 -0.0061589658740905584 -0.0062897638870469527 -0.0058656100349734073 -0.0057059410177613791 -0.0059894136610153222 -0.006990260617628352 -0.006647014231557548 -0.0068077683775005999 -0.0064153301772330871 -0.0050608455083966082 -0.0052288518901749846 -0.0046926363438754707 -0.004954723710388219 -0.041057583575550255 0.046204879040816556 0.010344478406692762 0.011369417766440045 0.011890504689669283 0.010903837729938103 0.0091487169768551205 0.0086018910567939606 0.0094889458289314239 0.0097591273249414082 0.010147383968335201 0.0083253114794032794 0.007776959479531248
decision_type=2 2 2 2 2 2 2 2 2 2 2 2 2 2 2 2 2 2 2 2 2 2 2 2 2 2 2 2 2 2
left_child=2 -2 3 17 5 9 8 -8 -6 -3 11 -11 -12 14 -9 16 -15 -1 19 23 22 -22 -21 24 28 -25 -27 -28 29 -17
right_child=1 4 -4 -5 6 -7 7 13 -10 10 12 -13 -14 15 -16 18 -18 -19 -20 20 21 -23 -24 25 -26 26 27 -29 -30 -31
leaf_value=2.2840009235854572e-05 0.00010852735507190421 4.5135235995985572e-05 -5.8801138159954772e-05 7.3482989084065287e-05 -6.1132062304144101e-07 -9.5364549755079991e-05 -0.00010915223101619631 7.193658916548884e-06 0.00010180338067584672 -1.2155978765804321e-06 5.5568201059941205e-05 -0.00010135213863880684 -3.4269914370573438e-05 5.2651751805872972e-06 9.3091149513687327e-05 3.6154243656664052e-07 -6.2306189208053789e-05 -1.1120715684577299e-05 -4.1294519099249996e-05 1.8991658631104816e-05 -8.7911659932654834e-05 1.2943073531057938e-05 0.00011379194183973596 -0.00011698115925790498 7.5731107418782227e-05 8.1149499253471103e-05 -9.1534546252502048e-05 6.6106042536178037e-06 -4.621434769512195e-05 4.1545129510189366e-05
leaf_weight=48 24 24 48 24 24 24 24 96 24 24 24 24 24 24 24 4181 48 576 23 46 23 276 23 23 46 23 23 23 46 69
leaf_count=48 24 24 48 24 24 24 24 96 24 24 24 24 24 24 24 4181 48 576 23 46 23 276 23 23 46 23 23 23 46 69
internal_value=9.19781e-13 1.21135e-06 -9.14953e-06 -5.47164e-06 7.19171e-07 -2.19165e-05 1.35968e-06 8.90852e-07 5.0596e-05 -7.22684e-06 -2.03174e-05 -5.12839e-05 1.06491e-05 1.41727e-06 2.43732e-05 8.54739e-07 -3.97824e-05 -8.50835e-06 1.46114e-06 1.66592e-06 1.36988e-05 5.18502e-06 5.05918e-05 6.67256e-07 1.32105e-06 -3.01889e-05 -1.25815e-06 -4.2462e-05 5.24293e-07 1.03017e-06
internal_weight=5953 5257 696 648 5233 144 5089 5041 48 120 96 48 48 5017 120 4897 72 624 4825 4802 368 299 69 4434 4342 92 69 46 4296 4250
internal_count=5953 5257 696 648 5233 144 5089 5041 48 120 96 48 48 5017 120 4897 72 624 4825 4802 368 299 69 4434 4342 92 69 46 4296 4250
is_linear=0
shrinkage=0.05


Tree=88
num_leaves=31
num_cat=0
split_feature=0 0 0 0 0 0 0 0 0 0 0 0 0 0 0 0 0 0 0 0 0 0 0 0 0 0 0 0 0 0
split_gain=2.38184e-05 0.000100239 4.58827e-05 5.60872e-05 2.73888e-05 5.60868e-05 4.24069e-05 0.000105418 4.54374e-05 2.96936e-05 3.32325e-05 4.34384e-05 3.49631e-05 2.33879e-05 5.1141e-05 4.35631e-05 2.63726e-05 1.86346e-05 2.17233e-05 3.98872e-05 3.32035e-05 3.43749e-05 2.50198e-05 5.07086e-05 6.44487e-05 2.0551e-05 1.97742e-05 3.74243e-05 3.2088e-05 1.9052e-05
threshold=-0.0073243711975200807 -0.0071028240303755595 -0.0077712965683273986 -0.0079879316931693069 -0.0061589658740905584 -0.0062897638870469527 -0.0058656100349734073 -0.0057059410177613791 -0.0059894136610153222 -0.006990260617628352 -0.006647014231557548 -0.0068077683775005999 -0.0064153301772330871 -0.0050608455083966082 -0.0052288518901749846 -0.0046926363438754707 -0.004954723710388219 -0.031965569042257135 -0.013109586457152869 -0.014744358271977483 -0.017899142657214113 -0.016018514911379168 -0.011860397195859339 -0.011431649397759874 -0.011055501685961366 -0.013893522920339211 -0.020198907872569026 -0.022578175613438552 -0.027323983957631862 -0.01241668460002244
decision_type=2 2 2 2 2 2 2 2 2 2 2 2 2 2 2 2 2 2 2 2 2 2 2 2 2 2 2 2 2 2
left_child=2 -2 3 17 5 9 8 -8 -6 -3 11 -11 -12 14 -9 16 -15 -1 19 20 26 -22 29 -24 -25 -21 27 28 -19 -20
right_child=1 4 -4 -5 6 -7 7 13 -10 10 12 -13 -14 15 -16 -17 -18 18 22 25 21 -23 23 24 -26 -27 -28 -29 -30 -31
leaf_value=1.5841484724256186e-05 0.00010310099103965816 4.2878466986924951e-05 -5.5861075027981623e-05 6.9808840019428928e-05 -5.807562653596203e-07 -9.0596330119296914e-05 -0.00010369462288508658 6.8339778787655337e-06 9.6713221137179064e-05 -1.1548227727568398e-06 5.2789786665622765e-05 -9.6284532992285684e-05 -3.2556410587858409e-05 5.0019358847445501e-06 8.8436588278758191e-05 1.3880798482808326e-06 -5.9190881468869827e-05 -1.1243294769277175e-07 -1.8543846029691243e-06 -9.6974692557220499e-05 6.4639044406552182e-05 -1.9986170082120227e-05 -7.8957048572192434e-05 7.5136147794789096e-05 -1.0442575187357073e-05 -3.1541787980889545e-05 -6.7909815637297777e-05 3.5475898160560365e-05 -8.1874266955613481e-05 6.1146894343740626e-05
leaf_weight=72 24 24 48 24 24 24 24 96 24 24 24 24 24 24 24 4825 48 24 24 24 24 24 24 24 264 24 24 24 24 24
leaf_count=72 24 24 48 24 24 24 24 96 24 24 24 24 24 24 24 4825 48 24 24 24 24 24 24 24 264 24 24 24 24 24
internal_value=-1.00162e-12 1.15078e-06 -8.69206e-06 -5.19806e-06 6.83211e-07 -2.08206e-05 1.29169e-06 8.46308e-07 4.80662e-05 -6.8655e-06 -1.93015e-05 -4.87197e-05 1.01167e-05 1.3464e-06 2.31545e-05 8.12001e-07 -3.77933e-05 -8.08294e-06 -1.12035e-05 -2.47855e-05 -1.1628e-05 2.23264e-05 -3.95978e-06 -9.12994e-06 -3.31101e-06 -6.42582e-05 -2.86052e-05 -1.55036e-05 -4.09933e-05 2.96463e-05
internal_weight=5953 5257 696 648 5233 144 5089 5041 48 120 96 48 48 5017 120 4897 72 624 552 192 144 48 360 312 288 48 96 72 48 48
internal_count=5953 5257 696 648 5233 144 5089 5041 48 120 96 48 48 5017 120 4897 72 624 552 192 144 48 360 312 288 48 96 72 48 48
is_linear=0
shrinkage=0.05


Tree=89
num_leaves=31
num_cat=0
split_feature=0 0 0 0 0 0 0 0 0 0 0 0 0 0 0 0 0 0 0 0 0 0 0 0 0 0 0 0 0 0
split_gain=2.22392e-05 4.10402e-05 3.85973e-05 2.09442e-05 3.34301e-05 2.4818e-05 2.71627e-05 2.71527e-05 2.36695e-05 6.07313e-05 2.15588e-05 2.05107e-05 1.99538e-05 5.90156e-05 3.41737e-05 2.12073e-05 1.74563e-05 5.21682e-05 2.28676e-05 4.57624e-05 5.01279e-05 2.1128e-05 4.74382e-05 3.84909e-05 8.16276e-05 2.66765e-05 2.37363e-05 5.95118e-05 6.69883e-05 7.53024e-05
threshold=0.0021205127434794188 0.0022534084520796855 0.0021827998122470314 0.0025105642701259119 0.0027107652337801562 0.0026154520048600363 0.0026553461289055592 0.0025468797556308293 0.0030829115671654477 0.0031414737074156002 0.002455247004665716 0.0023971661132836867 0.0028840650084086725 0.0029278205419772194 0.0030327807007904969 0.0027667136535893954 0.0032910703023802911 0.0032518789206043338 0.003337919246072307 0.0033884638574101299 0.0034460593410293168 0.0036187552532875268 0.003540546764762276 0.0038758061320144379 0.0039859300302273453 0.0037412106850754057 0.0046150052830187761 0.004936100157888609 0.0048642353772912509 0.0047799479694173282
decision_type=2 2 2 2 2 2 2 2 2 2 2 2 2 2 2 2 2 2 2 2 2 2 2 2 2 2 2 2 2 2
left_child=-1 2 -2 10 5 7 -7 -5 12 -10 11 -3 15 -14 -15 -6 17 -11 -18 -20 -21 22 -22 25 -25 -23 -26 28 29 -28
right_child=1 3 -4 4 8 6 -8 -9 9 16 -12 -13 13 14 -16 -17 18 -19 19 20 21 23 -24 24 26 -27 27 -29 -30 -31
leaf_value=-2.5108347890997483e-06 4.6519181826928014e-06 -2.0310232907326685e-05 9.4324113615584795e-05 4.5837320541740274e-05 -3.4701384973469314e-05 9.7782941757822828e-05 2.0939354346963864e-05 -3.0992096807218015e-05 8.488518221344313e-05 9.2015346996524158e-06 -5.9949314315114556e-05 3.3063011202708979e-05 -0.00010043111064790181 1.6932776286367974e-05 -5.7711724050181068e-05 2.4100868564425545e-05 5.3615352257823009e-05 -8.3024770213776963e-05 -6.6638448397102564e-05 7.7681207609281929e-05 5.5782112094280114e-06 9.0259362917530122e-06 -8.236769165745026e-05 -6.2951138866280766e-05 2.0404540153515483e-05 6.287409377483014e-05 -4.8907929395563376e-05 4.9950702485419295e-06 -0.00011050466994714478 6.1896276652671236e-05
leaf_weight=3554 24 72 24 23 23 23 23 23 23 46 24 24 23 46 23 46 23 23 23 23 46 46 23 46 207 46 46 1311 23 23
leaf_count=3554 24 72 24 23 23 23 23 23 23 46 24 24 23 46 23 46 23 23 23 23 46 46 23 46 207 46 46 1311 23 23
internal_value=-1.68986e-13 3.71968e-06 4.9488e-05 2.78523e-06 3.87974e-06 3.33919e-05 5.93611e-05 7.42261e-06 2.6104e-06 4.11097e-06 -1.75634e-05 -6.96692e-06 -1.58253e-05 -3.10693e-05 -7.94872e-06 4.50012e-06 3.16069e-06 -2.15406e-05 4.06439e-06 3.45265e-06 4.32879e-06 3.40028e-06 -2.37371e-05 4.47149e-06 2.72269e-06 3.595e-05 4.59908e-06 2.26713e-06 -3.66061e-05 -1.19732e-05
internal_weight=5953 2399 48 2351 2231 92 46 46 2139 1978 120 96 161 92 69 69 1955 69 1886 1863 1840 1817 69 1748 1656 92 1610 1403 92 69
internal_count=5953 2399 48 2351 2231 92 46 46 2139 1978 120 96 161 92 69 69 1955 69 1886 1863 1840 1817 69 1748 1656 92 1610 1403 92 69
is_linear=0
shrinkage=0.05


Tree=90
num_leaves=31
num_cat=0
split_feature=0 0 0 0 0 0 0 0 0 0 0 0 0 0 0 0 0 0 0 0 0 0 0 0 0 0 0 0 0 0
split_gain=2.14965e-05 7.61823e-05 3.11752e-05 3.97669e-05 2.50131e-05 7.59474e-05 3.9332e-05 4.16147e-05 4.36346e-05 3.27462e-05 3.72225e-05 2.56697e-05 1.54502e-05 5.55199e-05 9.0731e-05 2.66354e-05 2.4374e-05 5.06183e-05 3.85256e-05 9.48563e-05 4.10072e-05 2.67984e-05 2.99923e-05 3.92031e-05 3.15542e-05 2.14122e-05 4.61548e-05 3.89892e-05 2.38013e-05 1.54169e-05
threshold=-0.0092284920864327252 -0.00957397570292093 -0.0089603765977270908 -0.008675775959136196 -0.010110776558653363 -0.010382870609192218 -0.011431649397759874 -0.011860397195859339 -0.01241668460002244 -0.014744358271977483 -0.013893522920339211 -0.011055501685961366 -0.0077712965683273986 -0.0073243711975200807 -0.0071028240303755595 -0.0079879316931693069 -0.0061589658740905584 -0.0062897638870469527 -0.0058656100349734073 -0.0057059410177613791 -0.0059894136610153222 -0.006990260617628352 -0.006647014231557548 -0.0068077683775005999 -0.0064153301772330871 -0.0050608455083966082 -0.0052288518901749846 -0.0046926363438754707 -0.004954723710388219 0.046204879040816556
decision_type=2 2 2 2 2 2 2 2 2 2 2 2 2 2 2 2 2 2 2 2 2 2 2 2 2 2 2 2 2 2
left_child=1 4 -2 -4 5 6 7 8 9 -1 -11 -8 15 -14 -15 -5 17 21 20 -20 -18 -16 23 -23 -24 26 -21 28 -27 -29
right_child=2 -3 3 12 -6 -7 11 -9 -10 10 -12 -13 13 14 16 -17 18 -19 19 25 -22 22 24 -25 -26 27 -28 29 -30 -31
leaf_value=-2.222347639299524e-06 5.7774220598124287e-05 -9.6814823518798224e-05 -6.3556612394677367e-05 5.6216003536570092e-06 2.8708998449171005e-05 -9.577610635460588e-05 7.1504867325226462e-05 -7.4883648388398197e-05 5.8215091000117053e-05 -9.2000407918627994e-05 -1.5737648035004292e-05 8.1733048470293095e-06 -5.2942486339209921e-05 9.8071478820808513e-05 4.0860092879787166e-05 6.6443939673869559e-05 -4.261739377398044e-07 -8.5940960949907707e-05 -9.8384353987057696e-05 6.6178213349606566e-06 9.2003090200402465e-05 -9.7154049096085751e-07 5.027585866628215e-05 -9.1344775864854458e-05 -3.0803061235928908e-05 4.877368580006684e-06 8.4140299926123899e-05 1.4849280070340783e-06 -5.610579179725998e-05 -3.954895122581587e-05
leaf_weight=216 24 24 24 72 48 24 24 24 24 24 48 48 48 24 24 24 24 24 24 96 24 24 24 24 24 24 24 4802 48 23
leaf_count=216 24 24 24 72 48 24 24 24 24 24 48 48 48 24 24 24 24 24 24 96 24 24 24 24 24 24 24 4802 48 23
internal_value=-7.18931e-13 -9.87937e-06 9.13782e-07 6.62234e-07 -5.5326e-06 -9.33722e-06 -4.25258e-06 -1.1439e-05 -6.5586e-06 -1.19564e-05 -4.11586e-05 2.92838e-05 9.47598e-07 5.87854e-07 1.07662e-06 2.08272e-05 6.31777e-07 -1.96541e-05 1.20579e-06 7.8128e-07 4.57885e-05 -6.39669e-06 -1.82109e-05 -4.61582e-05 9.7364e-06 1.25566e-06 2.21223e-05 7.44329e-07 -3.57781e-05 1.28933e-06
internal_weight=5953 504 5449 5425 480 432 408 336 312 288 72 72 5401 5305 5257 96 5233 144 5089 5041 48 120 96 48 48 5017 120 4897 72 4825
internal_count=5953 504 5449 5425 480 432 408 336 312 288 72 72 5401 5305 5257 96 5233 144 5089 5041 48 120 96 48 48 5017 120 4897 72 4825
is_linear=0
shrinkage=0.05


Tree=91
num_leaves=31
num_cat=0
split_feature=0 0 0 0 0 0 0 0 0 0 0 0 0 0 0 0 0 0 0 0 0 0 0 0 0 0 0 0 0 0
split_gain=1.95469e-05 7.7212e-05 5.00766e-05 7.02854e-05 0.000261044 5.17362e-05 4.90816e-05 4.51956e-05 0.000119937 0.000122625 6.56801e-05 4.39663e-05 3.99949e-05 9.35266e-05 3.47675e-05 3.65304e-05 3.3269e-05 3.56925e-05 2.92016e-05 2.36751e-05 7.16267e-05 2.23512e-05 2.22863e-05 2.81134e-05 1.53886e-05 2.30187e-05 3.37925e-05 0.000102374 3.61014e-05 1.67415e-05
threshold=0.00077244483763002725 0.00062509647156369869 0.00051901544814576155 0.00036662862087073848 0.00041126910178810976 -0.000162869263940615 0.0010279278069603649 -0.00031255517857436922 -0.00035314206361493247 -0.00047080791346445079 -0.0005124692770228505 0.0011850831211700596 0.0013032371064385356 0.001336628976900265 0.00072670769405607709 0.00067547072744762228 0.0002435901031547042 0.00013204638075740274 0.00047053809498753932 0.0008859848629561676 0.00082615188029494708 0.00056287761173926356 -5.1690087292619742e-05 1.0000000180025095e-35 0.037925976458710924 0.012940968014126194 0.011369417766440045 0.010903837729938103 0.011890504689669283 0.014341752624165545
decision_type=2 2 2 2 2 2 2 2 2 2 2 2 2 2 2 2 2 2 2 2 2 2 2 2 2 2 2 2 2 2
left_child=1 2 3 5 -5 7 19 8 9 10 -1 -8 -13 -14 15 -3 17 22 -6 20 -2 -4 -7 -24 25 26 27 -15 -28 -27
right_child=6 14 21 4 18 16 11 -9 -10 -11 -12 12 13 24 -16 -17 -18 -19 -20 -21 -22 -23 23 -25 -26 29 28 -29 -30 -31
leaf_value=-2.6206207623440801e-06 6.8034819681391439e-05 -3.4997392867808229e-05 8.3136775841315602e-05 -0.0001858913525817722 5.5068066891787264e-05 4.5333557690078716e-05 -3.7058870657347145e-05 -5.2308227967169733e-05 0.00011135770448321558 -8.4221466905724497e-05 8.2278881176455832e-05 4.7758715290531957e-05 -9.6550659191052549e-05 1.7203241733164801e-06 -4.9115230164413033e-06 -0.00012223562807018123 -1.4177599526495519e-05 6.9424485415462794e-05 -2.2929729023720335e-05 5.2290072441489123e-05 -5.4121756814614252e-05 1.489826987987423e-05 -4.4794536686664367e-05 2.2436739542778619e-05 -2.6096319658603063e-05 4.5694172655677664e-05 -8.3909489710450819e-05 0.00010770893891078784 -7.1885703658588923e-06 1.1491448528448595e-05
leaf_weight=2387 24 24 24 24 24 46 72 46 23 46 23 48 24 2414 24 24 48 48 24 72 24 24 23 48 46 46 23 23 46 161
leaf_count=2387 24 24 24 24 24 46 72 46 23 46 23 48 24 2414 24 24 48 48 24 72 24 24 23 48 46 46 23 23 46 161
internal_value=-9.79368e-14 -2.91023e-06 -1.62194e-06 -2.48695e-06 -5.1251e-05 -1.20462e-06 2.8207e-06 -3.20085e-06 -2.28962e-06 -3.35391e-06 -1.81038e-06 1.52538e-06 2.50668e-06 1.72619e-06 -5.40482e-05 -7.86165e-05 2.24595e-05 3.31176e-05 1.60692e-05 3.41567e-05 6.95653e-06 4.90175e-05 1.82225e-05 6.57594e-07 2.58108e-06 3.06732e-06 1.74365e-06 2.72063e-06 -3.27622e-05 1.90921e-05
internal_weight=5953 2930 2858 2810 72 2738 3023 2525 2479 2456 2410 2903 2831 2783 72 48 213 165 48 120 48 48 117 71 2759 2713 2506 2437 69 207
internal_count=5953 2930 2858 2810 72 2738 3023 2525 2479 2456 2410 2903 2831 2783 72 48 213 165 48 120 48 48 117 71 2759 2713 2506 2437 69 207
is_linear=0
shrinkage=0.05


Tree=92
num_leaves=31
num_cat=0
split_feature=0 0 0 0 0 0 0 0 0 0 0 0 0 0 0 0 0 0 0 0 0 0 0 0 0 0 0 0 0 0
split_gain=1.88627e-05 6.87546e-05 2.82849e-05 3.57206e-05 2.25743e-05 6.85425e-05 3.54972e-05 3.75573e-05 3.93802e-05 3.0089e-05 3.28966e-05 3.25131e-05 3.77617e-05 4.63031e-05 2.31669e-05 1.41579e-05 4.98174e-05 8.21652e-05 4.55355e-05 3.50215e-05 8.53268e-05 3.7009e-05 3.17959e-05 2.70681e-05 3.53808e-05 2.84776e-05 2.40384e-05 1.96288e-05 4.16547e-05 3.49839e-05
threshold=-0.0092284920864327252 -0.00957397570292093 -0.0089603765977270908 -0.008675775959136196 -0.010110776558653363 -0.010382870609192218 -0.011431649397759874 -0.011860397195859339 -0.01241668460002244 -0.027323983957631862 -0.022578175613438552 -0.016018514911379168 -0.017899142657214113 -0.020198907872569026 -0.011055501685961366 -0.0077712965683273986 -0.0073243711975200807 -0.006990260617628352 -0.0061589658740905584 -0.0058656100349734073 -0.0057059410177613791 -0.0059894136610153222 -0.0062897638870469527 -0.006647014231557548 -0.0068077683775005999 -0.0064153301772330871 -0.0079879316931693069 -0.0050608455083966082 -0.0052288518901749846 -0.0045885086614475172
decision_type=2 2 2 2 2 2 2 2 2 2 2 2 2 2 2 2 2 2 2 2 2 2 2 2 2 2 2 2 2 2
left_child=1 4 -2 -4 5 6 7 8 9 -1 -11 12 13 -12 -8 26 -17 -18 22 21 -21 -20 23 24 -19 -25 -5 28 -22 -29
right_child=2 -3 3 15 -6 -7 14 -9 -10 10 11 -13 -14 -15 -16 16 17 18 19 20 27 -23 -24 25 -26 -27 -28 29 -30 -31
leaf_value=1.1628064188092442e-05 5.5016537832367851e-05 -9.1843051086470959e-05 -6.0247731774628246e-05 5.4715472490190428e-06 2.7404582366822677e-05 -9.0856260188350776e-05 6.8060656910044301e-05 -7.1008444107671192e-05 5.5435369722545148e-05 -7.7412863477851121e-05 3.4069826870108959e-05 -3.3882007115456267e-05 6.1774800512163591e-05 -6.4146643884062854e-05 7.8956819379527584e-06 -5.0164335395190085e-05 6.6123528025248868e-05 -7.9192899041421098e-07 -2.73846429384624e-07 -9.3334106168185826e-05 6.4179620115586053e-06 8.753399209429821e-05 -8.1512887845747173e-05 4.7893078590277586e-05 -8.6646510317223155e-05 -2.9131865691548837e-05 6.3252777393548362e-05 -2.9207250039083493e-05 8.0064319445227741e-05 1.2764554008722283e-06
leaf_weight=96 24 24 24 72 48 24 24 24 24 24 24 96 24 24 48 48 48 24 24 24 96 24 24 24 24 24 24 96 24 4801
leaf_count=96 24 24 24 72 48 24 24 24 24 24 24 96 24 24 48 48 48 24 24 24 96 24 24 24 24 24 24 96 24 4801
internal_value=4.71785e-13 -9.25437e-06 8.55975e-07 6.16371e-07 -5.12494e-06 -8.73933e-06 -3.90892e-06 -1.0736e-05 -6.09964e-06 -1.12276e-05 -2.26554e-05 -1.48329e-05 1.0566e-05 -1.50384e-05 2.79507e-05 8.86828e-07 5.42458e-07 1.00545e-06 4.05394e-07 1.12326e-06 7.18511e-07 4.36301e-05 -3.0038e-05 -1.71693e-05 -4.37192e-05 9.38061e-06 1.99169e-05 1.16843e-06 2.11472e-05 6.78858e-07
internal_weight=5953 504 5449 5425 480 432 408 336 312 288 192 168 72 48 72 5401 5305 5257 5209 5089 5041 48 120 96 48 48 96 5017 120 4897
internal_count=5953 504 5449 5425 480 432 408 336 312 288 192 168 72 48 72 5401 5305 5257 5209 5089 5041 48 120 96 48 48 96 5017 120 4897
is_linear=0
shrinkage=0.05


Tree=93
num_leaves=31
num_cat=0
split_feature=0 0 0 0 0 0 0 0 0 0 0 0 0 0 0 0 0 0 0 0 0 0 0 0 0 0 0 0 0 0
split_gain=1.72901e-05 3.70896e-05 3.4834e-05 1.88427e-05 3.02398e-05 2.23983e-05 2.45143e-05 2.45053e-05 2.12802e-05 5.56869e-05 4.93891e-05 2.06713e-05 4.12529e-05 4.55187e-05 5.28987e-05 3.48331e-05 7.37479e-05 2.40756e-05 2.03334e-05 1.94568e-05 1.85109e-05 1.80083e-05 5.32616e-05 3.08418e-05 1.91396e-05 1.68478e-05 1.60708e-05 3.40182e-05 3.78789e-05 4.20615e-05
threshold=0.0021205127434794188 0.0022534084520796855 0.0021827998122470314 0.0025105642701259119 0.0027107652337801562 0.0026154520048600363 0.0026553461289055592 0.0025468797556308293 0.0030829115671654477 0.0032080433903018475 0.0032910703023802911 0.003337919246072307 0.0033884638574101299 0.0034930435118120475 0.0036187552532875268 0.0038758061320144379 0.0039398756813141108 0.0037412106850754057 0.0038241186501719606 0.002455247004665716 0.0023971661132836867 0.0028840650084086725 0.0029278205419772194 0.0030327807007904969 0.0027667136535893954 0.0032518789206043338 0.030803742181755533 0.017652897609846101 0.019601077130010799 0.023554004996251227
decision_type=2 2 2 2 2 2 2 2 2 2 2 2 2 2 2 2 2 2 2 2 2 2 2 2 2 2 2 2 2 2
left_child=-1 2 -2 19 5 7 -7 -5 21 -10 25 -12 -13 -14 -15 17 -17 -16 -19 20 -3 24 -23 -24 -6 -11 27 -18 -29 -30
right_child=1 3 -4 4 8 6 -8 -9 9 10 11 12 13 14 15 16 26 18 -20 -21 -22 22 23 -25 -26 -27 -28 28 29 -31
leaf_value=-2.2138987548894439e-06 4.1952465835493061e-06 -1.9518802906127853e-05 8.9383822038750324e-05 4.3321362682036124e-05 -3.3190398623802416e-05 9.2669708259484688e-05 1.9668301683850588e-05 -2.9666577270488593e-05 5.8014996719303667e-05 -1.8578410400432009e-05 5.0710493878400681e-05 -6.3530605984851718e-05 5.2961469523522638e-05 -5.0336418618836319e-05 8.350550492848371e-06 -8.6589361751026928e-05 3.029129404527388e-06 9.2749005599888855e-05 2.626357622237107e-05 -5.7175930245042164e-05 3.1185770543136947e-05 -9.563363090147387e-05 1.5862049970208952e-05 -5.5050223074985028e-05 2.2671744211592065e-05 -7.9097611951115343e-05 -2.0043623932735133e-05 9.1329047901798853e-05 -3.5069502012882604e-05 6.0553743558399301e-05
leaf_weight=3554 24 72 24 23 23 23 23 23 46 23 23 23 46 46 46 23 1495 23 23 24 24 23 46 23 46 23 69 23 23 23
leaf_count=3554 24 72 24 23 23 23 23 23 46 23 23 23 46 46 46 23 1495 23 23 24 24 23 46 23 46 23 69 23 23 23
internal_value=-1.0182e-13 3.27978e-06 4.67895e-05 2.39145e-06 3.42959e-06 3.14982e-05 5.6169e-05 6.82739e-06 2.22234e-06 3.64516e-06 2.35064e-06 3.59915e-06 3.01753e-06 3.84938e-06 2.59009e-06 3.9829e-06 2.31926e-06 3.39284e-05 5.95063e-05 -1.69093e-05 -6.84266e-06 -1.52581e-05 -2.97399e-05 -7.77537e-06 4.05103e-06 -4.8838e-05 3.57149e-06 4.61333e-06 3.89378e-05 1.27421e-05
internal_weight=5953 2399 48 2351 2231 92 46 46 2139 1978 1932 1886 1863 1840 1794 1748 1656 92 46 120 96 161 92 69 69 46 1633 1564 69 46
internal_count=5953 2399 48 2351 2231 92 46 46 2139 1978 1932 1886 1863 1840 1794 1748 1656 92 46 120 96 161 92 69 69 46 1633 1564 69 46
is_linear=0
shrinkage=0.05


Tree=94
num_leaves=31
num_cat=0
split_feature=0 0 0 0 0 0 0 0 0 0 0 0 0 0 0 0 0 0 0 0 0 0 0 0 0 0 0 0 0 0
split_gain=1.65976e-05 6.2051e-05 2.56473e-05 3.21026e-05 2.03733e-05 6.18597e-05 3.20362e-05 3.38954e-05 3.55406e-05 2.71894e-05 3.35933e-05 2.09081e-05 1.37257e-05 1.88468e-05 2.74418e-05 2.39987e-05 1.78192e-05 4.2674e-05 1.29506e-05 4.47286e-05 7.66703e-05 2.16947e-05 1.97503e-05 4.09174e-05 3.18099e-05 7.67823e-05 3.34006e-05 2.0729e-05 2.44289e-05 3.19312e-05
threshold=-0.0092284920864327252 -0.00957397570292093 -0.0089603765977270908 -0.008675775959136196 -0.010110776558653363 -0.010382870609192218 -0.011431649397759874 -0.011860397195859339 -0.01241668460002244 -0.014744358271977483 -0.013893522920339211 -0.011055501685961366 -0.050161956975202614 -0.017899142657214113 -0.016018514911379168 -0.020198907872569026 -0.022578175613438552 -0.027323983957631862 -0.0077712965683273986 -0.0073243711975200807 -0.0071028240303755595 -0.0079879316931693069 -0.0061589658740905584 -0.0062897638870469527 -0.0058656100349734073 -0.0057059410177613791 -0.0059894136610153222 -0.006990260617628352 -0.006647014231557548 -0.0068077683775005999
decision_type=2 2 2 2 2 2 2 2 2 2 2 2 2 2 2 2 2 2 2 2 2 2 2 2 2 2 2 2 2 2
left_child=1 4 -2 -4 5 6 7 8 9 12 -11 -8 -1 15 -15 16 17 -14 21 -20 -21 -5 23 27 26 -26 -24 -22 29 -29
right_child=2 -3 3 18 -6 -7 11 -9 -10 10 -12 -13 13 14 -16 -17 -18 -19 19 20 22 -23 24 -25 25 -27 -28 28 -30 -31
leaf_value=3.3963916454619421e-05 5.2376409318336903e-05 -8.7140198047563899e-05 -5.7124671911878977e-05 5.3086647514848868e-06 2.6145034507862877e-05 -8.6202758272217273e-05 6.4768332413223115e-05 -6.7347322137341817e-05 5.2774291543755683e-05 -8.5464562198467325e-05 -1.3014933930814247e-05 7.6115846241009428e-06 3.5551609269330383e-06 5.8796758700433809e-05 -1.6814379826731362e-05 -6.0828603333599553e-05 3.2477020734707667e-05 -7.3431509614844501e-05 -4.7545411022535221e-05 9.0103454688990805e-05 3.5752629613246731e-05 6.0200833316533446e-05 -1.4944574407612285e-07 -7.732653854570041e-05 -8.8556704152627696e-05 1.0893602757246408e-06 8.3267983670035997e-05 -6.4164463159007336e-07 9.0222691748446479e-06 -8.2203481967250505e-05
leaf_weight=24 24 24 24 72 48 24 24 24 24 24 48 48 72 24 24 24 24 24 48 24 24 24 24 24 24 5017 24 24 48 24
leaf_count=24 24 24 24 72 48 24 24 24 24 24 48 48 72 24 24 24 24 24 48 24 24 24 24 24 24 5017 24 24 48 24
internal_value=2.47741e-13 -8.68096e-06 8.02937e-07 5.74778e-07 -4.758e-06 -8.19167e-06 -3.60278e-06 -1.00885e-05 -5.68396e-06 -1.05555e-05 -3.71648e-05 2.66638e-05 -1.6857e-06 -6.1419e-06 2.09912e-05 -1.51863e-05 -6.0578e-06 -1.56915e-05 8.31173e-07 5.01813e-07 9.40517e-07 1.90317e-05 5.31591e-07 -1.77291e-05 1.0483e-06 6.62559e-07 4.15593e-05 -5.80959e-06 -1.62001e-05 -4.14226e-05
internal_weight=5953 504 5449 5425 480 432 408 336 312 288 72 72 216 192 48 144 120 96 5401 5305 5257 96 5233 144 5089 5041 48 120 96 48
internal_count=5953 504 5449 5425 480 432 408 336 312 288 72 72 216 192 48 144 120 96 5401 5305 5257 96 5233 144 5089 5041 48 120 96 48
is_linear=0
shrinkage=0.05


Tree=95
num_leaves=31
num_cat=0
split_feature=0 0 0 0 0 0 0 0 0 0 0 0 0 0 0 0 0 0 0 0 0 0 0 0 0 0 0 0 0 0
split_gain=1.59399e-05 4.21331e-05 4.26611e-05 4.29531e-05 3.77422e-05 4.53054e-05 7.75339e-05 2.91675e-05 8.13817e-05 0.000124392 4.62049e-05 8.10213e-05 3.407e-05 6.50448e-05 5.42644e-05 2.49502e-05 1.86544e-05 3.41857e-05 3.79605e-05 3.12565e-05 1.73658e-05 1.70076e-05 1.66941e-05 1.31946e-05 5.6001e-05 2.36346e-05 2.84315e-05 1.83869e-05 5.58284e-05 2.89127e-05
threshold=0.0075114621539750922 0.0076473147461918961 0.007776959479531248 0.0080992043414310679 0.0073770644335394682 0.0072762817437040887 0.007186664679583738 0.0086018910567939606 0.0091487169768551205 0.0094889458289314239 0.0097591273249414082 0.010147383968335201 0.011369417766440045 0.011890504689669283 0.010903837729938103 0.030803742181755533 0.017652897609846101 0.019601077130010799 0.023554004996251227 0.016328996554610096 0.0083253114794032794 0.012434112528229091 0.0088840703875546299 -0.0092284920864327252 -0.00957397570292093 -0.0089603765977270908 -0.008675775959136196 -0.010110776558653363 -0.010382870609192218 -0.011431649397759874
decision_type=2 2 2 2 2 2 2 2 2 2 2 2 2 2 2 2 2 2 2 2 2 2 2 2 2 2 2 2 2 2
left_child=4 -2 -3 -4 5 6 23 20 22 -10 -11 -12 14 -14 -13 16 19 -18 -19 21 -5 -15 -9 24 27 -25 -27 28 29 -1
right_child=1 2 3 7 -6 -7 -8 8 9 10 11 12 13 15 -16 -17 17 18 -20 -21 -22 -23 -24 25 -26 26 -28 -29 -30 -31
leaf_value=-9.5840678711954836e-06 7.3681475433936023e-05 -6.2060499571405509e-05 5.3799096266353129e-05 8.5579373737108764e-06 -6.4846755665949677e-05 6.9364334305409224e-05 -9.2564360365150105e-05 4.1074141810658268e-05 -0.00011188127060924436 7.6342861496453665e-05 -8.7706992686118775e-05 1.3372240072635908e-05 -7.9983763356247675e-05 -2.4392651745153634e-05 0.00010205374874994564 -1.9095910099259937e-05 8.6708121892550724e-05 -3.3370466652464209e-05 5.7471597234404692e-05 -4.8100644356884957e-05 -4.465280283551218e-05 2.2707080880417894e-05 0.00010131662635578087 4.9757593781881348e-05 -8.2783186492937002e-05 -5.4268431085802149e-05 2.9283335889952301e-07 2.483779229199475e-05 -8.1892636141371142e-05 2.5330639942290473e-05
leaf_weight=336 23 23 46 23 23 23 23 23 23 23 23 69 23 23 23 69 23 23 23 23 46 115 23 24 24 24 4642 48 24 72
leaf_count=336 23 23 46 23 23 23 23 23 23 23 23 69 23 23 23 69 23 23 23 23 46 115 23 24 24 24 4642 48 24 72
internal_value=-7.40185e-13 7.14557e-06 4.85123e-06 7.24094e-06 -9.36814e-07 -6.56293e-07 -9.6499e-07 3.65954e-06 7.64764e-06 1.59547e-06 7.26931e-06 3.63386e-06 8.70835e-06 1.04142e-06 3.55426e-05 7.27413e-06 1.51851e-05 3.69364e-05 1.20506e-05 5.86316e-06 -2.69159e-05 1.48571e-05 7.11954e-05 -5.59371e-07 -8.24692e-06 2.66753e-07 1.21925e-08 -4.5201e-06 -7.78209e-06 -3.42265e-06
internal_weight=5953 690 667 644 5263 5240 5217 598 529 483 460 437 414 322 92 299 230 69 46 161 69 138 46 5194 504 4690 4666 480 432 408
internal_count=5953 690 667 644 5263 5240 5217 598 529 483 460 437 414 322 92 299 230 69 46 161 69 138 46 5194 504 4690 4666 480 432 408
is_linear=0
shrinkage=0.05


Tree=96
num_leaves=31
num_cat=0
split_feature=0 0 0 0 0 0 0 0 0 0 0 0 0 0 0 0 0 0 0 0 0 0 0 0 0 0 0 0 0 0
split_gain=1.4476e-05 3.79806e-05 6.09664e-05 3.68375e-05 5.31924e-05 6.0457e-05 6.79604e-05 4.70629e-05 2.9536e-05 2.52961e-05 2.52732e-05 3.34536e-05 2.15328e-05 6.16918e-05 2.66608e-05 0.000208601 0.00010861 9.06107e-05 7.75703e-05 7.66488e-05 3.57108e-05 3.44107e-05 2.01263e-05 1.99795e-05 1.83509e-05 1.61726e-05 1.85913e-05 1.49154e-05 2.53823e-05 3.08526e-05
threshold=0.0041256724018377258 0.0038758061320144379 0.0037412106850754057 0.0046150052830187761 0.004936100157888609 0.0048642353772912509 0.0047799479694173282 0.0045367673985707386 0.0039398756813141108 0.0046995108834841795 0.0041687330421885114 0.0043200374974826546 0.0050197732439822614 0.0050882883699477155 0.0061281797422286129 0.0062371401705527711 0.0059638842426135109 0.006306648111289598 0.0064136317100189338 0.0057200525588598896 0.0054712042589986883 0.0058931692408885454 0.0060314024052628137 0.0042326956438449156 0.0038241186501719606 0.0043954046348243592 0.0044867306992448638 0.030803742181755533 0.017652897609846101 0.019601077130010799
decision_type=2 2 2 2 2 2 2 2 2 2 2 2 2 2 2 2 2 2 2 2 2 2 2 2 2 2 2 2 2 2
left_child=1 2 -1 7 5 6 9 10 -3 -5 -2 23 -6 -14 16 -16 19 -17 -19 20 -15 -21 -18 -12 -4 -13 -27 28 -20 -30
right_child=3 8 24 4 12 -7 -8 -9 -10 -11 11 25 13 14 15 17 22 18 27 21 -22 -23 -24 -25 -26 26 -28 -29 29 -31
leaf_value=-1.4107973812221505e-06 6.3592496672240293e-05 -8.232899822557913e-05 8.8042453764659441e-05 -9.8290525507447618e-06 5.2062641707775395e-05 -0.00010542408993427196 5.8356806205309754e-05 9.3000117181952168e-05 -1.6902862017045464e-05 -8.3985320689743793e-05 6.1009119393850643e-06 6.2429679952480884e-05 -7.7899826678533483e-05 4.7174807870127877e-06 -0.00014808479678796849 0.00010234384187598431 0.00012152196522156769 -8.8799547064927946e-05 3.4154262338729908e-06 -6.4982321751101506e-05 5.0216855374460663e-05 9.9205849793456167e-06 5.5376013599174182e-05 -5.9803251339041678e-05 2.4881296406459552e-05 -2.0707221499279791e-05 4.2866237471690003e-05 -1.8141115306470834e-05 8.2372716607768896e-05 1.1448023878588373e-05
leaf_weight=4251 23 23 23 23 23 23 23 23 69 23 23 23 23 115 23 23 23 23 759 46 69 23 23 23 23 23 23 69 23 46
leaf_count=4251 23 23 23 23 23 23 23 23 69 23 23 23 23 115 23 23 23 23 759 46 69 23 23 23 23 23 23 69 23 46
internal_value=2.86547e-14 -1.47184e-06 -7.91262e-07 4.13038e-06 1.53093e-06 -3.52204e-05 -1.18192e-05 2.67827e-05 -3.32594e-05 -4.69072e-05 1.57465e-05 6.17727e-06 4.10998e-06 3.25368e-06 4.7292e-06 6.90809e-07 1.77763e-05 4.31948e-06 1.86887e-06 4.92672e-06 2.17797e-05 -4.00147e-05 8.8449e-05 -2.68512e-05 5.64619e-05 2.81962e-05 1.10795e-05 4.1937e-06 6.05494e-06 3.50896e-05
internal_weight=5953 4389 4297 1564 1403 92 69 161 92 46 138 115 1311 1288 1265 966 299 943 920 253 184 69 46 46 46 69 46 897 828 69
internal_count=5953 4389 4297 1564 1403 92 69 161 92 46 138 115 1311 1288 1265 966 299 943 920 253 184 69 46 46 46 69 46 897 828 69
is_linear=0
shrinkage=0.05


Tree=97
num_leaves=31
num_cat=0
split_feature=0 0 0 0 0 0 0 0 0 0 0 0 0 0 0 0 0 0 0 0 0 0 0 0 0 0 0 0 0 0
split_gain=1.34629e-05 3.8086e-05 3.84383e-05 3.88602e-05 3.42869e-05 4.06419e-05 7.08053e-05 3.57869e-05 4.25224e-05 0.000138647 0.000131519 0.000124281 3.85339e-05 6.47491e-05 3.10557e-05 3.09767e-05 2.6218e-05 7.36076e-05 0.000112113 4.17964e-05 7.29871e-05 3.09519e-05 5.85377e-05 4.89736e-05 2.04213e-05 1.8164e-05 1.6557e-05 1.78963e-05 4.2728e-05 2.82089e-05
threshold=0.0075114621539750922 0.0076473147461918961 0.007776959479531248 0.0080992043414310679 0.0073770644335394682 0.0072762817437040887 0.00704907535732962 0.0066840215762294227 0.0061281797422286129 0.0062371401705527711 0.0059638842426135109 0.006306648111289598 0.0057200525588598896 0.0054712042589986883 0.0058931692408885454 0.0064136317100189338 0.0086018910567939606 0.0091487169768551205 0.0094889458289314239 0.0097591273249414082 0.010147383968335201 0.011369417766440045 0.011890504689669283 0.010903837729938103 0.030803742181755533 0.0060314024052628137 0.023554004996251227 0.019601077130010799 0.017652897609846101 0.016328996554610096
decision_type=2 2 2 2 2 2 2 2 2 2 2 2 2 2 2 2 2 2 2 2 2 2 2 2 2 2 2 2 2 2
left_child=4 -2 -3 -4 5 6 7 8 10 -10 12 -11 13 -1 -14 -13 -5 -18 -19 -20 -21 23 -23 -22 26 -12 27 28 29 -24
right_child=1 2 3 16 -6 -7 -8 -9 9 11 25 15 14 -15 -16 -17 17 18 19 20 21 22 24 -25 -26 -27 -28 -29 -30 -31
leaf_value=-1.0759791754265053e-06 6.9826632249675213e-05 -5.9128244143009751e-05 5.0938365885762645e-05 -2.5740867662850931e-05 -6.1775196556244856e-05 6.5725365109993507e-05 -6.2645019589462723e-05 3.5431072741419591e-05 -0.00014068055543643625 9.7226644689014745e-05 0.00011544587236446955 -8.4359566023087379e-05 -6.1733200994279719e-05 4.7706010851813351e-05 9.4245532122643112e-06 -1.3292328984117257e-05 6.7464837886053945e-05 -0.0001064579718608318 7.2354946589415622e-05 -8.3492409043095029e-05 1.2532855190869854e-05 -7.6155336421873912e-05 1.3943503190471412e-05 9.6780279352020931e-05 -1.723405647140496e-05 5.2607209347669326e-05 5.4025578656760257e-05 -3.2274344432706765e-05 7.8254092342989605e-05 -4.5866376366694061e-05
leaf_weight=4803 23 23 46 69 23 23 46 69 23 23 23 23 46 69 23 46 46 23 23 23 69 23 138 23 69 23 23 23 23 23
leaf_count=4803 23 23 46 69 23 23 46 69 23 23 23 23 46 69 23 46 46 23 23 23 69 23 138 23 69 23 23 23 23 23
internal_value=9.38064e-14 6.56694e-06 4.38557e-06 6.65392e-06 -8.60951e-07 -5.93579e-07 -8.85957e-07 -3.36563e-07 -8.20289e-07 -3.08796e-05 -1.27121e-07 -3.42939e-06 -9.1058e-07 -3.85101e-07 -3.80139e-05 -3.69814e-05 3.24742e-06 7.0285e-06 1.27266e-06 6.65919e-06 3.20152e-06 8.01785e-06 7.10176e-07 3.35947e-05 6.62291e-06 8.40265e-05 1.378e-05 9.30827e-06 1.45061e-05 5.39923e-06
internal_weight=5953 690 667 644 5263 5240 5217 5171 5102 115 4987 92 4941 4872 69 69 598 529 483 460 437 414 322 92 299 46 230 207 184 161
internal_count=5953 690 667 644 5263 5240 5217 5171 5102 115 4987 92 4941 4872 69 69 598 529 483 460 437 414 322 92 299 46 230 207 184 161
is_linear=0
shrinkage=0.05


Tree=98
num_leaves=31
num_cat=0
split_feature=0 0 0 0 0 0 0 0 0 0 0 0 0 0 0 0 0 0 0 0 0 0 0 0 0 0 0 0 0 0
split_gain=1.30932e-05 5.05409e-05 2.1012e-05 2.60109e-05 1.65942e-05 5.03851e-05 2.60937e-05 3.05906e-05 3.20754e-05 2.45384e-05 3.03179e-05 1.88696e-05 1.23874e-05 1.70093e-05 2.47662e-05 2.16588e-05 1.60818e-05 3.85133e-05 1.19078e-05 4.00766e-05 6.9467e-05 1.95795e-05 1.7483e-05 3.6928e-05 2.89653e-05 6.90127e-05 3.01441e-05 1.87079e-05 2.20471e-05 2.88179e-05
threshold=-0.0092284920864327252 -0.00957397570292093 -0.0089603765977270908 -0.008675775959136196 -0.010110776558653363 -0.010382870609192218 -0.011431649397759874 -0.011860397195859339 -0.01241668460002244 -0.014744358271977483 -0.013893522920339211 -0.011055501685961366 -0.050161956975202614 -0.017899142657214113 -0.016018514911379168 -0.020198907872569026 -0.022578175613438552 -0.027323983957631862 -0.0077712965683273986 -0.0073243711975200807 -0.0071028240303755595 -0.0079879316931693069 -0.0061589658740905584 -0.0062897638870469527 -0.0058656100349734073 -0.0057059410177613791 -0.0059894136610153222 -0.006990260617628352 -0.006647014231557548 -0.0068077683775005999
decision_type=2 2 2 2 2 2 2 2 2 2 2 2 2 2 2 2 2 2 2 2 2 2 2 2 2 2 2 2 2 2
left_child=1 4 -2 -4 5 6 7 8 9 12 -11 -8 -1 15 -15 16 17 -14 21 -20 -21 -5 23 27 26 -26 -24 -22 29 -29
right_child=2 -3 3 18 -6 -7 11 -9 -10 10 -12 -13 13 14 -16 -17 -18 -19 19 20 22 -23 24 -25 25 -27 -28 28 -30 -31
leaf_value=3.2869257362714663e-05 4.7394039635643523e-05 -7.851969003240811e-05 -5.1430681742203889e-05 5.1529293260601767e-06 2.3720237246986169e-05 -7.7673654838387548e-05 6.0387722987798044e-05 -6.337641276938181e-05 5.0739115007066482e-05 -8.0587792975469108e-05 -1.176065083351811e-05 6.0888170082762377e-06 3.9809225705135355e-06 5.6460462898636859e-05 -1.5370110365135285e-05 -5.718363972846419e-05 3.1456691067432986e-05 -6.9156413276990266e-05 -4.5058453057815014e-05 8.5707983483492478e-05 3.4074701648023624e-05 5.7300491243950097e-05 -3.2282211274529501e-08 -7.335052747900288e-05 -8.4019175907693966e-05 9.7031281664545727e-07 7.9214265376018988e-05 -4.9985537771135573e-07 8.6808485017778977e-06 -7.7983599900714284e-05
leaf_weight=24 24 24 24 72 48 24 24 24 24 24 48 48 72 24 24 24 24 24 48 24 24 24 24 24 24 5017 24 24 48 24
leaf_count=24 24 24 24 72 48 24 24 24 24 24 48 48 72 24 24 24 24 24 48 24 24 24 24 24 24 5017 24 24 48 24
internal_value=-5.80924e-13 -7.71023e-06 7.1315e-07 5.06635e-07 -4.16976e-06 -7.26865e-06 -3.12718e-06 -8.98053e-06 -4.79623e-06 -9.42417e-06 -3.4703e-05 2.41885e-05 -9.97887e-07 -5.23128e-06 2.05452e-05 -1.38234e-05 -5.15139e-06 -1.43034e-05 7.37425e-07 4.21604e-07 8.36868e-07 1.81898e-05 4.47626e-07 -1.67329e-05 9.33772e-07 5.65681e-07 3.9591e-05 -5.40941e-06 -1.52804e-05 -3.92417e-05
internal_weight=5953 504 5449 5425 480 432 408 336 312 288 72 72 216 192 48 144 120 96 5401 5305 5257 96 5233 144 5089 5041 48 120 96 48
internal_count=5953 504 5449 5425 480 432 408 336 312 288 72 72 216 192 48 144 120 96 5401 5305 5257 96 5233 144 5089 5041 48 120 96 48
is_linear=0
shrinkage=0.05


Tree=99
num_leaves=31
num_cat=0
split_feature=0 0 0 0 0 0 0 0 0 0 0 0 0 0 0 0 0 0 0 0 0 0 0 0 0 0 0 0 0 0
split_gain=1.22268e-05 3.40663e-05 3.14377e-05 1.63227e-05 2.80995e-05 2.02144e-05 2.21242e-05 2.2116e-05 1.82715e-05 5.16564e-05 1.75598e-05 1.67061e-05 1.62525e-05 4.80686e-05 2.78347e-05 1.72734e-05 1.40633e-05 4.19215e-05 1.90443e-05 3.668e-05 4.27546e-05 1.69455e-05 4.02072e-05 2.93796e-05 6.21041e-05 2.05101e-05 5.10985e-05 4.73804e-05 5.45624e-05 6.13343e-05
threshold=0.0021205127434794188 0.0022534084520796855 0.0021827998122470314 0.0025105642701259119 0.0027107652337801562 0.0026154520048600363 0.0026553461289055592 0.0025468797556308293 0.0030829115671654477 0.0031414737074156002 0.002455247004665716 0.0023971661132836867 0.0028840650084086725 0.0029278205419772194 0.0030327807007904969 0.0027667136535893954 0.0032910703023802911 0.0032518789206043338 0.003337919246072307 0.0033884638574101299 0.0034460593410293168 0.0036187552532875268 0.003540546764762276 0.0038758061320144379 0.0039859300302273453 0.0046150052830187761 0.0045367673985707386 0.004936100157888609 0.0048642353772912509 0.0047799479694173282
decision_type=2 2 2 2 2 2 2 2 2 2 2 2 2 2 2 2 2 2 2 2 2 2 2 2 2 2 2 2 2 2
left_child=-1 2 -2 10 5 7 -7 -5 12 -10 11 -3 15 -14 -15 -6 17 -11 -18 -20 -21 22 -22 -23 -25 26 -26 28 29 -27
right_child=1 3 -4 4 8 6 -8 -9 9 16 -12 -13 13 14 -16 -17 18 -19 19 20 21 23 -24 24 25 27 -28 -29 -30 -31
leaf_value=-1.8617183019143974e-06 3.9921947366868464e-06 -1.85361542915214e-05 8.4921352996995359e-05 4.116200655951853e-05 -3.152416611555964e-05 8.804293339262191e-05 1.8691602694478049e-05 -2.8176534586869505e-05 7.7522801154333623e-05 7.5381787649783533e-06 -5.4310424851185726e-05 2.9633187841682231e-05 -9.0845240566008942e-05 1.507566197213474e-05 -5.2290997700765729e-05 2.1544866436947223e-05 4.8181682992119185e-05 -7.5136029171635926e-05 -6.0347365670958936e-05 7.0931701212311566e-05 5.0162967533612139e-06 3.0791901759664103e-05 -7.5949853572123899e-05 -5.5521694942043451e-05 9.3081801292990597e-06 -4.4556543047213424e-05 8.8355390876724573e-05 3.6654724241452367e-06 -0.00010014760039706269 5.54442474664108e-05
leaf_weight=3554 24 72 24 23 23 23 23 23 23 46 24 24 23 46 23 46 23 23 23 23 46 92 23 46 184 46 23 1311 23 23
leaf_count=3554 24 72 24 23 23 23 23 23 23 46 24 24 23 46 23 46 23 23 23 23 46 92 23 46 184 46 23 1311 23 23
internal_value=4.19508e-13 2.75804e-06 4.44568e-05 1.90669e-06 2.87292e-06 2.993e-05 5.33673e-05 6.49274e-06 1.70917e-06 3.02759e-06 -1.60571e-05 -6.49382e-06 -1.44885e-05 -2.82462e-05 -7.37989e-06 3.85519e-06 2.15117e-06 -2.00199e-05 2.96231e-06 2.40404e-06 3.18844e-06 2.33093e-06 -2.19724e-05 3.29027e-06 1.7624e-06 3.39909e-06 1.80912e-05 1.2314e-06 -3.34541e-05 -1.12229e-05
internal_weight=5953 2399 48 2351 2231 92 46 46 2139 1978 120 96 161 92 69 69 1955 69 1886 1863 1840 1817 69 1748 1656 1610 207 1403 92 69
internal_count=5953 2399 48 2351 2231 92 46 46 2139 1978 120 96 161 92 69 69 1955 69 1886 1863 1840 1817 69 1748 1656 1610 207 1403 92 69
is_linear=0
shrinkage=0.05


Tree=100
num_leaves=31
num_cat=0
split_feature=0 0 0 0 0 0 0 0 0 0 0 0 0 0 0 0 0 0 0 0 0 0 0 0 0 0 0 0 0 0
split_gain=1.15181e-05 4.56132e-05 1.90504e-05 2.33778e-05 1.49762e-05 4.54725e-05 2.35495e-05 2.7608e-05 2.89481e-05 2.21459e-05 2.73619e-05 1.70298e-05 1.11797e-05 1.53509e-05 2.23515e-05 1.95471e-05 1.45138e-05 3.47583e-05 1.08802e-05 3.59944e-05 6.2858e-05 1.76705e-05 1.55743e-05 3.33275e-05 2.62964e-05 6.21137e-05 2.7205e-05 1.85002e-05 3.75934e-05 3.10955e-05
threshold=-0.0092284920864327252 -0.00957397570292093 -0.0089603765977270908 -0.008675775959136196 -0.010110776558653363 -0.010382870609192218 -0.011431649397759874 -0.011860397195859339 -0.01241668460002244 -0.014744358271977483 -0.013893522920339211 -0.011055501685961366 -0.050161956975202614 -0.017899142657214113 -0.016018514911379168 -0.020198907872569026 -0.022578175613438552 -0.027323983957631862 -0.0077712965683273986 -0.0073243711975200807 -0.0071028240303755595 -0.0079879316931693069 -0.0061589658740905584 -0.0062897638870469527 -0.0058656100349734073 -0.0057059410177613791 -0.0059894136610153222 -0.0050608455083966082 -0.0052288518901749846 -0.0046926363438754707
decision_type=2 2 2 2 2 2 2 2 2 2 2 2 2 2 2 2 2 2 2 2 2 2 2 2 2 2 2 2 2 2
left_child=1 4 -2 -4 5 6 7 8 9 12 -11 -8 -1 15 -15 16 17 -14 21 -20 -21 -5 23 -22 26 -26 -24 28 -27 -29
right_child=2 -3 3 18 -6 -7 11 -9 -10 10 -12 -13 13 14 -16 -17 -18 -19 19 20 22 -23 24 -25 25 27 -28 29 -30 -31
leaf_value=3.1318911836327365e-05 4.5117415478064993e-05 -7.4500626518177651e-05 -4.8766053320529565e-05 4.9883640814288003e-06 2.2627316290405967e-05 -7.3696870799722092e-05 5.7461425118769205e-05 -6.0114496379052676e-05 4.8295255328412172e-05 -7.6465318841201224e-05 -1.1079532372567276e-05 5.8774530468023538e-06 3.8750017867843988e-06 5.3730514264316301e-05 -1.4508521538421823e-05 -5.4231362749609013e-05 2.9976924270158634e-05 -6.5605503368715287e-05 -4.27124494308373e-05 8.1515666988707383e-05 -5.0458597677523665e-06 5.4528543114429342e-05 6.241655986135205e-08 -6.9589909981004896e-05 -7.9725123426518029e-05 6.3075545085666821e-06 7.5346642794708418e-05 -3.2187278419668372e-05 7.6271599027677439e-05 9.1584894348929977e-07
leaf_weight=24 24 24 24 72 48 24 24 24 24 24 48 48 72 24 24 24 24 24 48 24 120 24 24 24 24 96 24 72 24 4825
leaf_count=24 24 24 24 72 48 24 24 24 24 24 48 48 72 24 24 24 24 24 48 24 120 24 24 24 24 96 24 72 24 4825
internal_value=3.3253e-13 -7.23163e-06 6.68883e-07 4.72244e-07 -3.86818e-06 -6.81212e-06 -2.87773e-06 -8.4384e-06 -4.46332e-06 -8.85987e-06 -3.28748e-05 2.30721e-05 -8.54892e-07 -4.87662e-06 1.9611e-05 -1.30392e-05 -4.80071e-06 -1.34951e-05 6.91041e-07 3.89154e-07 7.82701e-07 1.73734e-05 4.12437e-07 -1.58032e-05 8.7128e-07 5.20557e-07 3.77045e-05 9.04431e-07 2.03004e-05 4.29138e-07
internal_weight=5953 504 5449 5425 480 432 408 336 312 288 72 72 216 192 48 144 120 96 5401 5305 5257 96 5233 144 5089 5041 48 5017 120 4897
internal_count=5953 504 5449 5425 480 432 408 336 312 288 72 72 216 192 48 144 120 96 5401 5305 5257 96 5233 144 5089 5041 48 5017 120 4897
is_linear=0
shrinkage=0.05


Tree=101
num_leaves=31
num_cat=0
split_feature=0 0 0 0 0 0 0 0 0 0 0 0 0 0 0 0 0 0 0 0 0 0 0 0 0 0 0 0 0 0
split_gain=1.1093e-05 3.43726e-05 3.46906e-05 3.50713e-05 3.12806e-05 3.6313e-05 6.59027e-05 2.36618e-05 6.64309e-05 0.000101182 3.77212e-05 6.58709e-05 2.79341e-05 5.28303e-05 4.41987e-05 1.84302e-05 1.56726e-05 1.50664e-05 1.49427e-05 1.61514e-05 3.85621e-05 2.54586e-05 1.53494e-05 1.06783e-05 3.92519e-05 0.000125129 0.000117714 0.000112164 3.54399e-05 5.75716e-05
threshold=0.0075114621539750922 0.0076473147461918961 0.007776959479531248 0.0080992043414310679 0.0073770644335394682 0.0072762817437040887 0.007186664679583738 0.0086018910567939606 0.0091487169768551205 0.0094889458289314239 0.0097591273249414082 0.010147383968335201 0.011369417766440045 0.011890504689669283 0.010903837729938103 0.030803742181755533 0.0083253114794032794 0.0088840703875546299 0.023554004996251227 0.019601077130010799 0.017652897609846101 0.016328996554610096 0.012434112528229091 0.0066840215762294227 0.0061281797422286129 0.0062371401705527711 0.0059638842426135109 0.006306648111289598 0.0057200525588598896 0.0054712042589986883
decision_type=2 2 2 2 2 2 2 2 2 2 2 2 2 2 2 2 2 2 2 2 2 2 2 2 2 2 2 2 2 2
left_child=4 -2 -3 -4 5 6 23 16 17 -10 -11 -12 14 -14 -13 18 -5 -9 19 20 21 22 -15 24 26 -26 28 -27 29 -1
right_child=1 2 3 7 -6 -7 -8 8 9 10 11 12 13 15 -16 -17 -18 -19 -20 -21 -22 -23 -24 -25 25 27 -28 -29 -30 -31
leaf_value=-9.5571812812820937e-07 6.6057722964931446e-05 -5.6449413038891454e-05 4.8113859931776386e-05 8.9687280073438003e-06 -5.896402033850673e-05 6.2161491049387814e-05 -8.5252239470086681e-05 3.5198839601513969e-05 -0.00010141266213158025 6.8459617804088029e-05 -7.9595365652652538e-05 1.1628629800870314e-05 -7.2625156937409997e-05 -2.4318555156439645e-05 9.1663687414003778e-05 -1.6649931337493745e-05 -4.1581472032703459e-05 9.2429201037663491e-05 5.1046751437040615e-05 -3.0938215327889499e-05 7.4063810398397245e-05 -4.3850655231875392e-05 2.042620165688593e-05 1.6454341114339238e-05 -0.0001339241075228252 9.2087722504916397e-05 7.9547635932217614e-05 -3.5409923261993204e-05 -3.6390834261049127e-05 4.5043131045742382e-05
leaf_weight=4803 23 23 46 23 23 23 23 23 23 23 23 69 23 23 23 69 46 23 23 23 23 23 115 92 23 23 46 69 69 69
leaf_count=4803 23 23 46 23 23 23 23 23 23 23 23 69 23 23 23 69 46 23 23 23 23 23 115 92 23 23 46 69 69 69
internal_value=-2.28558e-13 5.96101e-06 3.88871e-06 6.04364e-06 -7.81512e-07 -5.26131e-07 -8.02499e-07 2.80747e-06 6.3995e-06 9.31446e-07 6.04865e-06 2.76386e-06 7.33938e-06 3.97085e-07 3.16374e-05 6.01418e-06 -2.47314e-05 6.3814e-05 1.28134e-05 8.56527e-06 1.35032e-05 4.85169e-06 1.29687e-05 -4.2854e-07 -7.32975e-07 -2.96132e-05 -6.69971e-08 -3.53551e-06 -8.08198e-07 -3.04257e-07
internal_weight=5953 690 667 644 5263 5240 5217 598 529 483 460 437 414 322 92 299 69 46 230 207 184 161 138 5194 5102 115 4987 92 4941 4872
internal_count=5953 690 667 644 5263 5240 5217 598 529 483 460 437 414 322 92 299 69 46 230 207 184 161 138 5194 5102 115 4987 92 4941 4872
is_linear=0
shrinkage=0.05


Tree=102
num_leaves=31
num_cat=0
split_feature=0 0 0 0 0 0 0 0 0 0 0 0 0 0 0 0 0 0 0 0 0 0 0 0 0 0 0 0 0 0
split_gain=1.0286e-05 2.50996e-05 2.50265e-05 5.50812e-05 4.9426e-05 4.3407e-05 3.13449e-05 2.7685e-05 5.492e-05 2.42282e-05 2.1039e-05 1.92358e-05 3.81945e-05 2.01129e-05 6.76179e-05 1.91349e-05 1.58491e-05 3.91959e-05 2.97418e-05 3.52509e-05 3.85299e-05 1.77358e-05 5.44478e-05 3.21197e-05 2.21869e-05 2.23853e-05 4.83759e-05 4.66825e-05 2.52053e-05 3.36813e-05
threshold=-0.0030078749251793301 -0.0028563024556434264 -0.0035976423254494368 -0.0038714621955656691 -0.0034946426188443634 -0.0039474372548191769 -0.0033079396304207726 -0.0041335871280671855 -0.0040419387176810736 -0.0031629927537497452 -0.0029279978062143963 -0.0027023007013469232 -0.0027684927753667743 -0.0023734529641045278 -0.0023106087784343717 -0.0037152489831321091 -0.0043218991557717685 -0.0042428440131381398 -0.0045885086614475172 -0.004954723710388219 -0.0054481196936981341 -0.0058656100349734073 -0.0059894136610153222 -0.0057059410177613791 -0.0064153301772330871 -0.006647014231557548 -0.0068077683775005999 -0.0073243711975200807 -0.0077712965683273986 -0.0082134807213181931
decision_type=2 2 2 2 2 2 2 2 2 2 2 2 2 2 2 2 2 2 2 2 2 2 2 2 2 2 2 2 2 2
left_child=2 10 3 5 -4 7 -6 16 -9 -8 -2 12 -3 -13 -15 -5 18 -18 19 20 21 22 24 -23 25 26 27 28 29 -1
right_child=1 11 4 15 6 -7 9 8 -10 -11 -12 13 -14 14 -16 -17 17 -19 -20 -21 -22 23 -24 -25 -26 -27 -28 -29 -30 -31
leaf_value=-6.2030189270293102e-06 4.1520934167277557e-06 1.4237399749538822e-05 -8.8167355655362689e-05 8.289447317414064e-05 2.2325439689060054e-05 -6.9829591181284439e-05 -5.2278672986479563e-05 8.8778522331267603e-05 -1.8187211147354298e-05 -2.0415399831108518e-06 7.1781210641822096e-05 2.1811384396404842e-05 -7.6884260203729837e-05 -8.4878819103798145e-05 1.0871523168515665e-06 1.9756252947900068e-05 -7.6755982142155221e-05 1.3608865992864594e-05 3.6289288497452318e-05 -3.775489225922178e-05 2.8613672960394372e-05 -7.5691081231828627e-05 7.1627098562506339e-05 -4.8482515315602846e-06 -3.130080407976897e-05 4.5226815079028411e-05 -7.3691272579405143e-05 3.6723367699980578e-05 -4.0529043083855261e-05 3.7323667644765619e-05
leaf_weight=600 23 23 24 24 48 24 48 24 24 48 23 115 23 23 4187 24 24 24 48 72 96 24 24 48 72 24 24 72 48 48
leaf_count=600 23 23 24 24 48 24 48 24 24 48 23 115 23 23 4187 24 24 24 48 72 96 24 24 48 72 24 24 72 48 48
internal_value=-6.11262e-13 1.22563e-06 -3.52448e-06 -1.28789e-06 -2.17367e-05 -3.2011e-06 -1.06649e-05 -1.96723e-06 3.52957e-05 -2.71601e-05 3.79667e-05 8.38967e-07 -3.13234e-05 1.18104e-06 6.17504e-07 5.13254e-05 -3.40042e-06 -3.15736e-05 -2.2735e-06 -3.88028e-06 -1.62197e-06 -4.57179e-06 -2.68568e-06 -2.84625e-05 -4.69413e-06 -2.34649e-06 -3.7881e-06 -1.60363e-06 -5.56849e-06 -2.97882e-06
internal_weight=5953 4417 1536 1368 168 1320 144 1296 48 96 46 4371 46 4325 4210 48 1248 48 1200 1152 1080 984 912 72 888 816 792 768 696 648
internal_count=5953 4417 1536 1368 168 1320 144 1296 48 96 46 4371 46 4325 4210 48 1248 48 1200 1152 1080 984 912 72 888 816 792 768 696 648
is_linear=0
shrinkage=0.05


Tree=103
num_leaves=31
num_cat=0
split_feature=0 0 0 0 0 0 0 0 0 0 0 0 0 0 0 0 0 0 0 0 0 0 0 0 0 0 0 0 0 0
split_gain=9.8202e-06 3.10213e-05 3.13082e-05 3.16519e-05 2.85209e-05 3.2668e-05 6.09083e-05 3.07911e-05 2.2965e-05 0.000125341 0.000106055 8.67414e-05 4.06568e-05 3.21086e-05 5.17983e-05 2.80278e-05 2.13547e-05 5.99539e-05 9.13167e-05 3.40434e-05 5.94485e-05 2.52105e-05 4.76793e-05 3.98893e-05 1.66332e-05 1.6393e-05 1.41446e-05 1.35975e-05 1.34858e-05 1.45767e-05
threshold=0.0075114621539750922 0.0076473147461918961 0.007776959479531248 0.0080992043414310679 0.00704907535732962 0.0072762817437040887 0.0073770644335394682 0.006812636570764286 0.0061281797422286129 0.0062371401705527711 0.0059638842426135109 0.006306648111289598 0.0064136317100189338 0.0057200525588598896 0.0054712042589986883 0.0058931692408885454 0.0086018910567939606 0.0091487169768551205 0.0094889458289314239 0.0097591273249414082 0.010147383968335201 0.011369417766440045 0.011890504689669283 0.010903837729938103 0.030803742181755533 0.0060314024052628137 0.0083253114794032794 0.0088840703875546299 0.023554004996251227 0.019601077130010799
decision_type=2 2 2 2 2 2 2 2 2 2 2 2 2 2 2 2 2 2 2 2 2 2 2 2 2 2 2 2 2 2
left_child=4 -2 -3 -4 7 -6 -7 8 10 -10 13 -11 -13 14 -1 -15 26 27 -19 -20 -21 23 -23 -22 28 -12 -5 -18 29 -24
right_child=1 2 3 16 5 6 -8 -9 9 11 25 12 -14 15 -16 -17 17 18 19 20 21 22 24 -25 -26 -27 -28 -29 -30 -31
leaf_value=-8.9491678580142934e-07 6.2700481351424492e-05 -5.3681296412833036e-05 4.565382304581758e-05 8.465933206025511e-06 -5.8124756880873895e-05 5.8999070935659916e-05 -5.6070165484688124e-05 4.048086982789834e-05 -0.00012728225847240539 8.7428991885288914e-05 0.00010536425220577615 -7.8703041230176535e-05 -1.9418202851817987e-06 -5.7158940288228109e-05 4.273661754690482e-05 1.044092578408511e-05 3.338454002716943e-05 -9.6396382824700004e-05 6.4982276924875699e-05 -7.566996323673622e-05 1.0992843243107875e-05 -6.9048259984296956e-05 1.2773680371379749e-05 8.7026142200161507e-05 -1.5871784199734447e-05 4.5667530250047214e-05 -3.9556756825692467e-05 8.7753376979178381e-05 4.8440032760086273e-05 -2.9445661905059673e-05
leaf_weight=4803 23 23 46 23 46 23 23 46 23 23 23 23 69 46 69 23 23 23 23 23 69 23 184 23 69 23 46 23 23 23
leaf_count=4803 23 23 46 23 46 23 23 46 23 23 23 23 69 46 69 23 23 23 23 23 69 23 184 23 69 23 46 23 23 23
internal_value=1.70278e-13 5.6086e-06 3.63991e-06 5.6871e-06 -7.35309e-07 -2.83302e-05 1.46445e-06 -2.44355e-07 -6.09888e-07 -2.07303e-05 -5.31176e-08 5.80098e-07 -2.11321e-05 -7.56654e-07 -2.76982e-07 -3.46257e-05 2.61274e-06 6.02516e-06 8.30514e-07 5.69186e-06 2.57131e-06 6.91805e-06 3.22872e-07 3.00012e-05 5.65911e-06 7.55159e-05 -2.35492e-05 6.0569e-05 1.21184e-05 8.08264e-06
internal_weight=5953 690 667 644 5263 92 46 5171 5125 138 4987 115 92 4941 4872 69 598 529 483 460 437 414 322 92 299 46 69 46 230 207
internal_count=5953 690 667 644 5263 92 46 5171 5125 138 4987 115 92 4941 4872 69 598 529 483 460 437 414 322 92 299 46 69 46 230 207
is_linear=0
shrinkage=0.05


Tree=104
num_leaves=31
num_cat=0
split_feature=0 0 0 0 0 0 0 0 0 0 0 0 0 0 0 0 0 0 0 0 0 0 0 0 0 0 0 0 0 0
split_gain=9.30337e-06 7.14677e-05 4.69314e-05 4.40118e-05 6.52093e-05 0.000235592 4.39855e-05 4.20525e-05 0.000106784 0.000112803 5.81666e-05 3.77364e-05 3.76773e-05 8.27023e-05 3.13777e-05 3.29687e-05 3.00253e-05 3.22125e-05 2.63544e-05 2.13668e-05 6.46431e-05 2.01719e-05 2.01134e-05 2.53724e-05 1.39321e-05 1.32224e-05 0.000122484 7.03329e-05 3.38902e-05 3.50494e-05
threshold=0.00077244483763002725 0.00062509647156369869 0.0010279278069603649 0.00051901544814576155 0.00036662862087073848 0.00041126910178810976 -0.000162869263940615 -0.00031255517857436922 -0.00035314206361493247 -0.00047080791346445079 -0.0005124692770228505 0.0011850831211700596 0.0013032371064385356 0.001336628976900265 0.00072670769405607709 0.00067547072744762228 0.0002435901031547042 0.00013204638075740274 0.00047053809498753932 0.0008859848629561676 0.00082615188029494708 0.00056287761173926356 -5.1690087292619742e-05 1.0000000180025095e-35 -0.00022876870682006855 -0.00084515841527540503 -0.00097511174216158541 -0.0010293214599905137 -0.00065709973606036377 -0.00072027814341748045
decision_type=2 2 2 2 2 2 2 2 2 2 2 2 2 2 2 2 2 2 2 2 2 2 2 2 2 2 2 2 2 2
left_child=1 3 19 4 6 -6 7 8 9 10 25 -4 -13 -14 15 -3 17 22 -7 20 -2 -5 -8 -24 -9 26 27 -1 29 -27
right_child=2 14 11 21 5 18 16 24 -10 -11 -12 12 13 -15 -16 -17 -18 -19 -20 -21 -22 -23 23 -25 -26 28 -28 -29 -30 -31
leaf_value=-1.7454006304640836e-06 6.4772122747550984e-05 -3.310846962752597e-05 -3.5066881623101332e-05 7.9118993744486951e-05 -0.00017645774281239331 5.2453712972540728e-05 4.3205929187420031e-05 -7.7070699594712448e-05 0.00010592887309663322 -7.9871337861139031e-05 7.8303980357621037e-05 4.5509837658149388e-05 -9.158407165159588e-05 1.6348290378189565e-06 -4.5268943570893802e-06 -0.00011598479098514265 -1.3329657031135867e-05 6.6092318221914562e-05 -2.1644188571675237e-05 4.9814624263591322e-05 -5.1276617644665151e-05 1.4292410105554155e-05 -4.2415755730041344e-05 2.1453961062434248e-05 -2.2036844798687687e-05 1.3010613514305315e-05 -8.3263993323983064e-05 8.6149664939907597e-05 -1.1347215915547155e-05 8.8605468551142394e-05
leaf_weight=2180 24 24 72 24 24 24 46 23 23 46 23 48 24 2759 24 24 48 48 24 72 24 24 23 48 23 46 46 23 69 23
leaf_count=2180 24 24 72 24 24 24 46 23 23 46 23 48 24 2759 24 24 48 48 24 72 24 24 23 48 23 46 46 23 69 23
internal_value=4.18892e-14 -2.00774e-06 1.94597e-06 -7.68297e-07 -1.57924e-06 -4.85494e-05 -3.44087e-07 -2.18472e-06 -1.30575e-06 -2.30998e-06 -8.29555e-07 6.79343e-07 1.58847e-06 8.30929e-07 -5.12067e-05 -7.45466e-05 2.14756e-05 3.16008e-05 1.54048e-05 3.25879e-05 6.74775e-06 4.67057e-05 1.74504e-05 7.63771e-07 -4.95538e-05 -1.59205e-06 -2.51386e-06 -8.27749e-07 1.34308e-05 3.82089e-05
internal_weight=5953 2930 3023 2858 2810 72 2738 2525 2479 2456 2410 2903 2831 2783 72 48 213 165 48 120 48 48 117 71 46 2387 2249 2203 138 69
internal_count=5953 2930 3023 2858 2810 72 2738 2525 2479 2456 2410 2903 2831 2783 72 48 213 165 48 120 48 48 117 71 46 2387 2249 2203 138 69
is_linear=0
shrinkage=0.05


Tree=105
num_leaves=31
num_cat=0
split_feature=0 0 0 0 0 0 0 0 0 0 0 0 0 0 0 0 0 0 0 0 0 0 0 0 0 0 0 0 0 0
split_gain=9.1332e-06 1.34887e-05 3.89905e-05 1.42304e-05 6.30359e-05 2.57761e-05 1.35202e-05 9.44646e-06 2.50137e-05 3.46599e-05 1.03285e-05 1.71979e-05 9.02448e-06 1.55736e-05 2.97393e-05 1.38542e-05 2.01722e-05 1.76413e-05 1.30987e-05 3.13693e-05 1.22465e-05 3.07496e-05 2.91438e-05 1.12827e-05 3.65635e-05 1.947e-05 3.65741e-05 1.79239e-05 2.03017e-05 1.10661e-05
threshold=0.046204879040816556 0.013471226725432842 0.014341752624165545 0.011369417766440045 0.010903837729938103 0.011890504689669283 0.015298453853237368 0.016328996554610096 0.017652897609846101 0.019601077130010799 0.023554004996251227 0.030803742181755533 -0.050161956975202614 -0.013109586457152869 -0.014744358271977483 -0.017899142657214113 -0.016018514911379168 -0.020198907872569026 -0.022578175613438552 -0.027323983957631862 -0.011860397195859339 -0.011431649397759874 -0.011055501685961366 -0.0092284920864327252 -0.00957397570292093 -0.010110776558653363 -0.010382870609192218 -0.0089603765977270908 -0.008675775959136196 -0.013893522920339211
decision_type=2 2 2 2 2 2 2 2 2 2 2 2 2 2 2 2 2 2 2 2 2 2 2 2 2 2 2 2 2 2
left_child=1 3 -3 4 12 -5 -4 -8 -9 -10 -11 -12 -1 14 15 17 -17 18 19 -14 -15 -22 -23 24 25 26 -24 -25 -29 -16
right_child=-2 2 6 5 -6 -7 7 8 9 10 11 -13 13 20 29 16 -18 -19 -20 -21 21 22 23 27 -26 -27 -28 28 -30 -31
leaf_value=3.0242895688085508e-05 -3.1446839515727176e-05 7.4038244328340124e-05 -3.0870696165315486e-05 -6.5677579613807404e-05 8.2593096379676592e-05 -4.5574315795354359e-06 3.9777845845294551e-05 -4.2432915233803217e-05 6.9585827219745386e-05 -2.8055103868372618e-05 4.59362955829736e-05 -7.0165078558721177e-06 4.1711836375826458e-06 2.5218172961179638e-05 -7.2152099558782845e-05 5.1533944982414452e-05 -1.3293144487154982e-05 -5.1029845053562894e-05 2.896804386788669e-05 -6.1835282425211832e-05 -5.6618835090678966e-05 5.5078299434777968e-05 6.0735432877360534e-06 4.3351517100139365e-05 -7.0285632561232583e-05 2.1985906732879813e-05 -6.9522085171532441e-05 -4.5837792519402387e-05 2.577440731225999e-07 -2.4137115815392463e-05
leaf_weight=24 23 23 23 23 23 69 23 23 23 23 23 46 72 48 24 24 24 24 24 24 24 24 48 24 24 48 24 24 5056 24
leaf_count=24 23 23 23 23 23 69 23 23 23 23 23 46 72 48 24 24 24 24 24 24 24 24 48 24 24 48 24 24 5056 24
internal_value=-1.95183e-14 1.21969e-07 1.26607e-05 -3.31555e-07 -1.28653e-08 -1.98375e-05 4.98853e-06 1.01113e-05 5.16685e-06 1.46868e-05 9.62044e-07 1.06344e-05 -3.51656e-07 -4.83151e-07 -1.29432e-05 -4.14284e-06 1.91204e-05 -1.18973e-05 -4.07074e-06 -1.23304e-05 7.64317e-08 -1.51439e-07 1.0562e-07 -1.45779e-07 -1.39481e-05 -2.68064e-06 -1.9125e-05 2.43629e-07 3.99699e-08 -4.81446e-05
internal_weight=5953 5930 207 5723 5631 92 184 161 138 115 92 69 5608 5584 240 192 48 144 120 96 5344 5296 5272 5248 144 120 72 5104 5080 48
internal_count=5953 5930 207 5723 5631 92 184 161 138 115 92 69 5608 5584 240 192 48 144 120 96 5344 5296 5272 5248 144 120 72 5104 5080 48
is_linear=0
shrinkage=0.05


Tree=106
num_leaves=31
num_cat=0
split_feature=0 0 0 0 0 0 0 0 0 0 0 0 0 0 0 0 0 0 0 0 0 0 0 0 0 0 0 0 0 0
split_gain=8.24271e-06 1.21736e-05 3.51889e-05 1.2843e-05 5.68899e-05 2.3263e-05 1.22019e-05 8.52543e-06 2.25749e-05 3.12805e-05 9.32144e-06 1.55211e-05 8.1446e-06 1.40552e-05 2.68398e-05 1.25034e-05 1.82055e-05 1.59212e-05 1.18216e-05 2.83108e-05 1.10524e-05 2.77515e-05 2.63023e-05 1.01826e-05 3.29985e-05 1.75717e-05 3.30081e-05 1.61763e-05 1.83223e-05 1.04813e-05
threshold=0.046204879040816556 0.013471226725432842 0.014341752624165545 0.011369417766440045 0.010903837729938103 0.011890504689669283 0.015298453853237368 0.016328996554610096 0.017652897609846101 0.019601077130010799 0.023554004996251227 0.030803742181755533 -0.050161956975202614 -0.013109586457152869 -0.014744358271977483 -0.017899142657214113 -0.016018514911379168 -0.020198907872569026 -0.022578175613438552 -0.027323983957631862 -0.011860397195859339 -0.011431649397759874 -0.011055501685961366 -0.0092284920864327252 -0.00957397570292093 -0.010110776558653363 -0.010382870609192218 -0.0089603765977270908 -0.008675775959136196 -0.006990260617628352
decision_type=2 2 2 2 2 2 2 2 2 2 2 2 2 2 2 2 2 2 2 2 2 2 2 2 2 2 2 2 2 2
left_child=1 3 -3 4 12 -5 -4 -8 -9 -10 -11 -12 -1 14 15 17 -17 18 19 -14 -15 -22 -23 24 25 26 -24 -25 -29 -30
right_child=-2 2 6 5 -6 -7 7 8 9 10 11 -13 13 20 -16 16 -18 -19 -20 -21 21 22 23 27 -26 -27 -28 28 29 -31
leaf_value=2.8730774405024323e-05 -2.987449109280968e-05 7.0336326430349248e-05 -2.9327166671662229e-05 -6.2393705846498855e-05 7.8463447204305106e-05 -4.3295565141623072e-06 3.7788952518578462e-05 -4.0311257168429185e-05 6.6106533631682401e-05 -2.6652338324904281e-05 4.3639468861764057e-05 -6.6656697447836892e-06 3.9626186258424743e-06 2.395727231008967e-05 -4.5737376982894302e-05 4.8957247539268189e-05 -1.2628490731003695e-05 -4.8478348374677202e-05 2.7519648756424431e-05 -5.8743517001857981e-05 -5.3787886099598839e-05 5.2324384644938021e-05 5.769862006369901e-06 4.1183930928430834e-05 -6.6771356675114169e-05 2.0886598910389391e-05 -6.604599625461561e-05 -4.3545904918573801e-05 1.170317341726938e-05 -2.0744565452295542e-07
leaf_weight=24 23 23 23 23 23 69 23 23 23 23 23 46 72 48 48 24 24 24 24 24 24 24 48 24 24 48 24 24 192 4864
leaf_count=24 23 23 23 23 23 69 23 23 23 23 23 46 72 48 48 24 24 24 24 24 24 24 48 24 24 48 24 24 192 4864
internal_value=-4.30998e-13 1.1587e-07 1.20277e-05 -3.14978e-07 -1.22227e-08 -1.88456e-05 4.73911e-06 9.60572e-06 4.90851e-06 1.39525e-05 9.13948e-07 1.01027e-05 -3.34074e-07 -4.58994e-07 -1.2296e-05 -3.9357e-06 1.81644e-05 -1.13024e-05 -3.8672e-06 -1.17139e-05 7.26095e-08 -1.43868e-07 1.00339e-07 -1.38491e-07 -1.32507e-05 -2.54661e-06 -1.81688e-05 2.31447e-07 3.79708e-08 2.44856e-07
internal_weight=5953 5930 207 5723 5631 92 184 161 138 115 92 69 5608 5584 240 192 48 144 120 96 5344 5296 5272 5248 144 120 72 5104 5080 5056
internal_count=5953 5930 207 5723 5631 92 184 161 138 115 92 69 5608 5584 240 192 48 144 120 96 5344 5296 5272 5248 144 120 72 5104 5080 5056
is_linear=0
shrinkage=0.05


Tree=107
num_leaves=31
num_cat=0
split_feature=0 0 0 0 0 0 0 0 0 0 0 0 0 0 0 0 0 0 0 0 0 0 0 0 0 0 0 0 0 0
split_gain=7.96864e-06 7.03388e-05 4.62338e-05 3.73985e-05 3.29306e-05 2.65683e-05 9.36994e-05 3.42554e-05 3.16321e-05 2.83948e-05 2.53649e-05 3.62359e-05 4.09958e-05 2.44134e-05 2.07578e-05 9.15491e-05 9.1034e-05 5.07797e-05 5.00505e-05 4.01319e-05 0.000121949 0.000153704 4.11458e-05 3.2731e-05 5.55254e-05 6.56073e-05 3.29472e-05 3.39249e-05 3.4114e-05 7.45219e-05
threshold=-0.0014914617810069927 -0.0016134251911044878 -0.0012569284385753766 -0.001692823340305926 -0.0015545041955692732 -0.00084515841527540503 -0.00090423889314186366 -0.00065709973606036377 -0.00072027814341748045 -0.00078847701253034069 -0.0011710593048478927 -0.00097511174216158541 -0.0010293214599905137 -0.0010768045238734303 -0.00035314206361493247 -0.00047080791346445079 -0.00031255517857436922 -0.00022876870682006855 -0.0005124692770228505 0.0002435901031547042 0.00041126910178810976 0.00036662862087073848 6.4428457785339205e-05 0.00056287761173926356 0.00072670769405607709 0.00067547072744762228 0.0010279278069603649 0.0011850831211700596 0.0013032371064385356 0.001336628976900265
decision_type=2 2 2 2 2 2 2 2 2 2 2 2 2 2 2 2 2 2 2 2 2 2 2 2 2 2 2 2 2 2
left_child=1 3 -2 -1 -3 6 10 8 9 -7 -4 12 13 -12 15 18 -16 -18 -9 22 21 -21 -19 -22 25 -25 -26 -28 -29 -30
right_child=2 4 5 -5 -6 7 -8 14 -10 -11 11 -13 -14 -15 16 -17 17 19 -20 20 23 -23 -24 24 26 -27 27 28 29 -31
leaf_value=-1.8618777469722616e-06 4.1887638213085957e-05 -0.00010596470016500226 -4.948683579878771e-05 6.2266442008599958e-05 -2.1354907854085628e-05 5.1641089790475398e-05 -0.00011307422205193333 -1.0782368157168199e-05 8.4172686341765302e-05 -2.6925951153870025e-05 3.6508772451349578e-05 -4.5132396727516928e-05 8.1839670082959145e-05 -3.6342157514097738e-05 0.00010062991565538814 -7.5880281031498703e-05 -7.3219680622139057e-05 5.3557508902580096e-06 7.4386269071787274e-05 -1.2665699099064418e-05 3.4808184314430136e-05 -0.00016763735850039061 5.3474727853123716e-05 -8.9401424778164551e-06 2.5079462101176532e-05 -0.0001101880841209398 -3.3316055234738289e-05 4.3231827779284991e-05 -8.7007384475631022e-05 1.4811957092213868e-06
leaf_weight=1973 69 23 23 23 23 23 23 69 23 23 23 23 23 23 23 46 23 116 23 48 72 24 72 48 144 24 72 48 24 2759
leaf_count=1973 69 23 23 23 23 23 23 69 23 23 23 23 23 23 23 46 23 116 23 48 72 24 72 48 144 24 72 48 24 2759
internal_value=-7.44821e-14 -2.53169e-06 1.32184e-06 -1.12292e-06 -6.36598e-05 5.933e-07 -2.09479e-05 1.39586e-06 3.62959e-05 1.23576e-05 -2.52259e-06 9.21847e-06 2.73354e-05 8.33075e-08 7.33382e-07 -1.82869e-05 1.48397e-06 8.27562e-07 1.05098e-05 1.32107e-06 2.68325e-08 -6.43229e-05 2.37843e-05 1.47879e-06 7.09399e-07 -4.26895e-05 1.73491e-06 5.76925e-07 1.43892e-06 7.18089e-07
internal_weight=5953 2042 3911 1996 46 3842 138 3704 69 46 115 92 69 46 3635 138 3497 3474 92 3451 3263 72 188 3191 3119 72 3047 2903 2831 2783
internal_count=5953 2042 3911 1996 46 3842 138 3704 69 46 115 92 69 46 3635 138 3497 3474 92 3451 3263 72 188 3191 3119 72 3047 2903 2831 2783
is_linear=0
shrinkage=0.05


Tree=108
num_leaves=31
num_cat=0
split_feature=0 0 0 0 0 0 0 0 0 0 0 0 0 0 0 0 0 0 0 0 0 0 0 0 0 0 0 0 0 0
split_gain=7.47792e-06 1.09397e-05 3.13119e-05 5.12354e-05 9.25185e-06 2.30266e-05 1.10122e-05 7.6942e-06 2.03738e-05 2.82307e-05 8.41263e-06 1.40077e-05 7.58739e-06 7.03793e-05 6.39967e-05 3.80191e-05 4.67694e-05 9.41889e-06 2.57215e-05 2.79639e-05 2.36161e-05 3.30293e-05 2.61649e-05 2.94829e-05 5.49697e-05 2.74749e-05 2.12085e-05 0.00011312 9.5109e-05 7.82841e-05
threshold=0.046204879040816556 0.012434112528229091 0.011369417766440045 0.010903837729938103 0.014341752624165545 0.013471226725432842 0.015298453853237368 0.016328996554610096 0.017652897609846101 0.019601077130010799 0.023554004996251227 0.030803742181755533 0.0091487169768551205 0.0094889458289314239 0.0088840703875546299 0.0097591273249414082 0.010147383968335201 0.0086018910567939606 0.0083253114794032794 0.007776959479531248 0.0076473147461918961 0.0075114621539750922 0.00704907535732962 0.0072762817437040887 0.0073770644335394682 0.006812636570764286 0.0061281797422286129 0.0062371401705527711 0.0059638842426135109 0.006306648111289598
decision_type=2 2 2 2 2 2 2 2 2 2 2 2 2 2 2 2 2 2 2 2 2 2 2 2 2 2 2 2 2 2
left_child=1 2 3 12 5 -3 -6 -8 -9 -10 -11 -12 14 -14 17 -15 -17 18 19 20 21 22 25 -24 -25 26 28 -28 -1 -29
right_child=-2 4 -4 -5 6 -7 7 8 9 10 11 -13 13 15 -16 16 -18 -19 -20 -21 -22 -23 23 24 -26 -27 27 29 -30 -31
leaf_value=-6.4765717279478364e-07 -2.8454830759943906e-05 5.472849538225843e-06 -4.1427605498503674e-05 7.4466211473285838e-05 -2.7934853594912138e-05 6.6745470520918789e-05 3.5825449199562533e-05 -3.836975192034911e-05 6.2727141598968402e-05 -2.5393819258011798e-05 4.1383433499899897e-05 -6.4064154487467666e-06 -9.1734874307724607e-05 6.1574855087952611e-05 8.3207395484509038e-05 -7.2044778220436487e-05 1.0284886177058967e-05 3.1556996881313948e-05 -3.7737241844930077e-05 3.1436640598831619e-05 -5.1155547818938352e-05 5.9407141310183094e-05 -5.5376840171685106e-05 5.5890792788451784e-05 -5.3424981840931734e-05 3.8298518207422765e-05 -0.00012107646717872147 8.2899225146874147e-05 7.1581781436258981e-05 -2.0233834971883841e-05
leaf_weight=4941 23 46 46 23 23 23 23 23 23 23 23 46 23 23 23 23 69 23 46 69 23 23 46 23 23 46 23 23 46 92
leaf_count=4941 23 46 46 23 23 23 23 23 23 23 23 46 23 23 23 23 69 23 46 69 23 23 46 23 23 46 23 23 46 92
internal_value=-4.44904e-13 1.10364e-07 -3.42999e-07 -7.37671e-09 1.02833e-05 2.58971e-05 4.4281e-06 9.05137e-06 4.58903e-06 1.31808e-05 7.94196e-07 9.52353e-06 -3.12814e-07 -1.18917e-05 -2.06961e-08 4.07695e-06 -1.02975e-05 -3.72127e-07 -5.0752e-07 -1.89081e-07 -6.00114e-07 -3.80141e-07 -6.41419e-07 -2.7072e-05 1.23291e-06 -1.7118e-07 -5.16469e-07 -1.98521e-05 1.85859e-08 3.92777e-07
internal_weight=5953 5930 5677 5631 253 69 184 161 138 115 92 69 5608 138 5470 115 92 5447 5424 5378 5309 5286 5263 92 46 5171 5125 138 4987 115
internal_count=5953 5930 5677 5631 253 69 184 161 138 115 92 69 5608 138 5470 115 92 5447 5424 5378 5309 5286 5263 92 46 5171 5125 138 4987 115
is_linear=0
shrinkage=0.05


Tree=109
num_leaves=31
num_cat=0
split_feature=0 0 0 0 0 0 0 0 0 0 0 0 0 0 0 0 0 0 0 0 0 0 0 0 0 0 0 0 0 0
split_gain=7.24974e-06 2.31619e-05 2.29386e-05 4.94112e-05 4.46069e-05 3.93686e-05 2.82888e-05 2.47614e-05 4.95653e-05 2.18659e-05 1.89877e-05 1.72692e-05 1.69149e-05 3.44705e-05 1.88979e-05 6.04113e-05 1.50813e-05 2.02956e-05 1.84652e-05 1.44811e-05 3.53743e-05 2.65905e-05 3.21691e-05 3.43121e-05 1.63038e-05 4.88246e-05 2.8988e-05 2.03936e-05 1.99772e-05 4.40025e-05
threshold=-0.0030078749251793301 -0.0028563024556434264 -0.0035976423254494368 -0.0038714621955656691 -0.0034946426188443634 -0.0039474372548191769 -0.0033079396304207726 -0.0041335871280671855 -0.0040419387176810736 -0.0031629927537497452 -0.0029279978062143963 -0.0037152489831321091 -0.0027023007013469232 -0.0027684927753667743 -0.0023734529641045278 -0.0023106087784343717 -0.0024846611764242489 -0.0025769388712698913 -0.0024359535633138112 -0.0043218991557717685 -0.0042428440131381398 -0.0045885086614475172 -0.004954723710388219 -0.0054481196936981341 -0.0058656100349734073 -0.0059894136610153222 -0.0057059410177613791 -0.0064153301772330871 -0.006647014231557548 -0.0068077683775005999
decision_type=2 2 2 2 2 2 2 2 2 2 2 2 2 2 2 2 2 2 2 2 2 2 2 2 2 2 2 2 2 2
left_child=2 10 3 5 -4 7 -6 19 -9 -8 -2 -5 13 -3 16 -16 17 -14 -18 21 -21 22 23 24 25 27 -26 28 29 -1
right_child=1 12 4 11 6 -7 9 8 -10 -11 -12 -13 14 -15 15 -17 18 -19 -20 20 -22 -23 -24 -25 26 -27 -28 -29 -30 -31
leaf_value=-9.9973669331158504e-07 4.1994795142470492e-06 1.3780500992889637e-05 -8.3504002456417467e-05 7.9004724739206722e-05 2.1464144992933143e-05 -6.6083127846165252e-05 -4.9409755592932929e-05 8.4594567306339746e-05 -1.7022871664570026e-05 -1.6844790252434906e-06 6.8447134285436385e-05 1.9023419671763501e-05 2.5366475070452159e-05 -7.2785056418860742e-05 -8.0379897364131784e-05 8.7595932923377158e-07 7.4830759347052034e-05 -3.2157938846427457e-05 1.1473176899649528e-05 -7.2663214844700033e-05 1.3183397823013366e-05 3.4729814979073125e-05 -3.5612176523298133e-05 2.7437968932038832e-05 -7.1651546374103725e-05 6.8300717975944289e-05 -4.3508579741076879e-06 -2.9480789493795276e-05 4.322046443121508e-05 -6.9751719881120755e-05
leaf_weight=768 23 23 24 24 48 24 48 24 24 48 23 24 46 23 23 4187 23 23 23 24 24 48 72 96 24 24 48 72 24 24
leaf_count=768 23 23 24 24 48 24 48 24 24 48 23 24 46 23 23 4187 23 23 23 24 24 48 72 96 24 24 48 72 24 24
internal_value=9.977e-13 1.02895e-06 -2.95891e-06 -8.17647e-07 -2.03949e-05 -2.62971e-06 -9.8767e-06 -1.45465e-06 3.37858e-05 -2.55471e-05 3.63233e-05 4.90141e-05 6.57519e-07 -2.95023e-05 9.78294e-07 4.32044e-07 2.09758e-05 6.19167e-06 4.3152e-05 -2.81005e-06 -2.97399e-05 -1.73286e-06 -3.25213e-06 -1.0948e-06 -3.87848e-06 -2.07012e-06 -2.67844e-05 -3.97203e-06 -1.72126e-06 -3.08313e-06
internal_weight=5953 4417 1536 1368 168 1320 144 1296 48 96 46 48 4371 46 4325 4210 115 69 46 1248 48 1200 1152 1080 984 912 72 888 816 792
internal_count=5953 4417 1536 1368 168 1320 144 1296 48 96 46 48 4371 46 4325 4210 115 69 46 1248 48 1200 1152 1080 984 912 72 888 816 792
is_linear=0
shrinkage=0.05


Tree=110
num_leaves=31
num_cat=0
split_feature=0 0 0 0 0 0 0 0 0 0 0 0 0 0 0 0 0 0 0 0 0 0 0 0 0 0 0 0 0 0
split_gain=7.27335e-06 1.29901e-05 2.42229e-05 1.12843e-05 1.64304e-05 1.43689e-05 1.0669e-05 2.55505e-05 9.98717e-06 9.85975e-06 2.51753e-05 2.36117e-05 9.38059e-06 2.97812e-05 1.58585e-05 2.97898e-05 1.45041e-05 1.66374e-05 9.22653e-06 4.45277e-05 3.77089e-05 2.59465e-05 2.1712e-05 4.51617e-05 1.9124e-05 1.81457e-05 1.7049e-05 2.07269e-05 2.0063e-05 1.49795e-05
threshold=-0.050161956975202614 -0.013109586457152869 -0.014744358271977483 -0.017899142657214113 -0.016018514911379168 -0.020198907872569026 -0.022578175613438552 -0.027323983957631862 -0.013893522920339211 -0.011860397195859339 -0.011431649397759874 -0.011055501685961366 -0.0092284920864327252 -0.00957397570292093 -0.010110776558653363 -0.010382870609192218 -0.0089603765977270908 -0.008675775959136196 -0.006990260617628352 -0.0073243711975200807 -0.0077712965683273986 -0.0061589658740905584 -0.0058656100349734073 -0.0057059410177613791 -0.0062897638870469527 -0.0059894136610153222 -0.006647014231557548 -0.0064153301772330871 -0.0068077683775005999 -0.0079879316931693069
decision_type=2 2 2 2 2 2 2 2 2 2 2 2 2 2 2 2 2 2 2 2 2 2 2 2 2 2 2 2 2 2
left_child=-1 2 3 5 -5 6 7 -2 -4 -3 -11 -12 13 14 15 -13 -14 -18 19 20 29 24 25 -24 26 -23 28 -28 -20 -19
right_child=1 9 8 4 -6 -7 -8 -9 -10 10 11 12 16 -15 -16 -17 17 18 21 -21 -22 22 23 -25 -26 -27 27 -29 -30 -31
leaf_value=2.7469729441994181e-05 3.9399426795070116e-06 2.2934878516404447e-05 -6.608217187628421e-05 4.6684833493297149e-05 -1.1821600007048499e-05 -4.5878975652158263e-05 2.6319131757190919e-05 -5.5630867473155382e-05 -2.0467916419875111e-05 -5.0923043030100723e-05 4.9883635195631848e-05 5.656825730208463e-06 3.9300188897565633e-05 -6.3257328292820603e-05 2.0017744736833266e-05 -6.2568214101095998e-05 -4.1193140593046947e-05 4.0808838093653323e-06 -1.6129022090656994e-06 5.2999163377383723e-05 -3.8793151422093315e-05 3.4011463867500424e-06 -6.8068974936371285e-05 6.8311903442407603e-07 -6.2768568022875121e-05 6.4885675965342673e-05 4.1059467669886847e-05 -2.4652824019237116e-05 -6.6264142818302704e-05 4.9693166571766295e-05
leaf_weight=24 72 48 24 24 24 24 24 24 24 24 24 48 24 24 48 24 24 72 24 48 48 24 24 5017 24 24 24 24 24 24
leaf_count=24 72 48 24 24 24 24 24 24 24 24 24 48 24 24 48 24 24 72 24 48 48 24 24 5017 24 24 24 24 24 24
internal_value=1.96579e-13 -1.11195e-07 -1.15058e-05 -3.56346e-06 1.74316e-05 -1.05618e-05 -3.49838e-06 -1.09528e-05 -4.3275e-05 3.69505e-07 1.77493e-07 3.95833e-07 1.83477e-07 -1.24127e-05 -2.24381e-06 -1.70849e-05 5.16355e-07 3.44777e-07 5.29356e-07 1.12935e-05 -2.60841e-06 1.32598e-07 6.74482e-07 3.55793e-07 -2.28478e-05 3.41434e-05 -1.28676e-05 8.20332e-06 -3.39385e-05 1.5484e-05
internal_weight=5953 5929 240 192 48 144 120 96 48 5689 5641 5617 5593 144 120 72 5449 5425 5401 192 144 5209 5089 5041 120 48 96 48 48 96
internal_count=5953 5929 240 192 48 144 120 96 48 5689 5641 5617 5593 144 120 72 5449 5425 5401 192 144 5209 5089 5041 120 48 96 48 48 96
is_linear=0
shrinkage=0.05


Tree=111
num_leaves=31
num_cat=0
split_feature=0 0 0 0 0 0 0 0 0 0 0 0 0 0 0 0 0 0 0 0 0 0 0 0 0 0 0 0 0 0
split_gain=6.7878e-06 9.71384e-06 2.83775e-05 4.61323e-05 8.3498e-06 2.07815e-05 9.93856e-06 6.95104e-06 6.35173e-05 5.76332e-05 3.43122e-05 4.22094e-05 8.45286e-06 2.33261e-05 2.50927e-05 2.13912e-05 2.97169e-05 2.378e-05 2.66083e-05 4.96102e-05 2.54503e-05 3.09653e-05 9.08677e-05 8.56011e-05 8.38216e-05 2.95635e-05 4.60005e-05 2.5295e-05 2.48683e-05 1.47947e-05
threshold=0.046204879040816556 0.012434112528229091 0.011369417766440045 0.010903837729938103 0.014341752624165545 0.013471226725432842 0.015298453853237368 0.0091487169768551205 0.0094889458289314239 0.0088840703875546299 0.0097591273249414082 0.010147383968335201 0.0086018910567939606 0.0083253114794032794 0.007776959479531248 0.0076473147461918961 0.0075114621539750922 0.00704907535732962 0.0072762817437040887 0.0073770644335394682 0.0066840215762294227 0.0061281797422286129 0.0062371401705527711 0.0059638842426135109 0.006306648111289598 0.0057200525588598896 0.0054712042589986883 0.0058931692408885454 0.0064136317100189338 0.0060314024052628137
decision_type=2 2 2 2 2 2 2 2 2 2 2 2 2 2 2 2 2 2 2 2 2 2 2 2 2 2 2 2 2 2
left_child=1 2 3 7 5 -3 -6 9 -9 12 -10 -12 13 14 15 16 17 20 -19 -20 21 23 -23 25 -24 26 -1 -27 -26 -25
right_child=-2 4 -4 -5 6 -7 -8 8 10 -11 11 -13 -14 -15 -16 -17 -18 18 19 -21 -22 22 24 29 28 27 -28 -29 -30 -31
leaf_value=-7.2136453094744009e-07 -2.7110034811219364e-05 5.1212576774718322e-06 -3.9434184432089435e-05 7.0664949421568409e-05 -2.6616072484656519e-05 6.3330240284457159e-05 8.5208504992665182e-06 -8.7226094657798182e-05 5.8418149179171615e-05 7.8969075390056755e-05 -6.8520492135101688e-05 9.6926831537385244e-06 2.9901196514559993e-05 -3.5928329705949065e-05 2.9786859572661763e-05 -4.8675735192575856e-05 5.635882945447836e-05 -5.2685948210874701e-05 5.3018307865030425e-05 -5.083168991562991e-05 3.0012207439606267e-05 -0.00011510059247603235 7.8676301358348652e-05 9.6280683963255884e-05 -7.3992456758708647e-05 -5.4504879517480735e-05 4.0395898985730457e-05 9.7149936229233507e-06 -1.0316642399867189e-05 3.9568791133047932e-05
leaf_weight=4803 23 46 46 23 23 23 161 23 23 23 23 69 23 46 69 23 23 46 23 23 69 23 23 23 23 46 69 23 46 23
leaf_count=4803 23 46 46 23 23 23 161 23 23 23 23 69 23 46 69 23 23 46 23 23 69 23 23 23 23 46 69 23 46 23
internal_value=2.52141e-13 1.05149e-07 -3.22059e-07 -2.54943e-09 9.69115e-06 2.45243e-05 4.12874e-06 -2.92377e-07 -1.13751e-05 -1.27771e-08 3.79514e-06 -9.86061e-06 -3.46279e-07 -4.7454e-07 -1.71291e-07 -5.60651e-07 -3.51297e-07 -5.99128e-07 -2.57963e-05 1.09331e-06 -1.50831e-07 -5.58759e-07 -2.621e-05 3.27575e-08 -3.98736e-06 -5.99307e-07 -1.39039e-07 -3.30983e-05 -3.15419e-05 6.79247e-05
internal_weight=5953 5930 5677 5631 253 69 184 5608 138 5470 115 92 5447 5424 5378 5309 5286 5263 92 46 5171 5102 115 4987 92 4941 4872 69 69 46
internal_count=5953 5930 5677 5631 253 69 184 5608 138 5470 115 92 5447 5424 5378 5309 5286 5263 92 46 5171 5102 115 4987 92 4941 4872 69 69 46
is_linear=0
shrinkage=0.05


Tree=112
num_leaves=31
num_cat=0
split_feature=0 0 0 0 0 0 0 0 0 0 0 0 0 0 0 0 0 0 0 0 0 0 0 0 0 0 0 0 0 0
split_gain=6.58233e-06 1.16453e-05 2.18611e-05 1.01841e-05 1.48285e-05 1.29679e-05 9.62878e-06 2.30593e-05 9.01341e-06 8.92978e-06 2.2685e-05 2.13442e-05 8.59043e-06 8.41175e-06 2.68775e-05 1.43123e-05 2.68853e-05 1.31179e-05 1.49852e-05 8.39181e-06 4.01863e-05 3.40322e-05 2.33283e-05 1.96472e-05 4.07051e-05 1.72594e-05 1.63765e-05 1.53867e-05 1.8706e-05 1.81068e-05
threshold=-0.050161956975202614 -0.013109586457152869 -0.014744358271977483 -0.017899142657214113 -0.016018514911379168 -0.020198907872569026 -0.022578175613438552 -0.027323983957631862 -0.013893522920339211 -0.011860397195859339 -0.011431649397759874 -0.011055501685961366 -0.01241668460002244 -0.0092284920864327252 -0.00957397570292093 -0.010110776558653363 -0.010382870609192218 -0.0089603765977270908 -0.008675775959136196 -0.006990260617628352 -0.0073243711975200807 -0.0077712965683273986 -0.0061589658740905584 -0.0058656100349734073 -0.0057059410177613791 -0.0062897638870469527 -0.0059894136610153222 -0.006647014231557548 -0.0064153301772330871 -0.0068077683775005999
decision_type=2 2 2 2 2 2 2 2 2 2 2 2 2 2 2 2 2 2 2 2 2 2 2 2 2 2 2 2 2 2
left_child=-1 2 3 5 -5 6 7 -2 -4 12 -11 -12 -3 14 15 16 -13 -15 -19 20 21 -20 25 26 -25 27 -24 29 -29 -21
right_child=1 9 8 4 -6 -7 -8 -9 -10 10 11 13 -14 17 -16 -17 -18 18 19 22 -22 -23 23 24 -26 -27 -28 28 -30 -31
leaf_value=2.6132263640950745e-05 3.7790118060204101e-06 6.7193479177755462e-07 -6.2741981491853951e-05 4.4386683900180897e-05 -1.11944398668129e-05 -4.3548956940261024e-05 2.5039243882929441e-05 -5.2813269864297274e-05 -1.9408468021235117e-05 -4.8340814403976157e-05 4.7425512699798375e-05 5.4100659326650206e-06 4.2976458037931785e-05 3.7371260987129062e-05 -6.0058385668071426e-05 1.9052919621268909e-05 -5.940374918888362e-05 -3.9097432939646144e-05 1.4745816937041432e-05 -1.4961944543756546e-06 5.0385275388483332e-05 -3.6817434011027221e-05 3.2671693285616734e-06 -6.4629459393472652e-05 6.4223346593186544e-07 -5.9594082995317879e-05 6.1677461781073367e-05 3.9042532929064089e-05 -2.3384098312817514e-05 -6.2914860988409299e-05
leaf_weight=24 72 24 24 24 24 24 24 24 24 24 24 48 24 24 24 48 24 24 96 24 48 48 24 24 5017 24 24 24 24 24
leaf_count=24 72 24 24 24 24 24 24 24 24 24 24 48 24 24 24 48 24 24 96 24 48 48 24 24 5017 24 24 24 24 24
internal_value=-6.50752e-13 -1.05781e-07 -1.08944e-05 -3.34921e-06 1.65961e-05 -9.99766e-06 -3.2874e-06 -1.03691e-05 -4.10752e-05 3.49355e-07 1.66623e-07 3.73883e-07 2.18242e-05 1.71981e-07 -1.1756e-05 -2.09556e-06 -1.61945e-05 4.872e-07 3.24027e-07 4.99201e-07 1.07649e-05 -2.44193e-06 1.20816e-07 6.34633e-07 3.31478e-07 -2.16693e-05 3.24723e-05 -1.21882e-05 7.82922e-06 -3.22055e-05
internal_weight=5953 5929 240 192 48 144 120 96 48 5689 5641 5617 48 5593 144 120 72 5449 5425 5401 192 144 5209 5089 5041 120 48 96 48 48
internal_count=5953 5929 240 192 48 144 120 96 48 5689 5641 5617 48 5593 144 120 72 5449 5425 5401 192 144 5209 5089 5041 120 48 96 48 48
is_linear=0
shrinkage=0.05


Tree=113
num_leaves=31
num_cat=0
split_feature=0 0 0 0 0 0 0 0 0 0 0 0 0 0 0 0 0 0 0 0 0 0 0 0 0 0 0 0 0 0
split_gain=6.14128e-06 8.70479e-06 2.56571e-05 4.15923e-05 7.53569e-06 1.87553e-05 8.96953e-06 6.94402e-06 1.83874e-05 2.54782e-05 7.59238e-06 1.2642e-05 6.314e-06 5.73244e-05 5.19655e-05 3.09668e-05 3.8094e-05 7.61008e-06 2.10959e-05 2.25896e-05 1.9336e-05 2.67835e-05 2.15266e-05 2.4014e-05 4.47732e-05 2.29097e-05 2.80322e-05 8.20081e-05 7.71632e-05 7.5649e-05
threshold=0.046204879040816556 0.012434112528229091 0.011369417766440045 0.010903837729938103 0.014341752624165545 0.013471226725432842 0.015298453853237368 0.016328996554610096 0.017652897609846101 0.019601077130010799 0.023554004996251227 0.030803742181755533 0.0091487169768551205 0.0094889458289314239 0.0088840703875546299 0.0097591273249414082 0.010147383968335201 0.0086018910567939606 0.0083253114794032794 0.007776959479531248 0.0076473147461918961 0.0075114621539750922 0.00704907535732962 0.0072762817437040887 0.0073770644335394682 0.0066840215762294227 0.0061281797422286129 0.0062371401705527711 0.0059638842426135109 0.006306648111289598
decision_type=2 2 2 2 2 2 2 2 2 2 2 2 2 2 2 2 2 2 2 2 2 2 2 2 2 2 2 2 2 2
left_child=1 2 3 12 5 -3 -6 -8 -9 -10 -11 -12 14 -14 17 -15 -17 18 19 20 21 22 25 -24 -25 26 28 -28 -1 -29
right_child=-2 4 -4 -5 6 -7 7 8 9 10 11 -13 13 15 -16 16 -18 -19 -20 -21 -22 -23 23 24 -26 -27 27 29 -30 -31
leaf_value=-5.6276533160558097e-07 -2.578665918680718e-05 4.8330766098249869e-06 -3.7494573212904433e-05 6.7099583406082317e-05 -2.5317359351269581e-05 6.0131611130402791e-05 3.3498064223512423e-05 -3.698736248264575e-05 5.9054689684315877e-05 -2.4660219850889207e-05 3.8778151729670556e-05 -6.6222352672965556e-06 -8.2896893360631782e-05 5.5465125225727322e-05 7.4988509700431121e-05 -6.5126573747914765e-05 9.175938106162231e-06 2.83740238165078e-05 -3.4164022730218004e-05 2.8265397855463653e-05 -4.6274052178689644e-05 5.3508779187129976e-05 -5.0083767629747969e-05 5.0335267556163116e-05 -4.8322206274683006e-05 2.84794882026145e-05 -0.00010937767776498652 7.4710384132745477e-05 6.4496390579101316e-05 -2.9996929552525866e-05
leaf_weight=4941 23 46 46 23 23 23 23 23 23 23 23 46 23 23 23 23 69 23 46 69 23 23 46 23 23 69 23 23 46 69
leaf_count=4941 23 46 46 23 23 23 23 23 23 23 23 46 23 23 23 23 69 23 46 69 23 23 46 23 23 69 23 23 46 69
internal_value=-2.6248e-13 1.00015e-07 -3.04395e-07 -5.86212e-10 9.17448e-06 2.32659e-05 3.89019e-06 8.06269e-06 3.82346e-06 1.19856e-05 2.18365e-07 8.51123e-06 -2.75783e-07 -1.08384e-05 -9.30334e-09 3.57327e-06 -9.39969e-06 -3.25982e-07 -4.47682e-07 -1.59294e-07 -5.28724e-07 -3.29681e-07 -5.64962e-07 -2.45386e-05 1.00653e-06 -1.38434e-07 -5.25466e-07 -2.49316e-05 3.73392e-08 -3.8201e-06
internal_weight=5953 5930 5677 5631 253 69 184 161 138 115 92 69 5608 138 5470 115 92 5447 5424 5378 5309 5286 5263 92 46 5171 5102 115 4987 92
internal_count=5953 5930 5677 5631 253 69 184 161 138 115 92 69 5608 138 5470 115 92 5447 5424 5378 5309 5286 5263 92 46 5171 5102 115 4987 92
is_linear=0
shrinkage=0.05


Tree=114
num_leaves=31
num_cat=0
split_feature=0 0 0 0 0 0 0 0 0 0 0 0 0 0 0 0 0 0 0 0 0 0 0 0 0 0 0 0 0 0
split_gain=5.95405e-06 1.0452e-05 1.97297e-05 9.19114e-06 1.33827e-05 1.17036e-05 8.68995e-06 2.08111e-05 8.1346e-06 8.08241e-06 2.04469e-05 1.92889e-05 7.75287e-06 7.55153e-06 2.4257e-05 1.29168e-05 2.4264e-05 1.18597e-05 1.35018e-05 7.62186e-06 3.62681e-05 3.07141e-05 2.09885e-05 1.77702e-05 3.66968e-05 1.55766e-05 1.5032e-05 3.2283e-05 2.44845e-05 1.69501e-05
threshold=-0.050161956975202614 -0.013109586457152869 -0.014744358271977483 -0.017899142657214113 -0.016018514911379168 -0.020198907872569026 -0.022578175613438552 -0.027323983957631862 -0.013893522920339211 -0.011860397195859339 -0.011431649397759874 -0.011055501685961366 -0.01241668460002244 -0.0092284920864327252 -0.00957397570292093 -0.010110776558653363 -0.010382870609192218 -0.0089603765977270908 -0.008675775959136196 -0.006990260617628352 -0.0073243711975200807 -0.0077712965683273986 -0.0061589658740905584 -0.0058656100349734073 -0.0057059410177613791 -0.0062897638870469527 -0.0050608455083966082 -0.0052288518901749846 -0.0046926363438754707 -0.004954723710388219
decision_type=2 2 2 2 2 2 2 2 2 2 2 2 2 2 2 2 2 2 2 2 2 2 2 2 2 2 2 2 2 2
left_child=-1 2 3 5 -5 6 7 -2 -4 12 -11 -12 -3 14 15 16 -13 -15 -19 20 21 -20 25 -24 -25 -21 27 -26 29 -28
right_child=1 9 8 4 -6 -7 -8 -9 -10 10 11 13 -14 17 -16 -17 -18 18 19 22 -22 -23 23 24 26 -27 28 -29 -30 -31
leaf_value=2.4853830836946145e-05 3.6182219244235765e-06 6.6646066443354357e-07 -5.9576738506924213e-05 4.2195480394487582e-05 -1.0606583722013359e-05 -4.1343381114226461e-05 2.381539228129744e-05 -5.0144448330987271e-05 -1.8409904987493066e-05 -4.589562007216349e-05 4.5082377861641973e-05 5.167686079706376e-06 4.0855784391169436e-05 3.553083488441189e-05 -5.7027324025208752e-05 1.8128422076794475e-05 -5.6405424705493118e-05 -3.7114405980294884e-05 1.4036661696081865e-05 -1.1550604400175265e-05 4.7894153734281042e-05 -3.4948408271399488e-05 3.0876840901328252e-05 -6.1369843479042174e-05 5.121567998382185e-06 -5.6586231221444908e-05 5.5428703490179035e-06 6.9956138031557205e-05 6.0832514246740083e-07 -4.5920193497295261e-05
leaf_weight=24 72 24 24 24 24 24 24 24 24 24 24 48 24 24 24 48 24 24 96 96 48 48 48 24 96 24 24 24 4825 48
leaf_count=24 72 24 24 24 24 24 24 24 24 24 24 48 24 24 24 48 24 24 96 96 48 48 48 24 96 24 24 24 4825 48
internal_value=5.36457e-13 -1.00605e-07 -1.03216e-05 -3.15361e-06 1.57944e-05 -9.46963e-06 -3.09488e-06 -9.82245e-06 -3.89933e-05 3.30582e-07 1.56736e-07 3.53506e-07 2.07611e-05 1.61571e-07 -1.11401e-05 -1.96264e-06 -1.53567e-05 4.60239e-07 3.05088e-07 4.71366e-07 1.02548e-05 -2.29169e-06 1.10757e-07 5.98125e-07 3.09814e-07 -2.05577e-05 6.04873e-07 1.80885e-05 1.7644e-07 -2.87658e-05
internal_weight=5953 5929 240 192 48 144 120 96 48 5689 5641 5617 48 5593 144 120 72 5449 5425 5401 192 144 5209 5089 5041 120 5017 120 4897 72
internal_count=5953 5929 240 192 48 144 120 96 48 5689 5641 5617 48 5593 144 120 72 5449 5425 5401 192 144 5209 5089 5041 120 5017 120 4897 72
is_linear=0
shrinkage=0.05


Tree=115
num_leaves=31
num_cat=0
split_feature=0 0 0 0 0 0 0 0 0 0 0 0 0 0 0 0 0 0 0 0 0 0 0 0 0 0 0 0 0 0
split_gain=5.56813e-06 3.1603e-05 2.83726e-05 1.37798e-05 2.65382e-05 1.82435e-05 1.99671e-05 1.99597e-05 1.58477e-05 1.51966e-05 4.85841e-05 3.93665e-05 1.77509e-05 3.23231e-05 4.0121e-05 4.20183e-05 2.80667e-05 5.44224e-05 2.0744e-05 4.77219e-05 4.03588e-05 4.92426e-05 5.53542e-05 2.28297e-05 2.05136e-05 5.38557e-05 1.92177e-05 1.7187e-05 5.24055e-05 5.01118e-05
threshold=0.0021205127434794188 0.0022534084520796855 0.0021827998122470314 0.0025105642701259119 0.0027107652337801562 0.0026154520048600363 0.0026553461289055592 0.0025468797556308293 0.002455247004665716 0.0030829115671654477 0.0032080433903018475 0.0032910703023802911 0.003337919246072307 0.0033884638574101299 0.0034930435118120475 0.0036187552532875268 0.0038758061320144379 0.0039859300302273453 0.0046150052830187761 0.0044867306992448638 0.004936100157888609 0.0048642353772912509 0.0047799479694173282 0.0046995108834841795 0.0050197732439822614 0.0050882883699477155 0.0037412106850754057 0.0057200525588598896 0.0058931692408885454 0.0061281797422286129
decision_type=2 2 2 2 2 2 2 2 2 2 2 2 2 2 2 2 2 2 2 2 2 2 2 2 2 2 2 2 2 2
left_child=-1 2 -2 8 5 7 -7 -5 -3 -6 -11 -12 -13 -14 -15 -16 26 -18 19 -19 21 22 23 -20 -22 -26 -17 -27 -29 -30
right_child=1 3 -4 4 9 6 -8 -9 -10 10 11 12 13 14 15 16 17 18 20 -21 24 -23 -24 -25 25 27 -28 28 29 -31
leaf_value=-1.256356829793558e-06 3.5827464671456258e-06 -6.3789520027057737e-06 8.0465451113317013e-05 3.889408640331923e-05 -1.397387965163198e-05 8.3430960733929416e-05 1.754719538123185e-05 -2.6977537353282651e-05 -5.1804735661183569e-05 5.2784611287516673e-05 -4.4909278617326537e-05 4.5562774681931609e-05 -5.7539833031351804e-05 4.8211583128684896e-05 -4.6249378172670612e-05 6.1903168186646596e-06 -5.2955436038483529e-05 4.1443694493672253e-06 -7.3143197922668749e-06 6.189038737394857e-05 4.9071695146899995e-05 -9.5350050959614634e-05 5.2462212688228845e-05 -7.7762765589716804e-05 -7.4392660272955575e-05 1.6936759226011773e-05 5.1894645309363591e-05 -5.1814026222058124e-05 4.3892389542146497e-05 -2.1354318496999651e-07
leaf_weight=3554 24 96 24 23 161 23 23 23 24 46 46 23 23 46 46 46 46 161 23 46 23 23 23 23 23 184 46 46 69 966
leaf_count=3554 24 96 24 23 161 23 23 23 24 46 46 23 23 46 46 46 46 161 23 46 23 23 23 23 23 184 46 46 69 966
internal_value=7.0825e-13 1.86123e-06 4.20241e-05 1.04123e-06 1.92902e-06 2.82237e-05 5.04891e-05 5.95827e-06 -1.54641e-05 7.98062e-07 2.00043e-06 7.91282e-07 1.90593e-06 1.36696e-06 2.10329e-06 9.21027e-07 2.16235e-06 6.69014e-07 2.20114e-06 1.69768e-05 2.11227e-08 -3.19912e-05 -1.08716e-05 -4.25385e-05 2.2676e-06 1.43182e-06 2.90425e-05 2.81044e-06 4.05964e-07 2.72685e-06
internal_weight=5953 2399 48 2351 2231 92 46 46 120 2139 1978 1932 1886 1863 1840 1794 1748 1656 1610 207 1403 92 69 46 1311 1288 92 1265 1081 1035
internal_count=5953 2399 48 2351 2231 92 46 46 120 2139 1978 1932 1886 1863 1840 1794 1748 1656 1610 207 1403 92 69 46 1311 1288 92 1265 1081 1035
is_linear=0
shrinkage=0.05


Tree=116
num_leaves=31
num_cat=0
split_feature=0 0 0 0 0 0 0 0 0 0 0 0 0 0 0 0 0 0 0 0 0 0 0 0 0 0 0 0 0 0
split_gain=5.55144e-06 7.8842e-06 2.7683e-05 3.06282e-05 1.30869e-05 4.68706e-05 4.38093e-05 3.6158e-05 2.45433e-05 7.49658e-06 6.85723e-06 1.90648e-05 2.03542e-05 1.74685e-05 2.41511e-05 1.94658e-05 2.16726e-05 4.04078e-05 2.07822e-05 1.62345e-05 8.27621e-05 6.46626e-05 5.7946e-05 3.19926e-05 2.51449e-05 3.95392e-05 1.9388e-05 1.33522e-05 1.325e-05 6.42711e-05
threshold=0.046204879040816556 0.010572379022454311 0.011369417766440045 0.011890504689669283 0.0091487169768551205 0.0088840703875546299 0.0094889458289314239 0.0097591273249414082 0.010147383968335201 0.010903837729938103 0.0086018910567939606 0.0083253114794032794 0.007776959479531248 0.0076473147461918961 0.0075114621539750922 0.00704907535732962 0.0072762817437040887 0.0073770644335394682 0.006812636570764286 0.0061281797422286129 0.0062371401705527711 0.0059638842426135109 0.006306648111289598 0.0064136317100189338 0.0057200525588598896 0.0054712042589986883 0.0058931692408885454 0.0060314024052628137 0.0046150052830187761 0.0044867306992448638
decision_type=2 2 2 2 2 2 2 2 2 2 2 2 2 2 2 2 2 2 2 2 2 2 2 2 2 2 2 2 2 2
left_child=1 4 9 -4 5 10 -6 -8 -9 -3 11 12 13 14 15 18 -17 -18 19 21 -21 24 -22 -24 25 28 -26 -23 29 -1
right_child=-2 2 3 -5 6 -7 7 8 -10 -11 -12 -13 -14 -15 -16 16 17 -19 -20 20 22 27 23 -25 26 -27 -28 -29 -30 -31
leaf_value=-6.0674150898840853e-07 -2.4517057223103781e-05 2.3355428066165389e-05 -5.3560081363210218e-05 6.4947546849472687e-06 -7.8771787356463795e-05 7.1219343985633364e-05 5.267214456461775e-05 -6.1889989908946606e-05 1.3683848722038144e-06 6.3724870763152191e-05 2.6935574841564119e-05 -3.2475563041415347e-05 2.6832399094743869e-05 -4.3980082251516215e-05 5.0813595399908402e-05 -4.7599312513383393e-05 4.7798774144409796e-05 -4.5925830422872785e-05 3.33292009837232e-05 -0.00010392854379935434 7.0955118913527423e-05 8.5984675008702385e-05 -6.8844842944995238e-05 -7.5223282877139867e-07 -4.9223326103579578e-05 3.7494873064080853e-05 7.0002381740461871e-06 3.210838894238291e-05 -1.1762439918729869e-05 5.8795865666268027e-05
leaf_weight=4504 23 23 23 276 23 23 23 23 46 23 23 46 69 23 23 46 23 23 46 23 23 23 23 69 46 69 23 23 253 46
leaf_count=4504 23 23 23 276 23 23 23 23 46 23 23 46 69 23 23 46 23 23 46 23 23 23 23 69 46 69 23 23 253 46
internal_value=-1.66654e-13 9.50913e-08 7.43048e-06 1.87515e-06 -3.58035e-07 -7.09509e-09 -1.70506e-05 -1.62027e-06 -1.97177e-05 4.35401e-05 -3.07849e-07 -4.23373e-07 -1.49219e-07 -4.99893e-07 -3.10706e-07 -5.34126e-07 -2.33314e-05 9.36472e-07 -1.28527e-07 -4.2883e-07 -1.73458e-05 3.92958e-08 -2.92845e-08 -1.77754e-05 -5.10053e-07 -8.55716e-08 -3.04821e-05 5.90465e-05 -6.25453e-07 -6.18768e-09
internal_weight=5953 5930 345 299 5585 5470 115 92 69 46 5447 5424 5378 5309 5286 5263 92 46 5171 5125 138 4987 115 92 4941 4872 69 46 4803 4550
internal_count=5953 5930 345 299 5585 5470 115 92 69 46 5447 5424 5378 5309 5286 5263 92 46 5171 5125 138 4987 115 92 4941 4872 69 46 4803 4550
is_linear=0
shrinkage=0.05


Tree=117
num_leaves=31
num_cat=0
split_feature=0 0 0 0 0 0 0 0 0 0 0 0 0 0 0 0 0 0 0 0 0 0 0 0 0 0 0 0 0 0
split_gain=5.416e-06 9.25208e-06 1.7806e-05 8.295e-06 1.20779e-05 1.05625e-05 7.84271e-06 1.8782e-05 7.36783e-06 1.83705e-05 1.74892e-05 7.34148e-06 6.99696e-06 6.68996e-06 2.18919e-05 1.16574e-05 2.18982e-05 1.07689e-05 1.21154e-05 7.03154e-06 3.2732e-05 2.77195e-05 1.87372e-05 1.61593e-05 3.29946e-05 1.47798e-05 1.40579e-05 1.40275e-05 1.51905e-05 1.38865e-05
threshold=-0.050161956975202614 -0.013109586457152869 -0.014744358271977483 -0.017899142657214113 -0.016018514911379168 -0.020198907872569026 -0.022578175613438552 -0.027323983957631862 -0.011860397195859339 -0.011431649397759874 -0.011055501685961366 -0.013893522920339211 -0.01241668460002244 -0.0092284920864327252 -0.00957397570292093 -0.010110776558653363 -0.010382870609192218 -0.0089603765977270908 -0.008675775959136196 -0.006990260617628352 -0.0073243711975200807 -0.0077712965683273986 -0.0061589658740905584 -0.0058656100349734073 -0.0057059410177613791 -0.0059894136610153222 -0.0062897638870469527 -0.0082134807213181931 -0.0084348269931123019 -0.006647014231557548
decision_type=2 2 2 2 2 2 2 2 2 2 2 2 2 2 2 2 2 2 2 2 2 2 2 2 2 2 2 2 2 2
left_child=-1 2 3 5 -5 6 7 -2 12 -10 -11 -4 -3 14 15 16 -12 -15 -19 20 21 27 26 25 -25 -24 29 28 -20 -21
right_child=1 8 11 4 -6 -7 -8 -9 9 10 13 -13 -14 17 -16 -17 -18 18 19 22 -22 -23 23 24 -26 -27 -28 -29 -30 -31
leaf_value=2.3704264215969794e-05 3.5304379505558043e-06 7.2631027402773433e-07 -5.6504759049857968e-05 4.0178836813235351e-05 -9.9830969702452431e-06 -3.9183049739222046e-05 2.2717805889745554e-05 -4.7544077127289104e-05 -4.3507693408173513e-05 4.2921427908974392e-05 5.0024636342034988e-06 -1.739625380044648e-05 3.8906143163330857e-05 3.3847448685264679e-05 -5.4082805127109169e-05 1.7315143668383826e-05 -5.3491993094212381e-05 -3.5165524483697182e-05 2.2442948344784479e-05 -2.9896425390537235e-05 4.5592594445527843e-05 -3.3107838923266779e-05 1.6812584362924101e-06 -5.8208202244713905e-05 5.5724979648241135e-07 5.717104213545099e-05 -5.3663764265365903e-05 3.2540817361829495e-05 -3.3812640564671409e-05 8.1365844380343343e-06
leaf_weight=24 72 24 24 24 24 24 24 24 24 24 48 24 24 24 24 48 24 24 24 48 48 48 24 24 5017 24 24 48 24 48
leaf_count=24 72 24 24 24 24 24 24 24 24 24 48 24 24 24 24 48 24 24 24 48 48 48 24 24 5017 24 24 48 24 48
internal_value=1.7948e-13 -9.59523e-08 -9.71233e-06 -2.90278e-06 1.50979e-05 -8.903e-06 -2.84699e-06 -9.23819e-06 3.09731e-07 1.43747e-07 3.30259e-07 -3.69505e-05 1.98162e-05 1.47497e-07 -1.04899e-05 -1.77136e-06 -1.44957e-05 4.28611e-07 2.80767e-07 4.38277e-07 9.83518e-06 -2.08396e-06 9.19136e-08 5.52403e-07 2.7747e-07 2.94262e-05 -1.94367e-05 1.3428e-05 -5.68485e-06 -1.08799e-05
internal_weight=5953 5929 240 192 48 144 120 96 5689 5641 5617 48 48 5593 144 120 72 5449 5425 5401 192 144 5209 5089 5041 48 120 96 48 96
internal_count=5953 5929 240 192 48 144 120 96 5689 5641 5617 48 48 5593 144 120 72 5449 5425 5401 192 144 5209 5089 5041 48 120 96 48 96
is_linear=0
shrinkage=0.05


Tree=118
num_leaves=31
num_cat=0
split_feature=0 0 0 0 0 0 0 0 0 0 0 0 0 0 0 0 0 0 0 0 0 0 0 0 0 0 0 0 0 0
split_gain=5.02217e-06 7.21359e-06 2.33451e-05 8.29749e-06 3.3822e-05 1.56987e-05 8.09501e-06 6.26698e-06 1.65946e-05 2.29941e-05 6.85214e-06 1.14094e-05 5.19632e-06 4.6691e-05 4.22628e-05 2.52227e-05 3.10278e-05 6.1741e-06 1.72406e-05 1.83254e-05 1.57892e-05 2.17682e-05 1.76191e-05 1.95596e-05 3.6468e-05 1.92171e-05 9.66535e-06 8.46751e-06 8.15256e-05 5.82887e-05
threshold=0.046204879040816556 0.013471226725432842 0.014341752624165545 0.011369417766440045 0.010903837729938103 0.011890504689669283 0.015298453853237368 0.016328996554610096 0.017652897609846101 0.019601077130010799 0.023554004996251227 0.030803742181755533 0.0091487169768551205 0.0094889458289314239 0.0088840703875546299 0.0097591273249414082 0.010147383968335201 0.0086018910567939606 0.0083253114794032794 0.007776959479531248 0.0076473147461918961 0.0075114621539750922 0.00704907535732962 0.0072762817437040887 0.0073770644335394682 0.0069396422535360483 0.007186664679583738 0.0061281797422286129 0.0062371401705527711 0.0059638842426135109
decision_type=2 2 2 2 2 2 2 2 2 2 2 2 2 2 2 2 2 2 2 2 2 2 2 2 2 2 2 2 2 2
left_child=1 3 -3 4 12 -5 -4 -8 -9 -10 -11 -12 14 -14 17 -15 -17 18 19 20 21 22 25 26 -25 27 -24 29 -29 -1
right_child=-2 2 6 5 -6 -7 7 8 9 10 11 -13 13 15 -16 16 -18 -19 -20 -21 -22 -23 23 24 -26 -27 -28 28 -30 -31
leaf_value=-4.7884370530879784e-07 -2.3319073649042328e-05 5.6752690326665407e-05 -2.4423840374726316e-05 -5.0909931736026444e-05 6.0510760648985925e-05 -3.2111761897070118e-06 3.1450832944835344e-05 -3.5510345831267924e-05 5.5729612991537739e-05 -2.3799565868735638e-05 3.6466928482379603e-05 -6.6634508307881493e-06 -7.4861060989939661e-05 5.0010668106235405e-05 6.7630517245877695e-05 -5.8823351940626038e-05 8.2346683273604821e-06 2.5560939874317821e-05 -3.0879645593180932e-05 2.5462914698806164e-05 -4.1808954151549739e-05 4.8245054257795749e-05 -2.2327979493876109e-05 4.5380971910755926e-05 -4.365740520449396e-05 4.5483856482188338e-05 -6.8166436951445496e-05 -9.8759969051056745e-05 2.9179122122144877e-06 5.6066348469871822e-05
leaf_weight=4941 23 23 23 23 23 69 23 23 23 23 23 46 23 23 23 23 69 23 46 69 23 23 23 23 23 23 23 23 138 46
leaf_count=4941 23 23 23 23 23 69 23 23 23 23 23 46 23 23 23 23 69 23 46 69 23 23 23 23 23 23 23 23 138 46
internal_value=-1.38007e-14 9.0445e-08 9.25993e-06 -2.41214e-07 2.1367e-09 -1.51359e-05 3.32334e-06 7.28722e-06 3.25995e-06 1.1014e-05 -1.64885e-07 7.71334e-06 -2.46026e-07 -9.82829e-06 -4.28002e-09 3.17826e-06 -8.52984e-06 -2.89868e-07 -3.99487e-07 -1.38779e-07 -4.71519e-07 -2.91655e-07 -5.03766e-07 -2.21927e-05 8.61783e-07 -1.17887e-07 -4.52472e-05 -3.21624e-07 -1.16075e-05 4.27281e-08
internal_weight=5953 5930 207 5723 5631 92 184 161 138 115 92 69 5608 138 5470 115 92 5447 5424 5378 5309 5286 5263 92 46 5171 46 5148 161 4987
internal_count=5953 5930 207 5723 5631 92 184 161 138 115 92 69 5608 138 5470 115 92 5447 5424 5378 5309 5286 5263 92 46 5171 46 5148 161 4987
is_linear=0
shrinkage=0.05


Tree=119
num_leaves=31
num_cat=0
split_feature=0 0 0 0 0 0 0 0 0 0 0 0 0 0 0 0 0 0 0 0 0 0 0 0 0 0 0 0 0 0
split_gain=4.89832e-06 8.30611e-06 1.60699e-05 7.48624e-06 1.09003e-05 9.53263e-06 7.07803e-06 1.69507e-05 6.66746e-06 1.65591e-05 1.58038e-05 6.62569e-06 6.31476e-06 6.00728e-06 1.97574e-05 1.05208e-05 1.97632e-05 9.73495e-06 1.09171e-05 6.38355e-06 2.95406e-05 2.50168e-05 1.68605e-05 1.46136e-05 2.97473e-05 1.37943e-05 2.91355e-05 2.1869e-05 1.52974e-05 1.33387e-05
threshold=-0.050161956975202614 -0.013109586457152869 -0.014744358271977483 -0.017899142657214113 -0.016018514911379168 -0.020198907872569026 -0.022578175613438552 -0.027323983957631862 -0.011860397195859339 -0.011431649397759874 -0.011055501685961366 -0.013893522920339211 -0.01241668460002244 -0.0092284920864327252 -0.00957397570292093 -0.010110776558653363 -0.010382870609192218 -0.0089603765977270908 -0.008675775959136196 -0.006990260617628352 -0.0073243711975200807 -0.0077712965683273986 -0.0061589658740905584 -0.0058656100349734073 -0.0057059410177613791 -0.0050608455083966082 -0.0052288518901749846 -0.0046926363438754707 -0.004954723710388219 -0.0059894136610153222
decision_type=2 2 2 2 2 2 2 2 2 2 2 2 2 2 2 2 2 2 2 2 2 2 2 2 2 2 2 2 2 2
left_child=-1 2 3 5 -5 6 7 -2 12 -10 -11 -4 -3 14 15 16 -12 -15 -19 20 21 -20 -21 29 -25 26 -26 28 -27 -24
right_child=1 8 11 4 -6 -7 -8 -9 9 10 13 -13 -14 17 -16 -17 -18 18 19 22 -22 -23 23 24 25 27 -28 -29 -30 -31
leaf_value=2.2542955169531829e-05 3.3778697696915416e-06 7.1392763250817861e-07 -5.3655571052028486e-05 3.8193865263262222e-05 -9.4600080046802766e-06 -3.7199947352443516e-05 2.1605841114554401e-05 -4.5142937930601576e-05 -4.1308358777314429e-05 4.0799276272688686e-05 4.7762739086465446e-06 -1.6502488748907732e-05 3.6984782006281125e-05 3.2179018580791309e-05 -5.1354732355927506e-05 1.6473336533332864e-05 -5.0793449069412115e-05 -3.3383326929955122e-05 1.2780530293336293e-05 -1.8440914295373053e-05 4.333691508691118e-05 -3.1428496913576968e-05 1.6211194936962178e-06 -5.5273844009207099e-05 4.9547235069743095e-06 5.354954676780229e-06 6.6547570895636454e-05 5.2267075417134459e-07 -4.353495175261439e-05 5.4336445464286955e-05
leaf_weight=24 72 24 24 24 24 24 24 24 24 24 48 24 24 24 24 48 24 24 96 120 48 48 24 24 96 24 24 4825 48 24
leaf_count=24 72 24 24 24 24 24 24 24 24 24 48 24 24 24 24 48 24 24 96 120 48 48 24 24 96 24 24 4825 48 24
internal_value=-4.08661e-13 -9.1252e-08 -9.20276e-06 -2.7337e-06 1.43669e-05 -8.43391e-06 -2.6807e-06 -8.75233e-06 2.93132e-07 1.35235e-07 3.12313e-07 -3.5079e-05 1.88494e-05 1.3858e-07 -9.94149e-06 -1.65885e-06 -1.3747e-05 4.04965e-07 2.64398e-07 4.13915e-07 9.36737e-06 -1.95581e-06 8.38976e-08 5.20718e-07 2.59264e-07 5.2492e-07 1.72733e-05 1.14504e-07 -2.72383e-05 2.79788e-05
internal_weight=5953 5929 240 192 48 144 120 96 5689 5641 5617 48 48 5593 144 120 72 5449 5425 5401 192 144 5209 5089 5041 5017 120 4897 72 48
internal_count=5953 5929 240 192 48 144 120 96 5689 5641 5617 48 48 5593 144 120 72 5449 5425 5401 192 144 5209 5089 5041 5017 120 4897 72 48
is_linear=0
shrinkage=0.05


Tree=120
num_leaves=31
num_cat=0
split_feature=0 0 0 0 0 0 0 0 0 0 0 0 0 0 0 0 0 0 0 0 0 0 0 0 0 0 0 0 0 0
split_gain=4.5432e-06 6.56673e-06 2.00774e-05 3.04951e-05 6.31296e-06 1.50497e-05 7.30574e-06 5.65594e-06 1.49766e-05 2.07521e-05 6.18404e-06 1.0297e-05 4.71831e-06 4.21387e-05 3.81084e-05 2.27634e-05 2.80026e-05 5.55917e-06 1.55904e-05 1.64994e-05 1.4271e-05 1.96207e-05 1.59469e-05 1.76741e-05 2.15654e-05 5.96051e-05 6.19474e-05 5.25439e-05 2.27971e-05 3.55523e-05
threshold=0.046204879040816556 0.012434112528229091 0.011369417766440045 0.010903837729938103 0.014341752624165545 0.013471226725432842 0.015298453853237368 0.016328996554610096 0.017652897609846101 0.019601077130010799 0.023554004996251227 0.030803742181755533 0.0091487169768551205 0.0094889458289314239 0.0088840703875546299 0.0097591273249414082 0.010147383968335201 0.0086018910567939606 0.0083253114794032794 0.007776959479531248 0.0076473147461918961 0.0075114621539750922 0.00704907535732962 0.0066840215762294227 0.0061281797422286129 0.0062371401705527711 0.006306648111289598 0.0059638842426135109 0.0057200525588598896 0.0054712042589986883
decision_type=2 2 2 2 2 2 2 2 2 2 2 2 2 2 2 2 2 2 2 2 2 2 2 2 2 2 2 2 2 2
left_child=1 2 3 12 5 -3 -6 -8 -9 -10 -11 -12 14 -14 17 -15 -17 18 19 20 21 22 23 24 27 -26 -27 28 29 -1
right_child=-2 4 -4 -5 6 -7 7 8 9 10 11 -13 13 15 -16 16 -18 -19 -20 -21 -22 -23 -24 -25 25 26 -28 -29 -30 -31
leaf_value=-5.5731004174555654e-07 -2.2179238579195481e-05 4.3535154596295049e-06 -3.3163917530897459e-05 5.7459089388746933e-05 -2.3228773573899397e-05 5.3888924784310487e-05 2.9852141051378569e-05 -3.3760955669925393e-05 5.2916999582363217e-05 -2.2635689263394023e-05 3.4617468507191088e-05 -6.3564299837352067e-06 -7.1144143483884952e-05 4.7483999514952303e-05 6.4222849956106239e-05 -5.5908318608999258e-05 7.7968017148373629e-06 2.4256753512536702e-05 -2.9361798015483859e-05 2.4163635100484355e-05 -3.9744635812340959e-05 4.5806671677501475e-05 -2.1109214290133778e-05 2.5028012772752953e-05 -9.3848096983729993e-05 6.7207475354814019e-05 -2.754422805900095e-05 5.3236897355932538e-05 -2.898808561967335e-05 3.5590080214192774e-05
leaf_weight=4803 23 46 46 23 23 23 23 23 23 23 23 46 23 23 23 23 69 23 46 69 23 23 92 69 23 23 69 46 69 69
leaf_count=4803 23 46 46 23 23 23 23 23 23 23 23 46 23 23 23 23 69 23 46 69 23 23 92 69 23 23 69 46 69 69
internal_value=-1.08581e-13 8.60239e-08 -2.65228e-07 3.52397e-09 7.96766e-06 2.08653e-05 3.13104e-06 6.89673e-06 3.07083e-06 1.04372e-05 -1.8277e-07 7.30154e-06 -2.32118e-07 -9.36301e-06 -1.75873e-09 2.99322e-06 -8.12948e-06 -2.72948e-07 -3.76964e-07 -1.29046e-07 -4.44773e-07 -2.73775e-07 -4.75152e-07 -1.08041e-07 -4.47983e-07 -2.18547e-05 -3.8563e-06 4.56537e-08 -4.49549e-07 -4.53704e-08
internal_weight=5953 5930 5677 5631 253 69 184 161 138 115 92 69 5608 138 5470 115 92 5447 5424 5378 5309 5286 5263 5171 5102 115 92 4987 4941 4872
internal_count=5953 5930 5677 5631 253 69 184 161 138 115 92 69 5608 138 5470 115 92 5447 5424 5378 5309 5286 5263 5171 5102 115 92 4987 4941 4872
is_linear=0
shrinkage=0.05


Tree=121
num_leaves=31
num_cat=0
split_feature=0 0 0 0 0 0 0 0 0 0 0 0 0 0 0 0 0 0 0 0 0 0 0 0 0 0 0 0 0 0
split_gain=4.43227e-06 7.44788e-06 1.45031e-05 6.75632e-06 9.8375e-06 8.60321e-06 6.38792e-06 1.5298e-05 6.0373e-06 1.49223e-05 1.42848e-05 5.97968e-06 5.69906e-06 5.38804e-06 1.78311e-05 9.49505e-06 1.78362e-05 8.80352e-06 9.83386e-06 5.80283e-06 2.66604e-05 2.25777e-05 1.51616e-05 1.32217e-05 2.68135e-05 1.27356e-05 1.26873e-05 1.25326e-05 1.68822e-05 1.63414e-05
threshold=-0.050161956975202614 -0.013109586457152869 -0.014744358271977483 -0.017899142657214113 -0.016018514911379168 -0.020198907872569026 -0.022578175613438552 -0.027323983957631862 -0.011860397195859339 -0.011431649397759874 -0.011055501685961366 -0.013893522920339211 -0.01241668460002244 -0.0092284920864327252 -0.00957397570292093 -0.010110776558653363 -0.010382870609192218 -0.0089603765977270908 -0.008675775959136196 -0.006990260617628352 -0.0073243711975200807 -0.0077712965683273986 -0.0061589658740905584 -0.0058656100349734073 -0.0057059410177613791 -0.0079879316931693069 -0.0062897638870469527 -0.006647014231557548 -0.0064153301772330871 -0.0068077683775005999
decision_type=2 2 2 2 2 2 2 2 2 2 2 2 2 2 2 2 2 2 2 2 2 2 2 2 2 2 2 2 2 2
left_child=-1 2 3 5 -5 6 7 -2 12 -10 -11 -4 -3 14 15 16 -12 -15 -19 20 21 25 26 -24 -25 -20 27 29 -29 -21
right_child=1 8 11 4 -6 -7 -8 -9 9 10 13 -13 -14 17 -16 -17 -18 18 19 22 -22 -23 23 24 -26 -27 -28 28 -30 -31
leaf_value=2.1443732839543374e-05 3.236861034060389e-06 7.061039544472199e-07 -5.0944920318822065e-05 3.6312027471770607e-05 -8.9591504850735262e-06 -3.5312091980207091e-05 2.0553416531280771e-05 -4.2857920016103895e-05 -3.9215091116299547e-05 3.8787187925966767e-05 4.5653224939693855e-06 -1.5649507501317807e-05 3.516339620546205e-05 3.0597937984566671e-05 -4.8759132429646952e-05 1.5677525395100624e-05 -4.8225908479556286e-05 -3.168628451627835e-05 1.6549955034861342e-06 1.7461222038643127e-06 4.1197932417465685e-05 -2.9829211416654289e-05 2.6607702602632346e-05 -5.2482288507841684e-05 4.9347575375901304e-07 4.3712489908405894e-05 -5.0006723419452707e-05 3.8356257330936694e-05 -2.0949053820610666e-05 -5.6601616965205415e-05
leaf_weight=24 72 24 24 24 24 24 24 24 24 24 48 24 24 24 24 48 24 24 72 24 48 48 48 24 5017 24 24 24 24 24
leaf_count=24 72 24 24 24 24 24 24 24 24 24 48 24 24 24 24 48 24 24 72 24 48 48 48 24 5017 24 24 24 24 24
internal_value=3.60516e-13 -8.68017e-08 -8.71476e-06 -2.56914e-06 1.36764e-05 -7.98434e-06 -2.51878e-06 -8.28683e-06 2.77183e-07 1.26932e-07 2.95031e-07 -3.32972e-05 1.79348e-05 1.29858e-07 -9.41656e-06 -1.54804e-06 -1.30318e-05 3.8214e-07 2.48466e-07 3.90372e-07 8.92686e-06 -1.83016e-06 7.57232e-08 4.89951e-07 2.4126e-07 1.21694e-05 -1.7491e-05 -9.36207e-06 8.7036e-06 -2.74277e-05
internal_weight=5953 5929 240 192 48 144 120 96 5689 5641 5617 48 48 5593 144 120 72 5449 5425 5401 192 144 5209 5089 5041 96 120 96 48 48
internal_count=5953 5929 240 192 48 144 120 96 5689 5641 5617 48 48 5593 144 120 72 5449 5425 5401 192 144 5209 5089 5041 96 120 96 48 48
is_linear=0
shrinkage=0.05


Tree=122
num_leaves=31
num_cat=0
split_feature=0 0 0 0 0 0 0 0 0 0 0 0 0 0 0 0 0 0 0 0 0 0 0 0 0 0 0 0 0 0
split_gain=4.10986e-06 5.88733e-06 1.81499e-05 2.74955e-05 5.69745e-06 1.35824e-05 6.59345e-06 5.10449e-06 1.35164e-05 1.87288e-05 5.58109e-06 9.29305e-06 4.28403e-06 3.80302e-05 3.43626e-05 2.0544e-05 2.52723e-05 5.00555e-06 1.40981e-05 1.48555e-05 1.28987e-05 1.76852e-05 1.48007e-05 1.82075e-05 3.70094e-05 7.65502e-06 6.2829e-06 1.95179e-05 5.37936e-05 5.59075e-05
threshold=0.046204879040816556 0.012434112528229091 0.011369417766440045 0.010903837729938103 0.014341752624165545 0.013471226725432842 0.015298453853237368 0.016328996554610096 0.017652897609846101 0.019601077130010799 0.023554004996251227 0.030803742181755533 0.0091487169768551205 0.0094889458289314239 0.0088840703875546299 0.0097591273249414082 0.010147383968335201 0.0086018910567939606 0.0083253114794032794 0.007776959479531248 0.0076473147461918961 0.0075114621539750922 0.0073770644335394682 0.0072762817437040887 0.007186664679583738 0.0080992043414310679 0.0066840215762294227 0.0061281797422286129 0.0062371401705527711 0.006306648111289598
decision_type=2 2 2 2 2 2 2 2 2 2 2 2 2 2 2 2 2 2 2 2 2 2 2 2 2 2 2 2 2 2
left_child=1 2 3 12 5 -3 -6 -8 -9 -10 -11 -12 14 -14 17 -15 -17 18 19 20 21 22 23 24 26 -21 27 -1 -29 -30
right_child=-2 4 -4 -5 6 -7 7 8 9 10 11 -13 13 15 -16 16 -18 -19 -20 25 -22 -23 -24 -25 -26 -27 -28 28 29 -31
leaf_value=4.8150568217749923e-08 -2.1094969048610203e-05 4.1111597649591131e-06 -3.1530401405610104e-05 5.4561464956192222e-05 -2.2092033380075645e-05 5.1169802495480886e-05 2.8334868685582797e-05 -3.2097559652238094e-05 5.0246468542710591e-05 -2.1528573415707797e-05 3.2861925074425729e-05 -6.0632824897766118e-06 -6.7611614434534448e-05 4.5085127488203838e-05 6.0987034205185333e-05 -5.3137579538009084e-05 7.3822899455832244e-06 2.3019243203832403e-05 -2.7918376967452628e-05 3.4706933001871219e-05 -3.7782079237766324e-05 4.3491662844367651e-05 -4.0469889063388111e-05 4.411658067154982e-05 -6.3753474260801852e-05 -6.21545325924197e-07 1.2762223520004901e-05 -8.9180367870975052e-05 6.3822430598994964e-05 -2.6191688445670891e-05
leaf_weight=4987 23 46 46 23 23 23 23 23 23 23 23 46 23 23 23 23 69 23 46 46 23 23 23 23 23 23 92 23 23 69
leaf_count=4987 23 46 46 23 23 23 23 23 23 23 23 46 23 23 23 23 69 23 46 46 23 23 23 23 23 23 92 23 23 69
internal_value=-5.71132e-14 8.18185e-08 -2.50766e-07 4.75891e-09 7.5446e-06 1.97974e-05 2.94982e-06 6.52722e-06 2.89262e-06 9.89065e-06 -1.98303e-07 6.91179e-06 -2.18994e-07 -8.91953e-06 5.08085e-10 2.81888e-06 -7.74768e-06 -2.57008e-07 -3.55709e-07 -1.19955e-07 -4.19541e-07 -2.56972e-07 -4.4816e-07 -2.72492e-07 -4.68188e-07 2.29308e-05 -1.87949e-07 -4.21468e-07 -2.07866e-05 -3.68816e-06
internal_weight=5953 5930 5677 5631 253 69 184 161 138 115 92 69 5608 138 5470 115 92 5447 5424 5378 5309 5286 5263 5240 5217 69 5194 5102 115 92
internal_count=5953 5930 5677 5631 253 69 184 161 138 115 92 69 5608 138 5470 115 92 5447 5424 5378 5309 5286 5263 5240 5217 69 5194 5102 115 92
is_linear=0
shrinkage=0.05


Tree=123
num_leaves=31
num_cat=0
split_feature=0 0 0 0 0 0 0 0 0 0 0 0 0 0 0 0 0 0 0 0 0 0 0 0 0 0 0 0 0 0
split_gain=4.00181e-06 5.3104e-05 3.50905e-05 1.79967e-05 5.19391e-05 4.10738e-05 1.73563e-05 1.39425e-05 6.28527e-05 3.12029e-05 5.55279e-05 3.82708e-05 3.76044e-05 5.61356e-05 0.000189662 3.43639e-05 3.62673e-05 8.58915e-05 9.34896e-05 4.65545e-05 2.6051e-05 2.46773e-05 2.67152e-05 2.37848e-05 2.08038e-05 1.8892e-05 2.19996e-05 1.71574e-05 1.69349e-05 1.12094e-05
threshold=0.0014859408838954712 0.0014422045621178062 0.0015417439956161131 0.0013734960876878326 0.0013032371064385356 0.0012397888526209471 0.001336628976900265 0.0010279278069603649 0.0008859848629561676 0.00062509647156369869 0.00072670769405607709 0.00082615188029494708 0.00051901544814576155 0.00036662862087073848 0.00041126910178810976 -0.000162869263940615 -0.00031255517857436922 -0.00035314206361493247 -0.00047080791346445079 -0.0005124692770228505 0.00067547072744762228 0.0002435901031547042 0.00013204638075740274 0.00047053809498753932 0.00077244483763002725 -5.1690087292619742e-05 1.0000000180025095e-35 0.0011850831211700596 0.00056287761173926356 -0.00010699510516213253
decision_type=2 2 2 2 2 2 2 2 2 2 2 2 2 2 2 2 2 2 2 2 2 2 2 2 2 2 2 2 2 2
left_child=1 3 -2 4 5 7 -6 8 9 12 20 24 13 15 -15 16 17 18 19 -1 -11 22 25 -16 -12 29 -27 -9 -14 -17
right_child=2 -3 -4 -5 6 -7 -8 27 -10 10 11 -13 28 14 23 21 -18 -19 -20 -21 -22 -23 -24 -25 -26 26 -28 -29 -30 -31
leaf_value=-7.9053341329076933e-07 6.161734293831009e-05 -7.5277261081888969e-05 8.868001882227348e-07 4.2509433130059436e-05 -8.2637025010020207e-05 6.4994992468806839e-05 -2.2504652042698582e-05 -3.1630257783237743e-05 4.6087401117094693e-05 -3.0988563579133674e-05 -5.5370398210167577e-06 -4.9949287131312303e-05 7.3440118527893597e-05 -0.00015923550939381432 4.8108099872479218e-05 1.6113165728039229e-05 -4.5362000642141902e-05 9.5618413204489198e-05 -7.2066283317563716e-05 7.0686954954315135e-05 -0.00010465867623376351 -1.2012414360166683e-05 6.0131439875021902e-05 -2.2284916296181717e-05 6.0297027910867962e-05 -4.0545271843692046e-05 1.8927968327867953e-05 1.7185478706475504e-05 1.4042277295326736e-05 6.5477479707307958e-05
leaf_weight=2387 24 24 2663 24 24 24 24 72 72 24 24 24 24 24 24 23 46 23 46 23 24 48 48 24 24 23 48 24 24 23
leaf_count=2387 24 24 2663 24 24 24 24 72 72 24 24 24 24 24 24 23 46 23 46 23 24 48 48 24 24 23 48 24 24 23
internal_value=9.79769e-13 -1.17586e-06 1.42924e-06 -6.273e-07 -9.49015e-07 -1.6736e-07 -5.25708e-05 -6.64466e-07 -7.39292e-08 -1.18999e-06 -2.61673e-05 1.60357e-06 -1.41253e-07 -8.90846e-07 -4.44708e-05 2.55156e-07 -1.37175e-06 -5.55478e-07 -1.45613e-06 -1.08383e-07 -6.78236e-05 1.95413e-05 2.87206e-05 1.29116e-05 2.738e-05 1.58341e-05 -3.38011e-07 -1.94263e-05 4.37412e-05 4.07953e-05
internal_weight=5953 3266 2687 3242 3218 3170 48 3146 3050 2978 120 72 2858 2810 72 2738 2525 2479 2456 2410 48 213 165 48 48 117 71 96 48 46
internal_count=5953 3266 2687 3242 3218 3170 48 3146 3050 2978 120 72 2858 2810 72 2738 2525 2479 2456 2410 48 213 165 48 48 117 71 96 48 46
is_linear=0
shrinkage=0.05


Tree=124
num_leaves=31
num_cat=0
split_feature=0 0 0 0 0 0 0 0 0 0 0 0 0 0 0 0 0 0 0 0 0 0 0 0 0 0 0 0 0 0
split_gain=4.01471e-06 6.66073e-06 1.30891e-05 6.09758e-06 8.87834e-06 7.76439e-06 5.76511e-06 1.38065e-05 5.47392e-06 1.34392e-05 1.29198e-05 5.39667e-06 5.14341e-06 4.82043e-06 1.60926e-05 8.56928e-06 1.60972e-05 7.96764e-06 8.85124e-06 5.29003e-06 2.4061e-05 2.03763e-05 1.36139e-05 1.19744e-05 2.41568e-05 1.25703e-05 2.62947e-05 1.9617e-05 1.38059e-05 1.22074e-05
threshold=-0.050161956975202614 -0.013109586457152869 -0.014744358271977483 -0.017899142657214113 -0.016018514911379168 -0.020198907872569026 -0.022578175613438552 -0.027323983957631862 -0.011860397195859339 -0.011431649397759874 -0.011055501685961366 -0.013893522920339211 -0.01241668460002244 -0.0092284920864327252 -0.00957397570292093 -0.010110776558653363 -0.010382870609192218 -0.0089603765977270908 -0.008675775959136196 -0.006990260617628352 -0.0073243711975200807 -0.0077712965683273986 -0.0061589658740905584 -0.0058656100349734073 -0.0057059410177613791 -0.0050608455083966082 -0.0052288518901749846 -0.0046926363438754707 -0.004954723710388219 -0.0044660990012244757
decision_type=2 2 2 2 2 2 2 2 2 2 2 2 2 2 2 2 2 2 2 2 2 2 2 2 2 2 2 2 2 2
left_child=-1 2 3 5 -5 6 7 -2 12 -10 -11 -4 -3 14 15 16 -12 -15 -19 20 21 -20 -21 -24 -25 26 -26 28 -27 -29
right_child=1 8 11 4 -6 -7 -8 -9 9 10 13 -13 -14 17 -16 -17 -18 18 19 22 -22 -23 23 24 25 27 -28 29 -30 -31
leaf_value=2.0408653411626196e-05 3.112122380520709e-06 7.0790418552254169e-07 -4.836057936093615e-05 3.453353168273073e-05 -8.4740733048723385e-06 -3.350937113282271e-05 1.9562878605938749e-05 -4.067790929790742e-05 -3.7217217929234425e-05 3.6884960839718893e-05 4.3741834815591579e-06 -1.4829908165362819e-05 3.344235422749383e-05 2.9105154180797402e-05 -4.6284053678391504e-05 1.4930771552220299e-05 -4.577748829130239e-05 -3.0064851913872798e-05 1.1598016044445103e-05 -1.6579334954561393e-05 3.9175150110774366e-05 -2.8300627794427175e-05 2.5314443701063285e-05 -4.9821058867867886e-05 4.7472961341554771e-06 5.1275240063356856e-06 6.3260491757925288e-05 2.5546034582172679e-05 -4.1317893252805034e-05 2.0456929917216716e-07
leaf_weight=24 72 24 24 24 24 24 24 24 24 24 48 24 24 24 24 48 24 24 96 120 48 48 48 24 96 24 24 48 48 4777
leaf_count=24 72 24 24 24 24 24 24 24 24 24 48 24 24 24 24 48 24 24 96 120 48 48 48 24 96 24 24 48 48 4777
internal_value=-7.21428e-13 -8.26129e-08 -8.24191e-06 -2.40357e-06 1.30297e-05 -7.54801e-06 -2.35573e-06 -7.83539e-06 2.61601e-07 1.18532e-07 2.78058e-07 -3.15952e-05 1.70751e-05 1.20975e-07 -8.90861e-06 -1.43352e-06 -1.2343e-05 3.59599e-07 2.32429e-07 3.67059e-07 8.51764e-06 -1.70153e-06 6.66344e-08 4.59151e-07 2.22481e-07 4.61876e-07 1.64499e-05 7.00917e-08 -2.58361e-05 4.56671e-07
internal_weight=5953 5929 240 192 48 144 120 96 5689 5641 5617 48 48 5593 144 120 72 5449 5425 5401 192 144 5209 5089 5041 5017 120 4897 72 4825
internal_count=5953 5929 240 192 48 144 120 96 5689 5641 5617 48 48 5593 144 120 72 5449 5425 5401 192 144 5209 5089 5041 5017 120 4897 72 4825
is_linear=0
shrinkage=0.05


Tree=125
num_leaves=31
num_cat=0
split_feature=0 0 0 0 0 0 0 0 0 0 0 0 0 0 0 0 0 0 0 0 0 0 0 0 0 0 0 0 0 0
split_gain=3.72937e-06 5.24182e-06 1.9456e-05 2.16775e-05 9.36266e-06 3.09487e-05 2.86066e-05 2.45297e-05 1.56609e-05 4.49317e-06 1.27818e-05 1.33332e-05 1.16813e-05 1.59137e-05 1.36962e-05 1.65687e-05 2.97034e-05 1.57572e-05 7.2576e-06 6.90866e-06 6.49798e-06 5.97751e-05 4.72435e-05 3.75089e-05 3.30705e-05 2.07196e-05 3.19027e-05 1.74977e-05 1.23344e-05 5.76432e-05
threshold=0.046204879040816556 0.010572379022454311 0.011369417766440045 0.011890504689669283 0.0091487169768551205 0.0088840703875546299 0.0094889458289314239 0.0097591273249414082 0.010147383968335201 0.0086018910567939606 0.0083253114794032794 0.007776959479531248 0.0076473147461918961 0.0075114621539750922 0.00704907535732962 0.0072762817437040887 0.0073770644335394682 0.0069396422535360483 0.007186664679583738 0.0080992043414310679 0.0061281797422286129 0.0062371401705527711 0.0059638842426135109 0.006306648111289598 0.0064136317100189338 0.0057200525588598896 0.0054712042589986883 0.0058931692408885454 0.0046150052830187761 0.0044867306992448638
decision_type=2 2 2 2 2 2 2 2 2 2 2 2 2 2 2 2 2 2 2 2 2 2 2 2 2 2 2 2 2 2
left_child=1 4 -3 -4 5 9 -6 -8 -9 10 11 12 13 14 17 18 -17 20 -16 -13 22 -22 25 -23 -25 26 28 -27 29 -1
right_child=-2 2 3 -5 6 -7 7 8 -10 -11 -12 19 -14 -15 15 16 -18 -19 -20 -21 21 23 -24 24 -26 27 -28 -29 -30 -31
leaf_value=-4.8413973296778943e-07 -2.0094787570364449e-05 3.6331281033040875e-05 -4.5235091111744231e-05 5.2882582497039813e-06 -6.4285601610722745e-05 5.7883120303892582e-05 4.27763063825019e-05 -5.0535266864639914e-05 -3.9576780577392686e-09 2.1813714461725045e-05 -2.6577032329679122e-05 3.2917019954133455e-05 -3.5947544908950759e-05 4.126250358477473e-05 -2.0899603924076276e-05 4.1856185998767617e-05 -3.8500953466965538e-05 4.1214768862118946e-05 -6.0620362384487753e-05 -6.4503148441081472e-07 -8.4775908465456711e-05 6.0576738020324199e-05 5.0493403487843864e-05 -6.2994938691743937e-05 4.0369802046252122e-06 -4.5424461005377059e-05 3.3728925579149897e-05 7.9879266432607959e-06 -1.1258153764936601e-05 5.5772233874607913e-05
leaf_weight=4504 23 46 23 276 23 23 23 23 46 23 46 46 23 23 23 23 23 23 23 23 23 23 46 23 92 46 69 23 253 46
leaf_count=4504 23 46 23 276 23 23 23 23 46 23 46 46 23 23 23 23 23 23 23 23 23 23 46 23 92 46 69 23 253 46
internal_value=2.47802e-13 7.79396e-08 6.0591e-06 1.40185e-06 -2.91533e-07 5.30118e-09 -1.44105e-05 -1.94172e-06 -1.68477e-05 -2.39088e-07 -3.32601e-07 -1.08123e-07 -3.91945e-07 -2.37238e-07 -4.18597e-07 -1.95412e-05 1.67762e-06 -7.83772e-08 -4.076e-05 2.17297e-05 -2.62865e-07 -1.01495e-05 5.63132e-08 2.28829e-06 -9.3694e-06 -4.13249e-07 -2.79269e-08 -2.76203e-05 -5.12879e-07 8.4606e-08
internal_weight=5953 5930 345 299 5585 5470 115 92 69 5447 5424 5378 5309 5286 5263 92 46 5171 46 69 5148 161 4987 138 115 4941 4872 69 4803 4550
internal_count=5953 5930 345 299 5585 5470 115 92 69 5447 5424 5378 5309 5286 5263 92 46 5171 46 69 5148 161 4987 138 115 4941 4872 69 4803 4550
is_linear=0
shrinkage=0.05


Tree=126
num_leaves=31
num_cat=0
split_feature=0 0 0 0 0 0 0 0 0 0 0 0 0 0 0 0 0 0 0 0 0 0 0 0 0 0 0 0 0 0
split_gain=3.63232e-06 5.97366e-06 1.18129e-05 5.50307e-06 8.0127e-06 7.00736e-06 5.203e-06 1.24603e-05 4.9559e-06 1.21114e-05 1.16774e-05 4.87049e-06 4.64193e-06 4.34401e-06 1.54783e-05 1.41393e-05 3.38023e-05 7.68584e-06 6.84875e-06 1.49223e-05 1.08328e-05 2.17753e-05 1.20382e-05 1.13877e-05 2.3731e-05 1.7662e-05 1.24599e-05 1.10448e-05 2.36998e-05 1.97729e-05
threshold=-0.050161956975202614 -0.013109586457152869 -0.014744358271977483 -0.017899142657214113 -0.016018514911379168 -0.020198907872569026 -0.022578175613438552 -0.027323983957631862 -0.011860397195859339 -0.011431649397759874 -0.011055501685961366 -0.013893522920339211 -0.01241668460002244 -0.0082134807213181931 -0.0077712965683273986 -0.0073243711975200807 -0.0071028240303755595 -0.0084348269931123019 -0.0061589658740905584 -0.0062897638870469527 -0.0058656100349734073 -0.0057059410177613791 -0.0059894136610153222 -0.0050608455083966082 -0.0052288518901749846 -0.0046926363438754707 -0.004954723710388219 -0.0044660990012244757 -0.0045885086614475172 -0.0042428440131381398
decision_type=2 2 2 2 2 2 2 2 2 2 2 2 2 2 2 2 2 2 2 2 2 2 2 2 2 2 2 2 2 2
left_child=-1 2 3 5 -5 6 7 -2 12 -10 -11 -4 -3 17 -15 -16 -17 -12 19 -18 22 -22 -20 24 -23 26 -25 28 -27 -29
right_child=1 8 11 4 -6 -7 -8 -9 9 10 13 -13 -14 14 15 16 18 -19 20 -21 21 23 -24 25 -26 27 -28 29 -30 -31
leaf_value=1.9412391460112609e-05 2.9807329661303411e-06 6.9672246354457463e-07 -4.5918328153978413e-05 3.2831070863418674e-05 -8.0261510447598997e-06 -3.180968318095741e-05 1.860892304345422e-05 -3.8619788938376587e-05 -3.533215312927496e-05 3.5064912056744407e-05 -3.4849808040841404e-06 -1.4064210275440323e-05 3.1794448113942052e-05 2.8673791894107127e-05 -2.68613832910584e-05 5.9602371826864935e-05 -3.4271782684906315e-06 -3.331055243810018e-05 -9.6684404221984242e-07 -4.6616103766912904e-05 -4.7305795548406125e-05 4.534140362011385e-06 4.9112687944822636e-05 4.8953692991441738e-06 6.0121677840167347e-05 -1.0840589311555959e-05 -3.922778414562345e-05 -3.1741095140584247e-05 5.9426467699571132e-05 5.1247126836986247e-07
leaf_weight=24 72 24 24 24 24 24 24 24 24 24 216 24 24 48 48 24 120 24 24 24 24 96 24 24 24 24 48 48 24 4729
leaf_count=24 72 24 24 24 24 24 24 24 24 24 216 24 24 48 48 24 120 24 24 24 24 96 24 24 24 24 48 48 24 4729
internal_value=5.4838e-13 -7.85789e-08 -7.8056e-06 -2.25918e-06 1.24025e-05 -7.14639e-06 -2.21373e-06 -7.4194e-06 2.47398e-07 1.11268e-07 2.62708e-07 -2.99913e-05 1.62456e-05 1.13369e-07 4.08422e-07 1.52675e-07 3.99332e-07 -6.46754e-06 1.2781e-07 -1.06253e-05 4.32085e-07 2.06979e-07 2.40729e-05 4.34267e-07 1.56516e-05 6.13683e-08 -2.45201e-05 4.28179e-07 2.42929e-05 1.88383e-07
internal_weight=5953 5929 240 192 48 144 120 96 5689 5641 5617 48 48 5593 5353 5305 5257 240 5233 144 5089 5041 48 5017 120 4897 72 4825 48 4777
internal_count=5953 5929 240 192 48 144 120 96 5689 5641 5617 48 48 5593 5353 5305 5257 240 5233 144 5089 5041 48 5017 120 4897 72 4825 48 4777
is_linear=0
shrinkage=0.05


Tree=127
num_leaves=31
num_cat=0
split_feature=0 0 0 0 0 0 0 0 0 0 0 0 0 0 0 0 0 0 0 0 0 0 0 0 0 0 0 0 0 0
split_gain=3.40429e-06 2.89086e-05 2.56062e-05 1.3145e-05 1.20223e-05 2.44855e-05 1.64648e-05 1.80203e-05 1.80136e-05 1.43025e-05 1.50772e-05 1.36041e-05 5.5847e-05 1.55893e-05 1.13987e-05 1.12628e-05 4.80154e-05 2.40231e-05 1.61899e-05 4.70019e-05 3.69885e-05 1.56641e-05 1.26791e-05 5.65437e-05 2.8331e-05 5.0114e-05 3.45394e-05 3.38165e-05 5.08484e-05 0.00017117
threshold=0.0021205127434794188 0.0022534084520796855 0.0021827998122470314 0.001866093451278965 0.0025105642701259119 0.0027107652337801562 0.0026154520048600363 0.0026553461289055592 0.0025468797556308293 0.002455247004665716 0.0023971661132836867 0.0029278205419772194 0.0028840650084086725 0.0027667136535893954 0.0028287714882308779 0.0014859408838954712 0.0014422045621178062 0.0015417439956161131 0.0013734960876878326 0.0013032371064385356 0.0012397888526209471 0.001336628976900265 0.0010279278069603649 0.0008859848629561676 0.00062509647156369869 0.00072670769405607709 0.00082615188029494708 0.00051901544814576155 0.00036662862087073848 0.00041126910178810976
decision_type=2 2 2 2 2 2 2 2 2 2 2 2 2 2 2 2 2 2 2 2 2 2 2 2 2 2 2 2 2 2
left_child=3 2 -2 15 9 6 8 -8 -6 10 -3 12 13 -7 -15 16 18 -17 19 20 22 -21 23 24 27 -26 -27 28 -1 -30
right_child=1 4 -4 -5 5 11 7 -9 -10 -11 -12 -13 -14 14 -16 17 -18 -19 -20 21 -22 -23 -24 -25 25 26 -28 -29 29 -31
leaf_value=3.0870175518333194e-07 3.3486942508413145e-06 -1.7555144343835614e-05 7.6387267426980543e-05 -1.7249150818088311e-05 3.6894456121919337e-05 -2.9514011491656953e-05 7.9204495831736898e-05 1.6614916160545798e-05 -2.5683574589809565e-05 -4.9269417559116846e-05 2.8205743850170013e-05 1.2593009695650165e-06 -8.5869021827618232e-05 4.5791248833112429e-05 -3.9880913074897687e-06 5.8524829819361918e-05 -7.1525046223541722e-05 4.492620221046511e-06 4.0372312279638819e-05 -7.8516815245836352e-05 6.1733595399952418e-05 -2.1391056573823641e-05 -1.8466653925012605e-05 4.3771381595231818e-05 -6.4444082496114183e-05 2.5999344599843729e-05 -4.7463455848628656e-05 4.1542491938647197e-05 -0.00015128538191978199 1.2254369922478268e-05
leaf_weight=2738 24 72 24 120 23 23 23 23 23 24 24 2047 23 23 23 24 24 144 24 24 24 24 96 72 48 48 24 48 24 48
leaf_count=2738 24 72 24 120 23 23 23 23 23 24 24 2047 23 23 23 24 24 144 24 24 24 24 96 72 48 48 24 48 24 48
internal_value=-6.65342e-13 1.45532e-06 3.9868e-05 -9.82363e-07 6.71055e-07 1.50029e-06 2.67576e-05 4.79097e-05 5.60544e-06 -1.47458e-05 -6.11492e-06 4.13956e-07 -1.8395e-05 4.09638e-06 2.09016e-05 -4.13925e-07 -1.06337e-06 1.22115e-05 -5.41749e-07 -8.46888e-07 -1.03312e-07 -4.99539e-05 -5.75049e-07 -1.19034e-08 -1.07046e-06 -2.48706e-05 1.51174e-06 -7.11597e-08 -7.81998e-07 -4.22589e-05
internal_weight=5953 2399 48 3554 2351 2231 92 46 46 120 96 2139 92 69 46 3434 3266 168 3242 3218 3170 48 3146 3050 2978 120 72 2858 2810 72
internal_count=5953 2399 48 3554 2351 2231 92 46 46 120 96 2139 92 69 46 3434 3266 168 3242 3218 3170 48 3146 3050 2978 120 72 2858 2810 72
is_linear=0
shrinkage=0.05


Tree=128
num_leaves=31
num_cat=0
split_feature=0 0 0 0 0 0 0 0 0 0 0 0 0 0 0 0 0 0 0 0 0 0 0 0 0 0 0 0 0 0
split_gain=3.39706e-06 4.72468e-06 1.54664e-05 2.29664e-05 5.14196e-06 1.22581e-05 5.95057e-06 4.60681e-06 1.21985e-05 1.69028e-05 5.03695e-06 8.38697e-06 3.73771e-06 3.08254e-05 2.78333e-05 1.6869e-05 2.03909e-05 4.0177e-06 1.16257e-05 1.19197e-05 1.06044e-05 1.42896e-05 1.24976e-05 1.49533e-05 2.68074e-05 1.41471e-05 6.54998e-06 6.23507e-06 5.99305e-06 5.3947e-05
threshold=0.046204879040816556 0.012434112528229091 0.011369417766440045 0.010903837729938103 0.014341752624165545 0.013471226725432842 0.015298453853237368 0.016328996554610096 0.017652897609846101 0.019601077130010799 0.023554004996251227 0.030803742181755533 0.0091487169768551205 0.0094889458289314239 0.0088840703875546299 0.0097591273249414082 0.010147383968335201 0.0086018910567939606 0.0083253114794032794 0.007776959479531248 0.0076473147461918961 0.0075114621539750922 0.00704907535732962 0.0072762817437040887 0.0073770644335394682 0.0069396422535360483 0.007186664679583738 0.0080992043414310679 0.0061281797422286129 0.0062371401705527711
decision_type=2 2 2 2 2 2 2 2 2 2 2 2 2 2 2 2 2 2 2 2 2 2 2 2 2 2 2 2 2 2
left_child=1 2 3 12 5 -3 -6 -8 -9 -10 -11 -12 14 -14 17 -15 -17 18 19 20 21 22 25 26 -25 28 -24 -21 -1 -30
right_child=-2 4 -4 -5 6 -7 7 8 9 10 11 -13 13 15 -16 16 -18 -19 -20 27 -22 -23 23 24 -26 -27 -28 -29 29 -31
leaf_value=7.0658074848524639e-08 -1.9178617968345466e-05 3.4980367079539146e-06 -2.90983709261206e-05 4.9873666189934897e-05 -2.1394987276795766e-05 4.8203752932908098e-05 2.6510551469982603e-05 -3.0900251366129733e-05 4.7326578920626126e-05 -2.0859761064892393e-05 3.081122058970125e-05 -6.1677029525921886e-06 -6.1159906149639388e-05 4.0548909253076374e-05 5.4900373494171584e-05 -4.8097085875823444e-05 6.2646308556988673e-06 2.0634444207762895e-05 -2.533676885001984e-05 3.1182588265991123e-05 -3.423875434395007e-05 3.9110802453765447e-05 -1.9943207355580577e-05 3.9674787852994127e-05 -3.6664504928605471e-05 3.9065441460875064e-05 -5.7677924379949332e-05 -7.0137245094646581e-07 -8.062571833642838e-05 2.0852820882012474e-06
leaf_weight=4987 23 46 46 23 23 23 23 23 23 23 23 46 23 23 23 23 69 23 46 46 23 23 23 23 23 23 23 23 23 138
leaf_count=4987 23 46 46 23 23 23 23 23 23 23 23 46 23 23 23 23 69 23 46 46 23 23 23 23 23 23 23 23 23 138
internal_value=3.89438e-13 7.43863e-08 -2.23554e-07 1.23258e-08 6.7598e-06 1.83999e-05 2.39474e-06 5.79328e-06 2.3404e-06 8.98853e-06 -5.95987e-07 6.1586e-06 -1.9217e-07 -8.31903e-06 1.2859e-08 2.24914e-06 -7.3258e-06 -2.18904e-07 -3.07331e-07 -9.32448e-08 -3.61601e-07 -2.14197e-07 -3.86053e-07 -1.86527e-05 1.50514e-06 -6.10608e-08 -3.88106e-05 2.05546e-05 -2.35868e-07 -9.73058e-06
internal_weight=5953 5930 5677 5631 253 69 184 161 138 115 92 69 5608 138 5470 115 92 5447 5424 5378 5309 5286 5263 92 46 5171 46 69 5148 161
internal_count=5953 5930 5677 5631 253 69 184 161 138 115 92 69 5608 138 5470 115 92 5447 5424 5378 5309 5286 5263 92 46 5171 46 69 5148 161
is_linear=0
shrinkage=0.05


Tree=129
num_leaves=31
num_cat=0
split_feature=0 0 0 0 0 0 0 0 0 0 0 0 0 0 0 0 0 0 0 0 0 0 0 0 0 0 0 0 0 0
split_gain=3.31455e-06 6.51165e-05 4.26671e-05 3.2905e-05 2.97198e-05 2.29581e-05 8.45637e-05 3.17723e-05 2.8548e-05 2.56263e-05 2.28918e-05 3.27029e-05 3.69987e-05 2.20331e-05 1.68891e-05 1.66058e-05 7.48049e-05 7.38923e-05 4.23698e-05 4.12683e-05 3.44548e-05 8.94913e-05 0.000111991 3.36971e-05 2.56157e-05 4.08389e-05 5.03834e-05 2.53445e-05 2.58169e-05 2.32093e-05
threshold=-0.0014914617810069927 -0.0016134251911044878 -0.0012569284385753766 -0.001692823340305926 -0.0015545041955692732 -0.00084515841527540503 -0.00090423889314186366 -0.00065709973606036377 -0.00072027814341748045 -0.00078847701253034069 -0.0011710593048478927 -0.00097511174216158541 -0.0010293214599905137 -0.0010768045238734303 -0.0014089766874591928 -0.00035314206361493247 -0.00031255517857436922 -0.00047080791346445079 -0.00022876870682006855 -0.0005124692770228505 0.0002435901031547042 0.00041126910178810976 0.00036662862087073848 6.4428457785339205e-05 0.00056287761173926356 0.00072670769405607709 0.00067547072744762228 0.0010279278069603649 0.0011379946057564201 0.0008859848629561676
decision_type=2 2 2 2 2 2 2 2 2 2 2 2 2 2 2 2 2 2 2 2 2 2 2 2 2 2 2 2 2 2
left_child=1 3 14 -1 -3 6 10 8 9 -7 -4 12 13 -12 -2 17 -17 19 -18 -9 23 22 -22 -20 -23 26 -26 29 -29 -27
right_child=2 4 5 -5 -6 7 -8 15 -10 -11 11 -13 -14 -15 -16 16 18 -19 20 -21 21 24 -24 -25 25 27 -28 28 -30 -31
leaf_value=-9.7047048953608128e-07 4.8385812197406984e-06 -0.00010063756034588037 -4.6983590531770301e-05 5.9182008566415823e-05 -2.0258250444148081e-05 4.9087945001741423e-05 -0.00010739160224266412 -1.0214346274802087e-05 7.9992961273882951e-05 -2.5550734616168167e-05 3.4712248674148455e-05 -4.2846871909442483e-05 7.7776590858221706e-05 -3.4496146153010751e-05 5.7313956407913639e-05 9.0806873808817374e-05 -6.7301198293495446e-05 -6.8493582925246142e-05 4.9243293466557153e-06 6.7121991583996495e-05 -1.1442410201804403e-05 3.0317350241501926e-05 -0.00014372464050514585 4.8470524595561274e-05 -7.4921247180744405e-06 1.43262370784214e-06 -9.6218721470601543e-05 -3.634917693489115e-05 6.2697801195079698e-07 4.1579274981510635e-05
leaf_weight=1973 23 23 23 23 23 23 23 69 23 23 23 23 23 23 46 23 23 46 116 23 48 72 24 72 48 72 24 48 2855 72
leaf_count=1973 23 23 23 23 23 23 23 69 23 23 23 23 23 23 46 23 23 46 116 23 48 72 24 72 48 72 24 48 2855 72
internal_value=4.94798e-13 -1.63279e-06 8.52508e-07 -2.77331e-07 -6.04479e-05 1.52636e-07 -1.98716e-05 8.98678e-07 3.45101e-05 1.17686e-05 -2.36755e-06 8.78646e-06 2.59976e-05 1.08051e-07 3.98222e-05 2.60663e-07 9.31999e-07 -1.67514e-05 3.36972e-07 9.11974e-06 7.87763e-07 -4.11441e-07 -5.55365e-05 2.16016e-05 8.32371e-07 1.5173e-07 -3.70677e-05 1.03122e-06 1.55914e-08 2.15059e-05
internal_weight=5953 2042 3911 1996 46 3842 138 3704 69 46 115 92 69 46 69 3635 3497 138 3474 92 3451 3263 72 188 3191 3119 72 3047 2903 144
internal_count=5953 2042 3911 1996 46 3842 138 3704 69 46 115 92 69 46 69 3635 3497 138 3474 92 3451 3263 72 188 3191 3119 72 3047 2903 144
is_linear=0
shrinkage=0.05


Tree=130
num_leaves=31
num_cat=0
split_feature=0 0 0 0 0 0 0 0 0 0 0 0 0 0 0 0 0 0 0 0 0 0 0 0 0 0 0 0 0 0
split_gain=3.28869e-06 5.34774e-06 1.06611e-05 4.96652e-06 7.23147e-06 6.32414e-06 4.69571e-06 1.12455e-05 4.49092e-06 1.09103e-05 1.05588e-05 4.39562e-06 4.18934e-06 4.11322e-06 1.45235e-05 7.73378e-06 1.45277e-05 7.31956e-06 7.85311e-06 4.68532e-06 1.9876e-05 1.68699e-05 1.21248e-05 1.47481e-05 1.33818e-05 1.94023e-05 1.06088e-05 9.80677e-06 1.96218e-05 1.08645e-05
threshold=-0.050161956975202614 -0.013109586457152869 -0.014744358271977483 -0.017899142657214113 -0.016018514911379168 -0.020198907872569026 -0.022578175613438552 -0.027323983957631862 -0.011860397195859339 -0.011431649397759874 -0.011055501685961366 -0.013893522920339211 -0.01241668460002244 -0.0092284920864327252 -0.00957397570292093 -0.010110776558653363 -0.010382870609192218 -0.0089603765977270908 -0.008675775959136196 -0.006990260617628352 -0.0073243711975200807 -0.0077712965683273986 -0.006647014231557548 -0.0068077683775005999 -0.0064153301772330871 -0.0061589658740905584 -0.0079879316931693069 -0.0058656100349734073 -0.0057059410177613791 -0.0059894136610153222
decision_type=2 2 2 2 2 2 2 2 2 2 2 2 2 2 2 2 2 2 2 2 2 2 2 2 2 2 2 2 2 2
left_child=-1 2 3 5 -5 6 7 -2 12 -10 -11 -4 -3 14 15 16 -12 -15 -19 20 21 26 23 -21 -24 -26 -20 29 -29 -27
right_child=1 8 11 4 -6 -7 -8 -9 9 10 13 -13 -14 17 -16 -17 -18 18 19 22 -22 -23 24 -25 25 27 -28 28 -30 -31
leaf_value=1.8471349176252264e-05 2.8612447042380359e-06 6.9143472956056942e-07 -4.3592857885717724e-05 3.1219077330509509e-05 -7.5953032743806648e-06 -3.0189643075573259e-05 1.770803934656821e-05 -3.665926439377169e-05 -3.3535989738690361e-05 3.3341220356912044e-05 4.3834950095818689e-06 -1.3331444642972201e-05 3.0234279377812831e-05 2.7877914953933216e-05 -4.3741838817368267e-05 1.4412258618297833e-05 -4.3260598977212795e-05 -2.8333599645217573e-05 1.2185922565145627e-06 2.7500202122610064e-06 3.5865779924885528e-05 -2.5488772917015015e-05 3.7529666830475135e-05 -5.2680337466881612e-05 -3.1533059942982318e-05 -8.8894400202358757e-07 3.9604150515515357e-05 -4.4910950722017634e-05 4.0703963048316925e-07 4.6686610100247591e-05
leaf_weight=24 72 24 24 24 24 24 24 24 24 24 48 24 24 24 24 48 24 24 72 24 48 48 24 24 48 24 24 24 5017 24
leaf_count=24 72 24 24 24 24 24 24 24 24 24 48 24 24 24 24 48 24 24 72 24 48 48 24 24 48 24 24 24 5017 24
internal_value=5.85835e-13 -7.47696e-08 -7.38577e-06 -2.11667e-06 1.18119e-05 -6.75952e-06 -2.0735e-06 -7.01888e-06 2.33657e-07 1.0407e-07 2.47805e-07 -2.84622e-05 1.54629e-05 1.05799e-07 -8.23516e-06 -1.13382e-06 -1.14979e-05 3.26224e-07 2.04336e-07 3.31148e-07 8.00174e-06 -1.28627e-06 4.84155e-08 -2.49652e-05 2.81055e-07 1.0703e-07 1.0815e-05 4.05463e-07 1.91282e-07 2.28988e-05
internal_weight=5953 5929 240 192 48 144 120 96 5689 5641 5617 48 48 5593 144 120 72 5449 5425 5401 192 144 5209 48 5161 5137 96 5089 5041 48
internal_count=5953 5929 240 192 48 144 120 96 5689 5641 5617 48 48 5593 144 120 72 5449 5425 5401 192 144 5209 48 5161 5137 96 5089 5041 48
is_linear=0
shrinkage=0.05


Tree=131
num_leaves=31
num_cat=0
split_feature=0 0 0 0 0 0 0 0 0 0 0 0 0 0 0 0 0 0 0 0 0 0 0 0 0 0 0 0 0 0
split_gain=3.08328e-06 4.19462e-06 1.40137e-05 2.06794e-05 4.64061e-06 1.10629e-05 5.37039e-06 4.15764e-06 1.10092e-05 1.52547e-05 4.54584e-06 7.56926e-06 3.58765e-06 3.42141e-06 2.78199e-05 2.50654e-05 1.52243e-05 1.84027e-05 3.60531e-06 1.05423e-05 1.06949e-05 9.60501e-06 1.28562e-05 1.13552e-05 1.34953e-05 2.41936e-05 1.28431e-05 1.60162e-05 3.03611e-05 5.39068e-05
threshold=0.046204879040816556 0.012434112528229091 0.011369417766440045 0.010903837729938103 0.014341752624165545 0.013471226725432842 0.015298453853237368 0.016328996554610096 0.017652897609846101 0.019601077130010799 0.023554004996251227 0.030803742181755533 0.011890504689669283 0.0091487169768551205 0.0094889458289314239 0.0088840703875546299 0.0097591273249414082 0.010147383968335201 0.0086018910567939606 0.0083253114794032794 0.007776959479531248 0.0076473147461918961 0.0075114621539750922 0.00704907535732962 0.0072762817437040887 0.0073770644335394682 0.0066840215762294227 0.006306648111289598 0.0062371401705527711 0.0061281797422286129
decision_type=2 2 2 2 2 2 2 2 2 2 2 2 2 2 2 2 2 2 2 2 2 2 2 2 2 2 2 2 2 2
left_child=1 2 3 13 5 -3 -6 -8 -9 -10 -11 -12 -4 15 -15 18 -16 -18 19 20 21 22 23 26 -25 -26 27 28 29 -1
right_child=-2 4 12 -5 6 -7 7 8 9 10 11 -13 -14 14 16 -17 17 -19 -20 -21 -22 -23 -24 24 25 -27 -28 -29 -30 -31
leaf_value=7.7139519111490464e-08 -1.8271393365348163e-05 3.2714315001731336e-06 -4.1658715243734743e-05 4.7328290732010554e-05 -2.03769337689585e-05 4.5741850550731891e-05 2.5133316692359665e-05 -2.9406963696364194e-05 4.4908553726323275e-05 -1.9868466441276605e-05 2.9218994946542967e-05 -5.9110266548763642e-06 -1.3731592606864465e-05 -5.8153609532619958e-05 3.8469748687930405e-05 5.210365128258001e-05 -4.5743938434221173e-05 5.8996968500255413e-06 1.9551015398262638e-05 -2.4121633356591465e-05 1.9475168285324524e-05 -3.2578519684371395e-05 3.7103556346467133e-05 -3.6921750743994892e-05 3.7639343898500439e-05 -3.4882982878986258e-05 2.1376893615208408e-05 -2.4265875624179893e-05 5.7303334545830027e-05 -7.664613309790856e-05
leaf_weight=4987 23 46 23 23 23 23 23 23 23 23 23 46 23 23 23 23 23 69 23 46 69 23 23 46 23 23 69 69 23 23
leaf_count=4987 23 46 23 23 23 23 23 23 23 23 23 46 23 23 23 23 23 69 23 46 69 23 23 46 23 23 69 69 23 23
internal_value=-1.58392e-13 7.0867e-08 -2.09864e-07 1.46655e-08 6.37011e-06 1.74282e-05 2.22331e-06 5.45191e-06 2.17168e-06 8.48741e-06 -6.17881e-07 5.79898e-06 -2.76952e-05 -1.79381e-07 -7.95478e-06 1.67808e-08 2.08498e-06 -7.01121e-06 -2.03156e-07 -2.86922e-07 -8.30552e-08 -3.3725e-07 -1.96964e-07 -3.59972e-07 -1.77718e-05 1.37818e-06 -5.01894e-08 -3.39972e-07 -1.1959e-08 -2.75083e-07
internal_weight=5953 5930 5677 5631 253 69 184 161 138 115 92 69 46 5608 138 5470 115 92 5447 5424 5378 5309 5286 5263 92 46 5171 5102 5033 5010
internal_count=5953 5930 5677 5631 253 69 184 161 138 115 92 69 46 5608 138 5470 115 92 5447 5424 5378 5309 5286 5263 92 46 5171 5102 5033 5010
is_linear=0
shrinkage=0.05


Tree=132
num_leaves=31
num_cat=0
split_feature=0 0 0 0 0 0 0 0 0 0 0 0 0 0 0 0 0 0 0 0 0 0 0 0 0 0 0 0 0 0
split_gain=2.96673e-06 4.83171e-06 9.62168e-06 4.48229e-06 6.5264e-06 5.70754e-06 4.23789e-06 1.0149e-05 4.0508e-06 9.84905e-06 9.52683e-06 3.96704e-06 3.78088e-06 3.71603e-06 1.31075e-05 6.97974e-06 1.31113e-05 6.60377e-06 7.08965e-06 4.25191e-06 4.22357e-06 1.79381e-05 1.52251e-05 1.09467e-05 1.33102e-05 1.20741e-05 1.75158e-05 9.79953e-06 1.2955e-05 8.84688e-06
threshold=-0.050161956975202614 -0.013109586457152869 -0.014744358271977483 -0.017899142657214113 -0.016018514911379168 -0.020198907872569026 -0.022578175613438552 -0.027323983957631862 -0.011860397195859339 -0.011431649397759874 -0.011055501685961366 -0.013893522920339211 -0.01241668460002244 -0.0092284920864327252 -0.00957397570292093 -0.010110776558653363 -0.010382870609192218 -0.0089603765977270908 -0.008675775959136196 -0.010755843220688821 -0.006990260617628352 -0.0073243711975200807 -0.0077712965683273986 -0.006647014231557548 -0.0068077683775005999 -0.0064153301772330871 -0.0061589658740905584 -0.0082134807213181931 -0.0084348269931123019 -0.0058656100349734073
decision_type=2 2 2 2 2 2 2 2 2 2 2 2 2 2 2 2 2 2 2 2 2 2 2 2 2 2 2 2 2 2
left_child=-1 2 3 5 -5 6 7 -2 12 -10 -11 -4 -3 14 15 16 19 -15 -19 -12 21 22 27 24 -22 -25 -27 28 -20 -28
right_child=1 8 11 4 -6 -7 -8 -9 9 10 13 -13 -14 17 -16 -17 -18 18 20 -21 23 -23 -24 25 -26 26 29 -29 -30 -31
leaf_value=1.7543913903258122e-05 2.7143220601525781e-06 6.5301864348536291e-07 -4.1417065707112975e-05 2.9654276780396079e-05 -7.2193787976478539e-06 -2.8684022254310548e-05 1.6818816432836078e-05 -3.4830150252673778e-05 -3.1863044447770032e-05 3.1670307604751241e-05 -1.0720851302418549e-05 -1.2668723320530263e-05 2.8718704925267957e-05 2.6480150116488705e-05 -4.155860636577321e-05 1.3687785940419418e-05 -4.1101456129884661e-05 -2.692078220813225e-05 2.0271274115657435e-05 1.9041775036991263e-05 2.6086519937962295e-06 3.4068632824831484e-05 -2.4218190810643139e-05 3.5649326552326484e-05 -5.0050164600179417e-05 -2.9960274029387321e-05 2.1750040347493874e-05 2.6245233978746304e-05 -3.1680249473235264e-05 1.8241572887031579e-07
leaf_weight=24 72 24 24 24 24 24 24 24 24 24 24 24 24 24 24 48 24 24 24 24 24 48 48 24 24 48 48 48 24 5041
leaf_count=24 72 24 24 24 24 24 24 24 24 24 24 24 24 24 24 48 24 24 24 24 24 48 48 24 24 48 48 48 24 5041
internal_value=1.92093e-13 -7.10158e-08 -7.02033e-06 -2.01469e-06 1.12174e-05 -6.4254e-06 -1.97367e-06 -6.6718e-06 2.22153e-07 9.9079e-08 2.35645e-07 -2.70429e-05 1.46859e-05 1.00756e-07 -7.82726e-06 -1.08099e-06 -1.09268e-05 3.10269e-07 1.94494e-07 4.16046e-06 3.14984e-07 7.5978e-06 -1.22581e-06 4.65452e-08 -2.37208e-05 2.67594e-07 1.02291e-07 1.02704e-05 -5.70449e-06 3.85844e-07
internal_weight=5953 5929 240 192 48 144 120 96 5689 5641 5617 48 48 5593 144 120 72 5449 5425 48 5401 192 144 5209 48 5161 5137 96 48 5089
internal_count=5953 5929 240 192 48 144 120 96 5689 5641 5617 48 48 5593 144 120 72 5449 5425 48 5401 192 144 5209 48 5161 5137 96 48 5089
is_linear=0
shrinkage=0.05


Tree=133
num_leaves=31
num_cat=0
split_feature=0 0 0 0 0 0 0 0 0 0 0 0 0 0 0 0 0 0 0 0 0 0 0 0 0 0 0 0 0 0
split_gain=2.90486e-06 3.15071e-05 4.49363e-05 3.08708e-05 2.32841e-05 1.65617e-05 1.44099e-05 4.5199e-05 3.33384e-05 4.44414e-05 4.99572e-05 2.06038e-05 1.97054e-05 4.66887e-05 1.85366e-05 1.80315e-05 1.73052e-05 1.33186e-05 3.60537e-05 3.10877e-05 4.94488e-05 2.65387e-05 3.2778e-05 1.32629e-05 1.30729e-05 3.89837e-05 2.71563e-05 2.28326e-05 1.74788e-05 4.39452e-05
threshold=0.0041256724018377258 0.0038758061320144379 0.0037412106850754057 0.0041687330421885114 0.0039398756813141108 0.0038241186501719606 0.0043200374974826546 0.0046150052830187761 0.004936100157888609 0.0048642353772912509 0.0047799479694173282 0.0046995108834841795 0.0050197732439822614 0.0050882883699477155 0.0045367673985707386 0.0042326956438449156 0.0043954046348243592 0.0057200525588598896 0.0058931692408885454 0.0061281797422286129 0.0062371401705527711 0.006306648111289598 0.0064136317100189338 0.0054712042589986883 0.0034930435118120475 0.0033884638574101299 0.003337919246072307 0.0036187552532875268 0.0032910703023802911 0.0032518789206043338
decision_type=2 2 2 2 2 2 2 2 2 2 2 2 2 2 2 2 2 2 2 2 2 2 2 2 2 2 2 2 2 2
left_child=1 2 24 -2 -3 -4 15 14 9 10 11 -9 -10 -14 16 -5 -8 23 -19 -20 -21 -22 -23 -15 25 26 28 -26 29 -1
right_child=3 4 5 6 -6 -7 7 8 12 -11 -12 -13 13 17 -16 -17 -18 18 19 20 21 22 -24 -25 27 -27 -28 -29 -30 -31
leaf_value=-2.2005659142293241e-07 5.9349616007555441e-05 -7.3179335247360822e-05 7.9115371424806022e-05 4.7326047143028322e-06 -1.5088820686471901e-05 1.9112257237081749e-05 5.824493305028781e-05 -6.0382113271929407e-06 4.7528502371911286e-05 -8.9672158229286259e-05 5.0749490765156227e-05 -7.2964240414718083e-05 -6.976262647106563e-05 4.1573397205589258e-06 7.4664224888218333e-05 -5.787635306521976e-05 5.1271411512457042e-06 -4.3310032924637203e-05 3.4351865474161681e-05 -7.2822939103428757e-05 5.4429065051448085e-05 -5.8885571639700144e-05 1.5642769635699066e-06 3.1885682213781537e-05 -4.4123000656248267e-05 4.5614910643211182e-05 -5.4848929120571883e-05 5.6947014578010725e-06 4.309853513563133e-05 -6.9529672011571083e-05
leaf_weight=4044 23 23 23 23 69 23 23 23 23 23 23 23 23 115 23 23 46 46 69 23 23 23 897 69 46 46 23 46 23 23
leaf_count=4044 23 23 23 23 69 23 23 23 23 23 23 23 23 115 23 23 46 46 69 23 23 23 897 69 46 46 23 46 23 23
internal_value=-1.86744e-14 -6.59327e-07 -3.94533e-08 1.85025e-06 -2.96114e-05 4.91138e-05 9.92046e-07 1.84017e-06 -3.86108e-07 -2.94813e-05 -9.41765e-06 -3.95012e-05 1.65566e-06 8.365e-07 3.57909e-05 -2.65719e-05 2.28331e-05 2.12012e-06 3.46567e-09 1.92851e-06 -3.87444e-07 1.37928e-06 5.30307e-08 1.45555e-05 -5.7134e-07 -1.58948e-07 -6.70885e-07 -1.92141e-05 -3.66216e-07 -6.12021e-07
internal_weight=5953 4389 4297 1564 92 46 1541 1495 1403 92 69 46 1311 1288 92 46 69 1265 1081 1035 966 943 920 184 4251 4159 4113 92 4090 4067
internal_count=5953 4389 4297 1564 92 46 1541 1495 1403 92 69 46 1311 1288 92 46 69 1265 1081 1035 966 943 920 184 4251 4159 4113 92 4090 4067
is_linear=0
shrinkage=0.05


Tree=134
num_leaves=31
num_cat=0
split_feature=0 0 0 0 0 0 0 0 0 0 0 0 0 0 0 0 0 0 0 0 0 0 0 0 0 0 0 0 0 0
split_gain=2.84357e-06 4.07492e-05 2.16465e-05 2.13023e-05 2.46979e-05 3.20231e-05 2.80929e-05 2.01867e-05 1.66649e-05 1.46105e-05 4.94169e-05 3.85296e-05 3.01534e-05 2.68221e-05 2.06956e-05 7.63188e-05 2.86951e-05 2.57646e-05 2.31277e-05 2.06598e-05 2.95144e-05 3.33914e-05 1.98849e-05 1.52425e-05 1.49651e-05 6.75307e-05 6.66878e-05 3.82242e-05 3.72446e-05 3.11342e-05
threshold=-0.0020429331696519876 -0.0021678216366010977 -0.0018282214218971707 -0.0022266102823411036 -0.0023734529641045278 -0.0024846611764242489 -0.0023106087784343717 -0.0021144916596704116 -0.0024359535633138112 -0.0014914617810069927 -0.0016134251911044878 -0.0012569284385753766 -0.001692823340305926 -0.0015545041955692732 -0.00084515841527540503 -0.00090423889314186366 -0.00065709973606036377 -0.00072027814341748045 -0.00078847701253034069 -0.0011710593048478927 -0.00097511174216158541 -0.0010293214599905137 -0.0010768045238734303 -0.0014089766874591928 -0.00035314206361493247 -0.00031255517857436922 -0.00047080791346445079 -0.00022876870682006855 -0.0005124692770228505 0.0002435901031547042
decision_type=2 2 2 2 2 2 2 2 2 2 2 2 2 2 2 2 2 2 2 2 2 2 2 2 2 2 2 2 2 2
left_child=1 3 -2 4 5 -1 -6 -3 -7 10 12 23 -4 -12 15 19 17 18 -16 -13 21 22 -21 -11 26 -26 28 -27 -18 -29
right_child=2 7 9 -5 6 8 -8 -9 -10 11 13 14 -14 -15 16 -17 24 -19 -20 20 -22 -23 -24 -25 25 27 -28 29 -30 -31
leaf_value=-1.2186542914075478e-06 2.8504396792361179e-05 -8.1218478305305811e-05 -1.3915789326268209e-05 4.7370383602000129e-05 -7.6294382376110428e-05 7.1155732629172829e-05 1.8539168472077858e-06 -1.4973446124476261e-05 1.0966035314714131e-05 4.5743268539967099e-06 -9.5628009338448146e-05 -4.4656728404452627e-05 5.6200612554043212e-05 -1.9267671128476571e-05 4.6611211569044197e-05 -0.00010204435309926498 -9.7259580575550704e-06 7.5970985135822764e-05 -2.4295545059114536e-05 3.2954301518064155e-05 -4.0726862220174594e-05 7.3865433470295423e-05 -3.2793662229897055e-05 5.4425928645128889e-05 8.6244202026611446e-05 -6.3958484932537322e-05 -6.5091226956017474e-05 2.0499187593622027e-05 6.3743566051530453e-05 -4.2623270036704037e-07
leaf_weight=1697 69 23 46 23 23 23 23 23 23 23 23 23 23 23 23 23 69 23 23 23 23 23 23 46 23 23 46 188 23 3263
leaf_count=1697 69 23 46 23 23 23 23 23 23 23 23 23 23 23 23 23 69 23 23 23 23 23 23 46 23 23 46 188 23 3263
internal_value=-5.3497e-13 -1.62233e-06 7.36088e-07 -4.42532e-07 -1.05723e-06 -1.02843e-07 -3.72202e-05 -4.8096e-05 4.10609e-05 2.60178e-07 -1.73053e-05 7.76678e-07 9.45634e-06 -5.74478e-05 1.11605e-07 -1.89003e-05 8.19932e-07 3.27622e-05 1.11578e-05 -2.2715e-06 8.3248e-06 2.46754e-05 8.03196e-08 3.78087e-05 2.136e-07 8.50907e-07 -1.59361e-05 2.85551e-07 8.64142e-06 7.13721e-07
internal_weight=5953 1858 4095 1812 1789 1743 46 46 46 4026 115 3911 69 46 3842 138 3704 69 46 115 92 69 46 69 3635 3497 138 3474 92 3451
internal_count=5953 1858 4095 1812 1789 1743 46 46 46 4026 115 3911 69 46 3842 138 3704 69 46 115 92 69 46 69 3635 3497 138 3474 92 3451
is_linear=0
shrinkage=0.05


Tree=135
num_leaves=31
num_cat=0
split_feature=0 0 0 0 0 0 0 0 0 0 0 0 0 0 0 0 0 0 0 0 0 0 0 0 0 0 0 0 0 0
split_gain=2.87621e-06 2.61029e-05 2.31096e-05 1.19652e-05 1.08366e-05 2.2116e-05 1.48595e-05 1.62633e-05 1.62573e-05 1.2908e-05 1.36072e-05 1.22639e-05 5.0402e-05 1.40693e-05 1.07351e-05 3.54516e-05 3.22302e-05 2.51208e-05 1.46715e-05 2.60379e-05 3.45226e-05 1.20276e-05 3.20721e-05 2.3453e-05 4.52168e-05 1.5653e-05 1.49469e-05 1.14513e-05 1.02873e-05 1.00489e-05
threshold=0.0021205127434794188 0.0022534084520796855 0.0021827998122470314 0.001866093451278965 0.0025105642701259119 0.0027107652337801562 0.0026154520048600363 0.0026553461289055592 0.0025468797556308293 0.002455247004665716 0.0023971661132836867 0.0029278205419772194 0.0028840650084086725 0.0027667136535893954 0.0032080433903018475 0.0030829115671654477 0.0032910703023802911 0.0030327807007904969 0.003337919246072307 0.0033884638574101299 0.0034460593410293168 0.0036187552532875268 0.003540546764762276 0.0038758061320144379 0.0039398756813141108 0.0037412106850754057 0.0038241186501719606 0.0032518789206043338 0.0028287714882308779 0.0014859408838954712
decision_type=2 2 2 2 2 2 2 2 2 2 2 2 2 2 2 2 2 2 2 2 2 2 2 2 2 2 2 2 2 2
left_child=3 2 -2 29 9 6 8 -8 -6 10 -3 12 13 -7 15 17 27 -13 -18 -20 -21 22 -22 25 -25 -23 -27 -16 -15 -1
right_child=1 4 -4 -5 5 11 7 -9 -10 -11 -12 14 -14 28 16 -17 18 -19 19 20 21 23 -24 24 -26 26 -28 -29 -30 -31
leaf_value=-9.7407744618697135e-07 3.1453699799991834e-06 -1.671328350817526e-05 7.2532002244921997e-05 -1.642258574065636e-05 3.5013836437112489e-05 -2.8074199682400243e-05 7.5208376011173453e-05 1.5748271629411688e-05 -2.4435292289126664e-05 -4.6841842807528643e-05 2.6759547472465785e-05 1.4656963084353661e-05 -8.1611473148729169e-05 4.3465786257002042e-05 -1.6137825000244093e-05 4.9991600320461896e-05 4.0964923581391896e-05 -4.9341365545684394e-05 -5.2085181042734217e-05 6.2319186627459916e-05 4.3045254444776855e-06 5.4312849976628538e-06 -6.8008353288029829e-05 -6.9499048328472551e-05 1.0990969990893721e-06 7.518090569647029e-05 1.8177954497451024e-05 -6.6031887621173399e-05 -3.8245832041391856e-06 1.1565033187686088e-05
leaf_weight=3266 24 72 24 120 23 23 23 23 23 24 24 46 23 23 23 46 23 23 23 23 46 46 23 23 1633 23 23 23 23 168
leaf_count=3266 24 72 24 120 23 23 23 23 23 24 24 46 23 23 23 46 23 23 23 23 46 46 23 23 1633 23 23 23 23 168
internal_value=1.85309e-13 1.33769e-06 3.78387e-05 -9.02961e-07 5.92457e-07 1.37974e-06 2.53838e-05 4.54783e-05 5.28927e-06 -1.40444e-05 -5.84508e-06 3.47306e-07 -1.75111e-05 3.85567e-06 1.14993e-06 1.59912e-05 2.66526e-07 -6.67581e-06 1.2751e-06 7.85098e-07 1.44598e-06 6.7543e-07 -1.97998e-05 1.48366e-06 1.18567e-07 2.60554e-05 4.66794e-05 -4.10849e-05 1.98206e-05 -3.60632e-07
internal_weight=5953 2399 48 3554 2351 2231 92 46 46 120 96 2139 92 69 2047 115 1932 69 1886 1863 1840 1817 69 1748 1656 92 46 46 46 3434
internal_count=5953 2399 48 3554 2351 2231 92 46 46 120 96 2139 92 69 2047 115 1932 69 1886 1863 1840 1817 69 1748 1656 92 46 46 46 3434
is_linear=0
shrinkage=0.05


Tree=136
num_leaves=31
num_cat=0
split_feature=0 0 0 0 0 0 0 0 0 0 0 0 0 0 0 0 0 0 0 0 0 0 0 0 0 0 0 0 0 0
split_gain=2.82717e-06 5.12517e-06 1.28976e-05 6.09509e-06 1.16446e-05 5.77546e-06 5.59232e-06 8.59852e-06 4.99315e-06 1.85571e-05 9.59956e-06 4.67909e-06 3.19612e-06 2.51075e-05 2.25013e-05 1.37399e-05 1.66085e-05 3.20811e-06 9.62636e-06 9.5135e-06 8.74547e-06 1.15136e-05 1.04183e-05 1.21795e-05 2.18348e-05 1.19101e-05 5.91136e-06 5.62715e-06 4.56725e-06 3.95951e-05
threshold=0.037925976458710924 0.013471226725432842 0.014341752624165545 0.017652897609846101 0.019601077130010799 0.023554004996251227 0.016328996554610096 0.015298453853237368 0.011369417766440045 0.010903837729938103 0.011890504689669283 0.030803742181755533 0.0091487169768551205 0.0094889458289314239 0.0088840703875546299 0.0097591273249414082 0.010147383968335201 0.0086018910567939606 0.0083253114794032794 0.007776959479531248 0.0076473147461918961 0.0075114621539750922 0.00704907535732962 0.0072762817437040887 0.0073770644335394682 0.0069396422535360483 0.007186664679583738 0.0080992043414310679 0.0061281797422286129 0.0062371401705527711
decision_type=2 2 2 2 2 2 2 2 2 2 2 2 2 2 2 2 2 2 2 2 2 2 2 2 2 2 2 2 2 2
left_child=1 8 -3 6 -5 -6 7 -4 9 12 -10 -7 14 -14 17 -15 -17 18 19 20 21 22 25 26 -25 28 -24 -21 -1 -30
right_child=-2 2 3 4 5 11 -8 -9 10 -11 -12 -13 13 15 -16 16 -18 -19 -20 27 -22 -23 23 24 -26 -27 -28 -29 29 -31
leaf_value=7.7812771075857372e-08 -1.2347612241485522e-05 4.333378645874884e-05 -1.947907452552539e-05 4.2542152147254221e-05 -1.8996011804910784e-05 2.7637051939761838e-05 -2.8057584447948184e-05 2.375568210086583e-05 -3.9696750615763922e-05 4.4840895229160948e-05 -2.3974099916075289e-06 -4.2564174889222439e-06 -5.5366906314663107e-05 3.6425285962531748e-05 4.9377485866779865e-05 -4.3577722111797854e-05 5.4837381775133261e-06 1.8452492583057157e-05 -2.303652623106206e-05 2.8477015597593931e-05 -3.1070573162572185e-05 3.5127394506201637e-05 -1.7272642277100164e-05 3.5636389562252752e-05 -3.3259806988770954e-05 3.5870650809437903e-05 -5.3120628960997514e-05 -1.8127405580700094e-06 -6.9215438389105461e-05 1.6443843365329709e-06
leaf_weight=4987 46 23 23 23 23 23 23 23 23 23 69 23 23 23 23 23 69 23 46 46 23 23 23 23 23 23 23 23 23 138
leaf_count=4987 46 23 23 23 23 23 23 23 23 23 69 23 23 23 23 23 69 23 46 46 23 23 23 23 23 23 23 23 23 138
internal_value=-5.67893e-13 9.61549e-08 8.30995e-06 3.30654e-06 1.17317e-05 1.46154e-06 -7.92699e-06 2.1383e-06 -1.67927e-07 2.08494e-08 -1.17222e-05 1.16903e-05 -1.6297e-07 -7.67802e-06 2.66233e-08 1.85976e-06 -6.78163e-06 -1.81761e-07 -2.60778e-07 -6.59688e-08 -3.05713e-07 -1.71851e-07 -3.26114e-07 -1.70042e-05 1.18829e-06 -2.93856e-08 -3.51966e-05 1.83804e-05 -1.89778e-07 -8.47845e-06
internal_weight=5953 5907 184 161 92 69 69 46 5723 5631 92 46 5608 138 5470 115 92 5447 5424 5378 5309 5286 5263 92 46 5171 46 69 5148 161
internal_count=5953 5907 184 161 92 69 69 46 5723 5631 92 46 5608 138 5470 115 92 5447 5424 5378 5309 5286 5263 92 46 5171 46 69 5148 161
is_linear=0
shrinkage=0.05


Tree=137
num_leaves=31
num_cat=0
split_feature=0 0 0 0 0 0 0 0 0 0 0 0 0 0 0 0 0 0 0 0 0 0 0 0 0 0 0 0 0 0
split_gain=2.71512e-06 4.20714e-06 8.68357e-06 4.04527e-06 5.89008e-06 5.15106e-06 3.8247e-06 9.15951e-06 3.72114e-06 8.81677e-06 8.66935e-06 3.58026e-06 3.41224e-06 3.24397e-06 1.18295e-05 6.29921e-06 1.18329e-05 6.02121e-06 6.33492e-06 3.95488e-06 1.61891e-05 1.37407e-05 9.76294e-06 1.20124e-05 1.09843e-05 1.56586e-05 9.0234e-06 8.29553e-06 8.09212e-06 1.75987e-05
threshold=-0.050161956975202614 -0.013109586457152869 -0.014744358271977483 -0.017899142657214113 -0.016018514911379168 -0.020198907872569026 -0.022578175613438552 -0.027323983957631862 -0.011860397195859339 -0.011431649397759874 -0.011055501685961366 -0.013893522920339211 -0.01241668460002244 -0.0092284920864327252 -0.00957397570292093 -0.010110776558653363 -0.010382870609192218 -0.0089603765977270908 -0.008675775959136196 -0.006990260617628352 -0.0073243711975200807 -0.0077712965683273986 -0.006647014231557548 -0.0068077683775005999 -0.0064153301772330871 -0.0061589658740905584 -0.0079879316931693069 -0.0071028240303755595 -0.0058656100349734073 -0.0057059410177613791
decision_type=2 2 2 2 2 2 2 2 2 2 2 2 2 2 2 2 2 2 2 2 2 2 2 2 2 2 2 2 2 2
left_child=-1 2 3 5 -5 6 7 -2 12 -10 -11 -4 -3 14 15 16 -12 -15 -19 20 21 26 23 -21 -24 -26 -20 -22 -27 -30
right_child=1 8 11 4 -6 -7 -8 -9 9 10 13 -13 -14 17 -16 -17 -18 18 19 22 27 -23 24 -25 25 28 -28 -29 29 -31
leaf_value=1.6783454096488034e-05 2.6953645930108101e-06 7.3711704923577301e-07 -3.9229475563236821e-05 2.8288317844271662e-05 -6.7416639164245382e-06 -2.7133079371803132e-05 1.6094624425022629e-05 -3.297191578894854e-05 -3.0153138868627139e-05 3.0203516871551983e-05 4.069177672742323e-06 -1.1918541592118953e-05 2.7399512085442741e-05 2.5272894011626097e-05 -3.936393010614363e-05 1.31201429515689e-05 -3.8929626195264674e-05 -2.5457976395652322e-05 1.0232840900749176e-06 2.5949782866518947e-06 5.3267977394474054e-05 -2.2890539579141966e-05 3.3983590158944327e-05 -4.7430908460910365e-05 -2.8345497230475303e-05 2.0779282931471246e-05 3.6424562495085411e-05 1.1695915236487054e-05 -4.2561630107229578e-05 3.5650454892596528e-07
leaf_weight=24 72 24 24 24 24 24 24 24 24 24 48 24 24 24 24 48 24 24 72 24 24 48 24 24 48 48 24 24 24 5017
leaf_count=24 72 24 24 24 24 24 24 24 24 24 48 24 24 24 24 48 24 24 72 24 24 48 24 24 48 48 24 24 24 5017
internal_value=-1.68471e-13 -6.79379e-08 -6.55256e-06 -1.7972e-06 1.07733e-05 -5.98738e-06 -1.75824e-06 -6.22146e-06 2.05627e-07 8.76675e-08 2.16879e-07 -2.5574e-05 1.40683e-05 8.82037e-08 -7.31915e-06 -9.10197e-07 -1.02638e-05 2.83957e-07 1.73407e-07 2.87303e-07 7.33465e-06 -1.04778e-06 2.75427e-08 -2.2418e-05 2.36298e-07 7.86307e-08 9.8736e-06 3.24819e-05 3.4673e-07 1.52173e-07
internal_weight=5953 5929 240 192 48 144 120 96 5689 5641 5617 48 48 5593 144 120 72 5449 5425 5401 192 144 5209 48 5161 5137 96 48 5089 5041
internal_count=5953 5929 240 192 48 144 120 96 5689 5641 5617 48 48 5593 144 120 72 5449 5425 5401 192 144 5209 48 5161 5137 96 48 5089 5041
is_linear=0
shrinkage=0.05


Tree=138
num_leaves=31
num_cat=0
split_feature=0 0 0 0 0 0 0 0 0 0 0 0 0 0 0 0 0 0 0 0 0 0 0 0 0 0 0 0 0 0
split_gain=2.63133e-06 3.34245e-06 1.17911e-05 1.6945e-05 6.9076e-06 2.02906e-05 1.86408e-05 1.66811e-05 9.93708e-06 3.86145e-06 8.88468e-06 4.38799e-06 3.37246e-06 8.99401e-06 1.23863e-05 3.73e-06 6.11538e-06 2.88895e-06 8.70351e-06 8.56661e-06 7.90359e-06 1.03786e-05 9.42647e-06 1.0992e-05 1.97059e-05 1.07359e-05 5.335e-06 5.0785e-06 4.14355e-06 3.92313e-05
threshold=0.046204879040816556 0.012434112528229091 0.011369417766440045 0.010572379022454311 0.0091487169768551205 0.0088840703875546299 0.0094889458289314239 0.0097591273249414082 0.010147383968335201 0.014341752624165545 0.013471226725432842 0.015298453853237368 0.016328996554610096 0.017652897609846101 0.019601077130010799 0.023554004996251227 0.030803742181755533 0.0086018910567939606 0.0083253114794032794 0.007776959479531248 0.0076473147461918961 0.0075114621539750922 0.00704907535732962 0.0072762817437040887 0.0073770644335394682 0.0069396422535360483 0.007186664679583738 0.0080992043414310679 0.0061281797422286129 0.0059638842426135109
decision_type=2 2 2 2 2 2 2 2 2 2 2 2 2 2 2 2 2 2 2 2 2 2 2 2 2 2 2 2 2 2
left_child=1 2 3 4 5 17 -6 -8 -9 10 -3 -11 -13 -14 -15 -16 -17 18 19 20 21 22 25 26 -25 28 -24 -21 29 -1
right_child=-2 9 -4 -5 6 -7 7 8 -10 11 -12 12 13 14 15 16 -18 -19 -20 27 -22 -23 23 24 -26 -27 -28 -29 -30 -31
leaf_value=-3.5051942190658964e-07 -1.6879249343891507e-05 3.0889304901432731e-06 -2.5396843288351945e-05 3.0243347836126897e-05 -5.2616390926034557e-05 4.6890799927970637e-05 3.4586204982706878e-05 -4.1416663494285038e-05 -1.1652541022909726e-06 -1.8522935747371421e-05 4.1149266104659313e-05 2.2550069685245905e-05 -2.6672549353426564e-05 4.0397194781057216e-05 -1.8064013072390757e-05 2.6237341302001607e-05 -5.3391197624201281e-06 1.7512043047210447e-05 -2.1902527139346881e-05 2.7035336888334515e-05 -2.9534869981548782e-05 3.3353204154358855e-05 -1.6426834317035568e-05 3.3836753826345441e-05 -3.1614636416476138e-05 3.4059291191236637e-05 -5.0482420129296582e-05 -1.7399227742672616e-06 -8.0723470565989491e-06 4.6038980203973004e-05
leaf_weight=4941 23 46 46 46 23 23 23 23 46 23 23 23 23 23 23 23 46 23 46 46 23 23 23 23 23 23 23 23 161 46
leaf_count=4941 23 46 46 46 23 23 23 23 46 23 23 23 23 23 23 23 46 23 46 46 23 23 23 23 23 23 23 23 161 46
internal_value=9.29166e-13 6.54685e-08 -1.85128e-07 2.08278e-08 -2.28095e-07 2.68677e-08 -1.23555e-05 -2.29024e-06 -1.45824e-05 5.68855e-06 1.57757e-05 1.90586e-06 4.82426e-06 1.86996e-06 7.57846e-06 -6.26228e-07 5.18637e-06 -1.71016e-07 -2.45999e-07 -6.07629e-08 -2.88263e-07 -1.61008e-07 -3.07469e-07 -1.61718e-05 1.11106e-06 -2.5219e-08 -3.34546e-05 1.74436e-05 -1.775e-07 7.73765e-08
internal_weight=5953 5930 5677 5631 5585 5470 115 92 69 253 69 184 161 138 115 92 69 5447 5424 5378 5309 5286 5263 92 46 5171 46 69 5148 4987
internal_count=5953 5930 5677 5631 5585 5470 115 92 69 253 69 184 161 138 115 92 69 5447 5424 5378 5309 5286 5263 92 46 5171 46 69 5148 4987
is_linear=0
shrinkage=0.05


Tree=139
num_leaves=31
num_cat=0
split_feature=0 0 0 0 0 0 0 0 0 0 0 0 0 0 0 0 0 0 0 0 0 0 0 0 0 0 0 0 0 0
split_gain=2.47741e-06 5.10619e-06 6.83532e-06 4.63793e-06 5.31579e-06 3.72614e-06 4.64009e-06 6.48845e-06 3.36769e-06 7.94689e-06 7.8343e-06 3.23118e-06 3.07955e-06 2.91218e-06 1.06761e-05 5.68503e-06 1.06792e-05 5.44291e-06 5.70823e-06 3.83735e-06 3.58991e-06 1.46106e-05 1.24009e-05 8.79451e-06 1.08412e-05 9.92588e-06 1.41106e-05 8.33583e-06 1.16919e-05 7.48672e-06
threshold=-0.041057583575550255 -0.013109586457152869 -0.014744358271977483 -0.017899142657214113 -0.016018514911379168 -0.020198907872569026 -0.022578175613438552 -0.027323983957631862 -0.011860397195859339 -0.011431649397759874 -0.011055501685961366 -0.013893522920339211 -0.01241668460002244 -0.0092284920864327252 -0.00957397570292093 -0.010110776558653363 -0.010382870609192218 -0.0089603765977270908 -0.008675775959136196 -0.010755843220688821 -0.006990260617628352 -0.0073243711975200807 -0.0077712965683273986 -0.006647014231557548 -0.0068077683775005999 -0.0064153301772330871 -0.0061589658740905584 -0.0082134807213181931 -0.0084348269931123019 -0.0071028240303755595
decision_type=2 2 2 2 2 2 2 2 2 2 2 2 2 2 2 2 2 2 2 2 2 2 2 2 2 2 2 2 2 2
left_child=-1 2 3 5 -5 6 7 -2 12 -10 -11 -4 -3 14 15 16 19 -15 -19 -12 21 22 27 24 -22 -25 -27 28 -20 -23
right_child=1 8 11 4 -6 -7 -8 -9 9 10 13 -13 -14 17 -16 -17 -18 18 20 -21 23 29 -24 25 -26 26 -28 -29 -30 -31
leaf_value=1.131333059068614e-05 5.3476322439867845e-07 7.1777613660136319e-07 -3.7250474512499454e-05 2.6891411627379586e-05 -6.3870487792883072e-06 -2.5758904060542892e-05 1.5307394338985129e-05 -3.1305783704738135e-05 -2.8627952633542009e-05 2.8710880997095956e-05 -1.0254004579716518e-05 -1.1305088992230595e-05 2.6047070847804816e-05 2.4026779417596345e-05 -3.7378199643474848e-05 1.2481654296910469e-05 -3.6965602945808017e-05 -2.4167545780073853e-05 1.9340825141019501e-05 1.8020503921434285e-05 2.4827502177989421e-06 5.0622105482034387e-05 -2.172847064988067e-05 3.2301964529324324e-05 -4.5041847276176368e-05 -2.6910699610501372e-05 3.2641761390340532e-07 2.4131053457191835e-05 -3.0013123250682838e-05 1.1128646535022806e-05
leaf_weight=48 48 24 24 24 24 24 24 24 24 24 24 24 24 24 24 48 24 24 24 24 24 24 48 24 24 48 5089 48 24 24
leaf_count=48 48 24 24 24 24 24 24 24 24 24 24 24 24 24 24 48 24 24 24 24 24 24 48 24 24 48 5089 48 24 24
internal_value=-2.80064e-13 -9.1963e-08 -7.63766e-06 -2.88334e-06 1.02522e-05 -8.13755e-06 -3.73222e-06 -1.00788e-05 1.94532e-07 8.23147e-08 2.04986e-07 -2.42778e-05 1.33824e-05 8.26653e-08 -6.93567e-06 -8.47159e-07 -9.73303e-06 2.68138e-07 1.6303e-07 3.88325e-06 2.71146e-07 6.98545e-06 -9.77855e-07 2.36618e-08 -2.12795e-05 2.21793e-07 7.19147e-08 9.39745e-06 -5.33615e-06 3.08754e-05
internal_weight=5953 5905 216 168 48 120 96 72 5689 5641 5617 48 48 5593 144 120 72 5449 5425 48 5401 192 144 5209 48 5161 5137 96 48 48
internal_count=5953 5905 216 168 48 120 96 72 5689 5641 5617 48 48 5593 144 120 72 5449 5425 48 5401 192 144 5209 48 5161 5137 96 48 48
is_linear=0
shrinkage=0.05


Tree=140
num_leaves=31
num_cat=0
split_feature=0 0 0 0 0 0 0 0 0 0 0 0 0 0 0 0 0 0 0 0 0 0 0 0 0 0 0 0 0 0
split_gain=2.37961e-06 2.99808e-06 1.06567e-05 1.55527e-05 3.48496e-06 8.01842e-06 3.96016e-06 3.04365e-06 8.11709e-06 1.11787e-05 3.36633e-06 5.51916e-06 2.79865e-06 2.70839e-06 2.03526e-05 1.82977e-05 1.128e-05 1.34024e-05 2.60174e-06 7.8686e-06 7.71457e-06 7.14239e-06 9.35589e-06 8.52825e-06 1.0337e-05 1.30504e-05 2.49397e-05 3.92434e-05 3.53746e-05 1.78452e-05
threshold=0.046204879040816556 0.012434112528229091 0.011369417766440045 0.010903837729938103 0.014341752624165545 0.013471226725432842 0.015298453853237368 0.016328996554610096 0.017652897609846101 0.019601077130010799 0.023554004996251227 0.030803742181755533 0.011890504689669283 0.0091487169768551205 0.0094889458289314239 0.0088840703875546299 0.0097591273249414082 0.010147383968335201 0.0086018910567939606 0.0083253114794032794 0.007776959479531248 0.0076473147461918961 0.0075114621539750922 0.00704907535732962 0.0066840215762294227 0.006306648111289598 0.0062371401705527711 0.0061281797422286129 0.0059638842426135109 0.0057200525588598896
decision_type=2 2 2 2 2 2 2 2 2 2 2 2 2 2 2 2 2 2 2 2 2 2 2 2 2 2 2 2 2 2
left_child=1 2 3 13 5 -3 -6 -8 -9 -10 -11 -12 -4 15 -15 18 -16 -18 19 20 21 22 23 24 25 26 27 28 29 -1
right_child=-2 4 12 -5 6 -7 7 8 9 10 11 -13 -14 14 16 -17 17 -19 -20 -21 -22 -23 -24 -25 -26 -27 -28 -29 -30 -31
leaf_value=2.7945993800042106e-08 -1.6051605558933936e-05 2.9181733818562785e-06 -3.6476222347751581e-05 4.105253212164035e-05 -1.76131259649992e-05 3.9075492658530895e-05 2.1406254033892132e-05 -2.5355244693143864e-05 3.8361022977725321e-05 -1.7177145776298383e-05 2.4909183949879981e-05 -5.0885270826731128e-06 -1.1810433384000689e-05 -5.0001894250390654e-05 3.2840572637961365e-05 4.4529929721687482e-05 -3.9362143623926073e-05 4.7101909054301519e-06 1.6620116176731562e-05 -2.0823720589523083e-05 1.6555079491809013e-05 -2.807444123628438e-05 3.1669216095115588e-05 -1.5379514859333816e-05 1.9201688419211744e-05 -2.1878807925479149e-05 5.1961213087096172e-05 -6.5385207610392092e-05 4.3720703502992326e-05 -2.5579132404569805e-05
leaf_weight=4872 23 46 23 23 23 23 23 23 23 23 23 46 23 23 23 23 23 69 23 46 69 23 23 92 69 69 23 23 46 69
leaf_count=4872 23 46 23 23 23 23 23 23 23 23 23 46 23 23 23 23 23 69 23 46 69 23 23 92 69 69 23 23 46 69
internal_value=5.39903e-14 6.22575e-08 -1.75079e-07 2.0719e-08 5.38779e-06 1.49706e-05 1.79424e-06 4.56672e-06 1.76013e-06 7.1832e-06 -6.11254e-07 4.91071e-06 -2.41433e-05 -1.47564e-07 -7.06548e-06 2.69647e-08 1.5218e-06 -6.30789e-06 -1.60949e-07 -2.32108e-07 -5.59805e-08 -2.71871e-07 -1.50899e-07 -2.89957e-07 -2.14906e-08 -2.81467e-07 1.46221e-08 -2.23855e-07 7.66684e-08 -3.29651e-07
internal_weight=5953 5930 5677 5631 253 69 184 161 138 115 92 69 46 5608 138 5470 115 92 5447 5424 5378 5309 5286 5263 5171 5102 5033 5010 4987 4941
internal_count=5953 5930 5677 5631 253 69 184 161 138 115 92 69 46 5608 138 5470 115 92 5447 5424 5378 5309 5286 5263 5171 5102 5033 5010 4987 4941
is_linear=0
shrinkage=0.05


Tree=141
num_leaves=31
num_cat=0
split_feature=0 0 0 0 0 0 0 0 0 0 0 0 0 0 0 0 0 0 0 0 0 0 0 0 0 0 0 0 0 0
split_gain=2.38661e-06 2.35991e-05 2.08564e-05 1.08826e-05 9.73645e-06 2.00169e-05 1.34107e-05 1.46776e-05 1.46722e-05 1.16495e-05 1.22805e-05 1.10237e-05 4.54878e-05 1.26976e-05 9.73744e-06 3.19951e-05 2.9032e-05 2.26715e-05 1.32682e-05 2.34626e-05 3.11993e-05 1.08102e-05 2.89451e-05 2.1242e-05 4.11414e-05 1.49896e-05 3.35522e-05 2.9975e-05 4.01084e-05 4.50863e-05
threshold=0.0021205127434794188 0.0022534084520796855 0.0021827998122470314 0.001866093451278965 0.0025105642701259119 0.0027107652337801562 0.0026154520048600363 0.0026553461289055592 0.0025468797556308293 0.002455247004665716 0.0023971661132836867 0.0029278205419772194 0.0028840650084086725 0.0027667136535893954 0.0032080433903018475 0.0030829115671654477 0.0032910703023802911 0.0030327807007904969 0.003337919246072307 0.0033884638574101299 0.0034460593410293168 0.0036187552532875268 0.003540546764762276 0.0038758061320144379 0.0039859300302273453 0.0046150052830187761 0.0045367673985707386 0.004936100157888609 0.0048642353772912509 0.0047799479694173282
decision_type=2 2 2 2 2 2 2 2 2 2 2 2 2 2 2 2 2 2 2 2 2 2 2 2 2 2 2 2 2 2
left_child=3 2 -2 -1 9 6 8 -8 -6 10 -3 12 13 -7 15 17 -16 -13 -18 -20 -21 22 -22 -23 -25 26 -26 28 29 -27
right_child=1 4 -4 -5 5 11 7 -9 -10 -11 -12 14 -14 -15 16 -17 18 -19 19 20 21 23 -24 24 25 27 -28 -29 -30 -31
leaf_value=-3.0531463399714275e-07 2.9661935210848852e-06 -1.5899528246639723e-05 6.8883496256451823e-05 -1.5623369795321198e-05 3.3241241370611218e-05 -2.6692397129764967e-05 7.1426049575877749e-05 1.4938950437720886e-05 -2.323543706987276e-05 -4.4521654126583604e-05 2.5399670630577023e-05 1.3902206568594051e-05 -7.7552810873147916e-05 1.8807662854669616e-05 -3.9052518343890811e-05 4.7470112179365499e-05 3.8894770778310688e-05 -4.6896195208714549e-05 -4.9502822335141349e-05 5.9181309315254509e-05 4.0673901703089738e-06 2.473068676487816e-05 -6.46298379053959e-05 -4.6577654373559989e-05 6.8220007802744437e-06 -3.7581715830880138e-05 7.0875472358792382e-05 1.461752034820644e-06 -8.5244102545244539e-05 4.8156462213702741e-05
leaf_weight=3434 24 72 24 120 23 23 23 23 23 24 24 46 23 46 46 46 23 23 23 23 46 92 23 46 184 46 23 1311 23 23
leaf_count=3434 24 72 24 120 23 23 23 23 23 24 24 46 23 46 46 46 23 23 23 23 46 92 23 46 184 46 23 1311 23 23
internal_value=-7.07301e-14 1.21853e-06 3.59248e-05 -8.22525e-07 5.09937e-07 1.25619e-06 2.40927e-05 4.31825e-05 5.0029e-06 -1.33641e-05 -5.57473e-06 2.73972e-07 -1.66575e-05 3.64098e-06 1.03494e-06 1.51697e-05 1.93582e-07 -6.36393e-06 1.1508e-06 6.84829e-07 1.31217e-06 5.79654e-07 -1.88317e-05 1.34589e-06 4.67356e-08 1.37886e-06 1.39391e-05 -4.74282e-07 -2.80628e-05 -9.00232e-06
internal_weight=5953 2399 48 3554 2351 2231 92 46 46 120 96 2139 92 69 2047 115 1932 69 1886 1863 1840 1817 69 1748 1656 1610 207 1403 92 69
internal_count=5953 2399 48 3554 2351 2231 92 46 46 120 96 2139 92 69 2047 115 1932 69 1886 1863 1840 1817 69 1748 1656 1610 207 1403 92 69
is_linear=0
shrinkage=0.05


Tree=142
num_leaves=31
num_cat=0
split_feature=0 0 0 0 0 0 0 0 0 0 0 0 0 0 0 0 0 0 0 0 0 0 0 0 0 0 0 0 0 0
split_gain=2.28893e-06 3.41698e-06 7.05368e-06 3.31179e-06 4.79751e-06 4.17855e-06 3.13324e-06 7.42461e-06 3.04638e-06 7.16438e-06 7.07813e-06 2.91614e-06 2.77929e-06 2.61662e-06 9.63521e-06 5.13075e-06 9.638e-06 4.91882e-06 5.14491e-06 3.46321e-06 3.25544e-06 1.31861e-05 1.11918e-05 7.92462e-06 9.7842e-06 8.96751e-06 1.27189e-05 7.67488e-06 7.3308e-06 1.58538e-05
threshold=-0.050161956975202614 -0.013109586457152869 -0.014744358271977483 -0.017899142657214113 -0.016018514911379168 -0.020198907872569026 -0.022578175613438552 -0.027323983957631862 -0.011860397195859339 -0.011431649397759874 -0.011055501685961366 -0.013893522920339211 -0.01241668460002244 -0.0092284920864327252 -0.00957397570292093 -0.010110776558653363 -0.010382870609192218 -0.0089603765977270908 -0.008675775959136196 -0.010755843220688821 -0.006990260617628352 -0.0073243711975200807 -0.0077712965683273986 -0.006647014231557548 -0.0068077683775005999 -0.0064153301772330871 -0.0061589658740905584 -0.0079879316931693069 -0.0058656100349734073 -0.0057059410177613791
decision_type=2 2 2 2 2 2 2 2 2 2 2 2 2 2 2 2 2 2 2 2 2 2 2 2 2 2 2 2 2 2
left_child=-1 2 3 5 -5 6 7 -2 12 -10 -11 -4 -3 14 15 16 19 -15 -19 -12 21 22 27 24 -22 -25 -27 -20 -28 -30
right_child=1 8 11 4 -6 -7 -8 -9 9 10 13 -13 -14 17 -16 -17 -18 18 20 -21 23 -23 -24 25 -26 26 28 -29 29 -31
leaf_value=1.541003463595795e-05 2.3856062903683376e-06 6.9576634966021335e-07 -3.5374073195271198e-05 2.5560717343372138e-05 -6.0538450876871743e-06 -2.4457077233819292e-05 1.4555914776792634e-05 -2.9726630903799862e-05 -2.7182699341210537e-05 2.7289203474841389e-05 -9.7274358267895884e-06 -1.0725960237323307e-05 2.4758578304802845e-05 2.2839300963066005e-05 -3.5495423526299418e-05 1.1871445925256316e-05 -3.5103458018663035e-05 -2.2945322537755908e-05 7.7920049079693854e-07 1.7133336708260079e-05 2.3724815036985092e-06 2.9345482289500069e-05 -2.0628188243184319e-05 3.0700739201468727e-05 -4.277587853304492e-05 -2.5551305589033292e-05 1.9755394047630642e-05 3.3428182844848683e-05 -4.0418478602077815e-05 3.1650197102203552e-07
leaf_weight=24 72 24 24 24 24 24 24 24 24 24 24 24 24 24 24 48 24 24 72 24 24 48 48 24 24 48 48 24 24 5017
leaf_count=24 72 24 24 24 24 24 24 24 24 24 24 24 24 24 24 48 24 24 72 24 24 48 48 24 24 48 48 24 24 5017
internal_value=6.03901e-13 -6.23777e-08 -5.90641e-06 -1.62051e-06 9.75344e-06 -5.41183e-06 -1.60278e-06 -5.64245e-06 1.84163e-07 7.74327e-08 1.93908e-07 -2.305e-05 1.27272e-05 7.76402e-08 -6.57501e-06 -7.90933e-07 -9.23252e-06 2.53449e-07 1.5353e-07 3.70295e-06 2.56173e-07 6.65005e-06 -9.15099e-07 2.0499e-08 -2.02017e-05 2.08576e-07 6.6117e-08 8.94145e-06 3.07743e-07 1.22564e-07
internal_weight=5953 5929 240 192 48 144 120 96 5689 5641 5617 48 48 5593 144 120 72 5449 5425 48 5401 192 144 5209 48 5161 5137 96 5089 5041
internal_count=5953 5929 240 192 48 144 120 96 5689 5641 5617 48 48 5593 144 120 72 5449 5425 48 5401 192 144 5209 48 5161 5137 96 5089 5041
is_linear=0
shrinkage=0.05


Tree=143
num_leaves=31
num_cat=0
split_feature=0 0 0 0 0 0 0 0 0 0 0 0 0 0 0 0 0 0 0 0 0 0 0 0 0 0 0 0 0 0
split_gain=2.17272e-06 2.72349e-06 1.95198e-05 3.0255e-05 2.78373e-05 2.67454e-05 3.34003e-05 4.24084e-05 3.07863e-05 2.74874e-05 1.70383e-05 2.49488e-05 3.45214e-05 1.71646e-05 1.5731e-05 3.0977e-05 2.36122e-05 1.66634e-05 1.34896e-05 1.2384e-05 1.0862e-05 3.00262e-05 1.99985e-05 1.67838e-05 1.28194e-05 3.36599e-05 1.86015e-05 2.22472e-05 1.88441e-05 3.15588e-05
threshold=0.046204879040816556 0.0052305128332245888 0.0046995108834841795 0.0043200374974826546 0.0042326956438449156 0.0047799479694173282 0.0048642353772912509 0.004936100157888609 0.0050197732439822614 0.0050882883699477155 0.0041256724018377258 0.0038758061320144379 0.0037412106850754057 0.0039398756813141108 0.0057200525588598896 0.0058931692408885454 0.0060314024052628137 0.0059638842426135109 0.0038241186501719606 0.0041687330421885114 0.0034930435118120475 0.0033884638574101299 0.003337919246072307 0.0036187552532875268 0.0032910703023802911 0.0032518789206043338 0.0030829115671654477 0.0031414737074156002 0.0028840650084086725 0.0029278205419772194
decision_type=2 2 2 2 2 2 2 2 2 2 2 2 2 2 2 2 2 2 2 2 2 2 2 2 2 2 2 2 2 2
left_child=1 2 3 4 10 -4 -7 -8 -9 -10 11 12 20 -13 -3 -16 17 -17 -14 -12 21 22 24 -22 25 26 28 -28 -1 -30
right_child=-2 14 5 -5 -6 6 7 8 9 -11 19 13 18 -15 15 16 -18 -19 -20 -21 23 -23 -24 -25 -26 -27 27 -29 29 -31
leaf_value=-7.3475262333050177e-08 -1.5337939839810132e-05 1.8068943105568589e-05 -6.7508317854093474e-05 2.544482213283039e-05 -5.5395013797628371e-05 4.573281846166103e-05 -8.099771474245127e-05 4.5007608929628751e-05 -6.6418963488894923e-05 5.2607299395553448e-07 5.5969660119760943e-05 -6.37329441657209e-05 7.0147594543295392e-05 -1.3856864477705697e-05 -4.0008644851774952e-05 6.8500244473714552e-06 2.7775467951229134e-07 6.7036995942939745e-05 1.5994800655196581e-05 4.08349878853187e-06 -3.8826616424636958e-05 4.0070931849502659e-05 -4.7043505069070859e-05 3.8854537231837522e-06 3.6934208069199127e-05 -6.0815389655465913e-05 6.5733006466989937e-05 5.5062622500965679e-06 -7.3690991595630416e-05 -6.0615572231430292e-06
leaf_weight=3883 23 138 23 115 23 23 23 23 23 46 23 23 23 69 46 23 966 23 23 23 46 46 23 46 23 23 23 46 23 69
leaf_count=3883 23 138 23 115 23 23 23 23 23 46 23 23 23 69 46 23 966 23 23 23 46 46 23 46 23 23 23 46 23 69
internal_value=5.79663e-14 5.94895e-08 -4.79099e-07 1.2333e-07 -5.29871e-07 -1.75903e-05 -9.27068e-06 -2.02714e-05 -5.0898e-06 -2.17889e-05 -2.45339e-07 -5.62612e-07 -1.10125e-08 -2.63259e-05 2.19133e-06 1.20335e-07 1.94438e-06 3.69435e-05 4.30712e-05 3.00266e-05 -4.77204e-07 -1.01299e-07 -5.50587e-07 -1.74706e-05 -2.89136e-07 -4.99644e-07 -1.56602e-07 2.55818e-05 -6.03382e-07 -2.29689e-05
internal_weight=5953 5930 4734 4573 4458 161 138 115 92 69 4435 4389 4297 92 1196 1058 1012 46 46 46 4251 4159 4113 92 4090 4067 4044 69 3975 92
internal_count=5953 5930 4734 4573 4458 161 138 115 92 69 4435 4389 4297 92 1196 1058 1012 46 46 46 4251 4159 4113 92 4090 4067 4044 69 3975 92
is_linear=0
shrinkage=0.05


Tree=144
num_leaves=31
num_cat=0
split_feature=0 0 0 0 0 0 0 0 0 0 0 0 0 0 0 0 0 0 0 0 0 0 0 0 0 0 0 0 0 0
split_gain=2.1167e-06 1.75957e-05 1.06183e-05 2.94903e-05 8.93098e-06 4.35453e-05 2.16809e-05 1.44881e-05 4.27208e-05 3.31915e-05 1.41368e-05 1.04488e-05 4.57911e-05 2.37327e-05 4.14632e-05 3.11718e-05 2.94434e-05 4.30471e-05 0.00013766 2.52247e-05 2.92527e-05 6.27331e-05 6.93319e-05 3.39152e-05 2.14658e-05 2.06248e-05 1.91492e-05 2.21681e-05 1.87754e-05 1.76983e-05
threshold=0.0020425917694844495 0.001866093451278965 0.0022534084520796855 0.0021827998122470314 0.0014859408838954712 0.0014422045621178062 0.0015417439956161131 0.0013734960876878326 0.0013032371064385356 0.0012397888526209471 0.001336628976900265 0.0010279278069603649 0.0008859848629561676 0.00062509647156369869 0.00072670769405607709 0.00082615188029494708 0.00051901544814576155 0.00036662862087073848 0.00041126910178810976 -0.000162869263940615 -0.00031255517857436922 -0.00035314206361493247 -0.00047080791346445079 -0.0005124692770228505 0.00047053809498753932 0.00067547072744762228 0.0002435901031547042 0.00013204638075740274 0.00077244483763002725 -5.1690087292619742e-05
decision_type=2 2 2 2 2 2 2 2 2 2 2 2 2 2 2 2 2 2 2 2 2 2 2 2 2 2 2 2 2 2
left_child=1 4 3 -2 5 7 -6 8 9 11 -10 12 13 16 25 28 17 19 -19 20 21 22 23 -1 -20 -15 27 29 -16 -21
right_child=2 -3 -4 -5 6 -7 -8 -9 10 -11 -12 -13 -14 14 15 -17 -18 18 24 26 -22 -23 -24 -25 -26 -27 -28 -29 -30 -31
leaf_value=-4.215655633493205e-07 1.4281478393564208e-06 -2.5250161464403693e-05 4.6298823012487016e-07 6.542716873809695e-05 5.4965643782149226e-05 -6.7954774325092645e-05 3.6350468387051174e-06 3.8347710085654783e-05 -7.4596963531803351e-05 5.8640924604939454e-05 -2.0327499108437529e-05 -1.6624900005505576e-05 3.9529214210334536e-05 -2.582860770038072e-05 -6.6180758646320711e-06 -4.5136556036595724e-05 3.8920099844593402e-05 -0.00013650951004819944 4.3587825742482286e-05 3.7461354551614141e-05 -4.0471030255819483e-05 8.1961904905493497e-05 -6.1806751435379629e-05 6.0586293946708681e-05 -2.3285534969848719e-05 -9.1378895573749713e-05 -1.084140012608259e-05 5.3653349391424859e-05 5.5924285607034112e-05 -2.3512979092168245e-06
leaf_weight=2387 72 72 2351 24 24 24 144 24 24 24 24 96 72 24 24 24 48 24 24 46 46 23 46 23 24 24 48 48 24 71
leaf_count=2387 72 72 2351 24 24 24 144 24 24 24 24 96 72 24 24 24 48 24 24 46 46 23 46 23 24 24 48 48 24 71
internal_value=6.11496e-13 -7.87667e-07 1.12855e-06 1.74279e-05 -2.74767e-07 -8.53084e-07 1.0968e-05 -3.56341e-07 -6.44997e-07 6.39072e-08 -4.74622e-05 -3.82961e-07 1.2826e-07 -8.24348e-07 -2.26076e-05 1.38988e-06 9.02725e-08 -5.73013e-07 -3.87357e-05 4.30536e-07 -9.63345e-07 -2.30246e-07 -9.9996e-07 1.60667e-07 1.01511e-05 -5.86038e-05 1.69542e-05 2.50402e-05 2.46531e-05 1.33015e-05
internal_weight=5953 3506 2447 96 3434 3266 168 3242 3218 3170 48 3146 3050 2978 120 72 2858 2810 72 2738 2525 2479 2456 2410 48 48 213 165 48 117
internal_count=5953 3506 2447 96 3434 3266 168 3242 3218 3170 48 3146 3050 2978 120 72 2858 2810 72 2738 2525 2479 2456 2410 48 48 213 165 48 117
is_linear=0
shrinkage=0.05


Tree=145
num_leaves=31
num_cat=0
split_feature=0 0 0 0 0 0 0 0 0 0 0 0 0 0 0 0 0 0 0 0 0 0 0 0 0 0 0 0 0 0
split_gain=2.07276e-06 3.05628e-06 6.36594e-06 2.98889e-06 4.32975e-06 3.77114e-06 2.82774e-06 6.7007e-06 2.76132e-06 6.45281e-06 6.40104e-06 2.63182e-06 2.50831e-06 2.34185e-06 8.69578e-06 4.63049e-06 8.6983e-06 4.45043e-06 4.63179e-06 3.17049e-06 7.92778e-06 9.22363e-06 8.18416e-06 6.57902e-06 9.24464e-06 7.13093e-06 8.83024e-06 8.10913e-06 1.14517e-05 6.75677e-06
threshold=-0.050161956975202614 -0.013109586457152869 -0.014744358271977483 -0.017899142657214113 -0.016018514911379168 -0.020198907872569026 -0.022578175613438552 -0.027323983957631862 -0.011860397195859339 -0.011431649397759874 -0.011055501685961366 -0.013893522920339211 -0.01241668460002244 -0.0092284920864327252 -0.00957397570292093 -0.010110776558653363 -0.010382870609192218 -0.0089603765977270908 -0.008675775959136196 -0.0084348269931123019 -0.0082134807213181931 -0.0077712965683273986 -0.0075694638907180698 -0.006990260617628352 -0.0073243711975200807 -0.006647014231557548 -0.0068077683775005999 -0.0064153301772330871 -0.0061589658740905584 -0.0071028240303755595
decision_type=2 2 2 2 2 2 2 2 2 2 2 2 2 2 2 2 2 2 2 2 2 2 2 2 2 2 2 2 2 2
left_child=-1 2 3 5 -5 6 7 -2 12 -10 -11 -4 -3 14 15 16 -12 -15 -19 -20 -21 -22 -23 24 -24 26 -25 -27 -29 -26
right_child=1 8 11 4 -6 -7 -8 -9 9 10 13 -13 -14 17 -16 -17 -18 18 19 20 21 22 23 25 29 27 -28 28 -30 -31
leaf_value=1.4664295789164802e-05 2.2910741487673176e-06 6.8572062446037312e-07 -3.358062749612145e-05 2.430742817978171e-05 -5.7263944957715775e-06 -2.3209475330077112e-05 1.3852853544449318e-05 -2.8215526496448245e-05 -2.5798795710822261e-05 2.5949502257086959e-05 3.5425628993834835e-06 -1.0164913389113889e-05 2.3545401078687669e-05 2.1722086709511739e-05 -3.3695904706595076e-05 1.1302620138546142e-05 -3.3323532261420044e-05 -2.1773291155113839e-05 1.8373441222744683e-05 -2.8512812180755037e-05 2.2107932636572514e-05 -2.9040733109771585e-05 -1.0103301853329565e-05 2.2786068560283942e-06 4.6662349510976741e-05 2.9190437635406853e-05 -4.061234846327959e-05 -2.4248979631617355e-05 2.8815369443277185e-07 9.1435600855523561e-06
leaf_weight=24 72 24 24 24 24 24 24 24 24 24 48 24 24 24 24 48 24 24 24 24 48 24 24 24 24 24 24 48 5089 24
leaf_count=24 72 24 24 24 24 24 24 24 24 24 48 24 24 24 24 48 24 24 24 24 48 24 24 24 24 24 24 48 5089 24
internal_value=4.47509e-13 -5.93592e-08 -5.58634e-06 -1.51474e-06 9.29052e-06 -5.11649e-06 -1.49789e-06 -5.33558e-06 1.73806e-07 7.2192e-08 1.82732e-07 -2.18728e-05 1.21156e-05 7.21649e-08 -6.22151e-06 -7.26633e-07 -8.74614e-06 2.38487e-07 1.43444e-07 2.40834e-07 1.599e-07 2.88453e-07 9.1029e-08 2.23421e-07 1.52342e-05 1.59385e-08 -1.91669e-05 1.94349e-07 5.88793e-08 2.7903e-05
internal_weight=5953 5929 240 192 48 144 120 96 5689 5641 5617 48 48 5593 144 120 72 5449 5425 5401 5377 5353 5305 5281 72 5209 48 5161 5137 48
internal_count=5953 5929 240 192 48 144 120 96 5689 5641 5617 48 48 5593 144 120 72 5449 5425 5401 5377 5353 5305 5281 72 5209 48 5161 5137 48
is_linear=0
shrinkage=0.05


Tree=146
num_leaves=31
num_cat=0
split_feature=0 0 0 0 0 0 0 0 0 0 0 0 0 0 0 0 0 0 0 0 0 0 0 0 0 0 0 0 0 0
split_gain=2.01737e-06 3.61693e-06 8.53964e-06 5.38848e-06 5.02549e-06 7.65134e-06 6.3207e-06 4.26562e-06 3.80179e-06 1.39338e-05 7.40548e-06 5.91486e-06 1.63971e-05 1.50857e-05 1.37062e-05 7.96436e-06 3.40829e-06 2.40349e-06 2.30407e-06 7.21127e-06 6.8289e-06 6.52139e-06 8.35751e-06 7.86447e-06 9.92031e-06 1.77845e-05 9.16828e-06 1.19627e-05 2.23601e-05 3.56041e-05
threshold=0.037925976458710924 0.017652897609846101 0.019601077130010799 0.016328996554610096 0.013471226725432842 0.014341752624165545 0.015298453853237368 0.023554004996251227 0.011369417766440045 0.010572379022454311 0.011890504689669283 0.0091487169768551205 0.0088840703875546299 0.0094889458289314239 0.0097591273249414082 0.010147383968335201 0.030803742181755533 0.010903837729938103 0.0086018910567939606 0.0083253114794032794 0.007776959479531248 0.0076473147461918961 0.0075114621539750922 0.00704907535732962 0.0072762817437040887 0.0073770644335394682 0.0066840215762294227 0.006306648111289598 0.0062371401705527711 0.0061281797422286129
decision_type=2 2 2 2 2 2 2 2 2 2 2 2 2 2 2 2 2 2 2 2 2 2 2 2 2 2 2 2 2 2
left_child=1 3 -3 4 8 -6 -7 -4 9 11 -10 12 18 -13 -15 -16 -9 -11 19 20 21 22 23 26 -25 -26 27 28 29 -1
right_child=-2 2 7 -5 5 6 -8 16 10 17 -12 13 -14 14 15 -17 -18 -19 -20 -21 -22 -23 -24 24 25 -27 -28 -29 -30 -31
leaf_value=9.6421337197331789e-08 -1.0430361188533109e-05 3.6302613823310193e-05 -1.6458649707087518e-05 -2.4227825317369856e-05 3.698135462953993e-05 -1.6872813601208771e-05 2.0195582107154897e-05 2.3523375073083393e-05 -3.4792765939567727e-05 1.6001321890381288e-05 -2.0321528596020697e-06 -4.7642151437922507e-05 4.2163075514785623e-05 3.1058189114960643e-05 -3.7534394726643099e-05 -1.4991752560371939e-06 -3.6967128677212671e-06 3.8859551726921421e-05 1.5648749515252268e-05 -1.9922893059866391e-05 1.5586970687803367e-05 -2.681107866722058e-05 2.9945402322640723e-05 -3.1169600855640097e-05 3.2757209872057584e-05 -2.9421615561105962e-05 1.8101245009545338e-05 -2.0925228507595435e-05 4.9222797236364819e-05 -6.225630245551103e-05
leaf_weight=4987 46 23 23 23 23 23 23 23 23 23 69 23 23 23 23 46 23 23 23 46 69 23 23 46 23 23 69 69 23 23
leaf_count=4987 46 23 23 23 23 23 23 23 23 23 69 23 23 23 23 46 23 23 23 46 69 23 23 46 23 23 69 69 23 23
internal_value=6.20456e-14 8.12252e-08 9.91766e-06 -7.43985e-08 2.15146e-08 1.34347e-05 1.66138e-06 1.12267e-06 -1.40203e-07 2.45196e-08 -1.02223e-05 -2.01205e-07 3.47265e-08 -1.14233e-05 -2.36864e-06 -1.35109e-05 9.91333e-06 2.74304e-05 -1.43161e-07 -2.10125e-07 -4.15145e-08 -2.44635e-07 -1.29041e-07 -2.6047e-07 -1.47509e-05 1.6678e-06 -2.66337e-09 -2.47503e-07 3.59791e-08 -1.89829e-07
internal_weight=5953 5907 92 5815 5792 69 46 69 5723 5631 92 5585 5470 115 92 69 46 46 5447 5424 5378 5309 5286 5263 92 46 5171 5102 5033 5010
internal_count=5953 5907 92 5815 5792 69 46 69 5723 5631 92 5585 5470 115 92 69 46 46 5447 5424 5378 5309 5286 5263 92 46 5171 5102 5033 5010
is_linear=0
shrinkage=0.05


Tree=147
num_leaves=31
num_cat=0
split_feature=0 0 0 0 0 0 0 0 0 0 0 0 0 0 0 0 0 0 0 0 0 0 0 0 0 0 0 0 0 0
split_gain=1.90195e-06 3.76215e-06 4.99618e-06 3.44081e-06 3.9076e-06 2.71277e-06 3.44896e-06 4.70632e-06 2.48988e-06 5.82607e-06 5.77453e-06 2.37521e-06 2.26375e-06 2.11715e-06 7.84794e-06 4.17902e-06 7.85021e-06 4.01445e-06 4.18231e-06 3.12555e-06 2.8596e-06 7.15763e-06 8.32003e-06 7.38909e-06 5.93303e-06 8.3433e-06 6.43955e-06 7.96929e-06 7.31554e-06 1.03402e-05
threshold=-0.041057583575550255 -0.013109586457152869 -0.014744358271977483 -0.017899142657214113 -0.016018514911379168 -0.020198907872569026 -0.022578175613438552 -0.027323983957631862 -0.011860397195859339 -0.011431649397759874 -0.011055501685961366 -0.013893522920339211 -0.01241668460002244 -0.0092284920864327252 -0.00957397570292093 -0.010110776558653363 -0.010382870609192218 -0.0089603765977270908 -0.008675775959136196 -0.010755843220688821 -0.0084348269931123019 -0.0082134807213181931 -0.0077712965683273986 -0.0075694638907180698 -0.006990260617628352 -0.0073243711975200807 -0.006647014231557548 -0.0068077683775005999 -0.0064153301772330871 -0.0061589658740905584
decision_type=2 2 2 2 2 2 2 2 2 2 2 2 2 2 2 2 2 2 2 2 2 2 2 2 2 2 2 2 2 2
left_child=-1 2 3 5 -5 6 7 -2 12 -10 -11 -4 -3 14 15 16 19 -15 -19 -12 -20 -22 -23 -24 25 -25 27 -26 -28 -30
right_child=1 8 11 4 -6 -7 -8 -9 9 10 13 -13 -14 17 -16 -17 -18 18 20 -21 21 22 23 24 26 -27 28 -29 29 -31
leaf_value=9.9126843754978239e-06 3.0799548464225763e-07 6.4661730903026182e-07 -3.1906404910841959e-05 2.3087241970642935e-05 -5.4448903635299454e-06 -2.2053832071833313e-05 1.3155382960879556e-05 -2.6809583747914685e-05 -2.4513674725312742e-05 2.464721043603883e-05 -9.3982773857230018e-06 -9.6614909731821789e-06 2.2363309805465786e-05 2.0631172659098715e-05 -3.2015927611913257e-05 1.0732666487456301e-05 -3.1662176600851431e-05 -2.068943673900018e-05 1.7449945395734782e-05 1.6119476398065066e-05 -2.7091993312448423e-05 2.0997723125522802e-05 -2.7593523797501502e-05 -9.6029744478679898e-06 2.1598628639670401e-06 2.6502987278339182e-05 2.7726098293593776e-05 -3.8586542799142384e-05 -2.3041355598252269e-05 2.7456275723302611e-07
leaf_weight=48 48 24 24 24 24 24 24 24 24 24 24 24 24 24 24 48 24 24 24 24 24 48 24 24 24 48 24 24 48 5089
leaf_count=48 48 24 24 24 24 24 24 24 24 24 24 24 24 24 24 48 24 24 24 24 24 48 24 24 24 48 24 24 48 5089
internal_value=-1.06611e-12 -8.05784e-08 -6.55751e-06 -2.49281e-06 8.82118e-06 -7.01841e-06 -3.25955e-06 -8.7312e-06 1.65338e-07 6.88475e-08 1.73882e-07 -2.07839e-05 1.1505e-05 6.88653e-08 -5.91526e-06 -6.95129e-07 -8.31366e-06 2.27007e-07 1.3674e-07 3.3606e-06 2.29283e-07 1.5242e-07 2.74569e-07 8.70647e-08 2.12862e-07 1.44677e-05 1.58285e-08 -1.82133e-05 1.85369e-07 5.66994e-08
internal_weight=5953 5905 216 168 48 120 96 72 5689 5641 5617 48 48 5593 144 120 72 5449 5425 48 5401 5377 5353 5305 5281 72 5209 48 5161 5137
internal_count=5953 5905 216 168 48 120 96 72 5689 5641 5617 48 48 5593 144 120 72 5449 5425 48 5401 5377 5353 5305 5281 72 5209 48 5161 5137
is_linear=0
shrinkage=0.05


Tree=148
num_leaves=31
num_cat=0
split_feature=0 0 0 0 0 0 0 0 0 0 0 0 0 0 0 0 0 0 0 0 0 0 0 0 0 0 0 0 0 0
split_gain=1.84573e-06 1.77567e-05 2.71538e-05 2.51892e-05 2.41377e-05 3.01437e-05 3.82736e-05 2.77846e-05 2.48074e-05 1.53035e-05 2.26445e-05 3.10474e-05 1.54911e-05 1.47134e-05 2.75124e-05 2.18262e-05 3.2441e-05 1.97838e-05 2.70088e-05 1.21744e-05 1.11766e-05 9.99118e-06 1.91196e-05 1.70643e-05 9.89036e-06 2.69945e-05 1.81093e-05 1.51473e-05 1.15207e-05 3.04577e-05
threshold=0.0052305128332245888 0.0046995108834841795 0.0043200374974826546 0.0042326956438449156 0.0047799479694173282 0.0048642353772912509 0.004936100157888609 0.0050197732439822614 0.0050882883699477155 0.0041256724018377258 0.0038758061320144379 0.0037412106850754057 0.0039398756813141108 0.0057200525588598896 0.0058931692408885454 0.0061281797422286129 0.0062371401705527711 0.006306648111289598 0.0064136317100189338 0.0038241186501719606 0.0041687330421885114 0.0043954046348243592 0.0044867306992448638 0.0046150052830187761 0.0034930435118120475 0.0033884638574101299 0.003337919246072307 0.0036187552532875268 0.0032910703023802911 0.0032518789206043338
decision_type=2 2 2 2 2 2 2 2 2 2 2 2 2 2 2 2 2 2 2 2 2 2 2 2 2 2 2 2 2 2
left_child=1 2 3 9 -3 -6 -7 -8 -9 10 11 24 -12 -2 -15 -16 -17 -18 -19 -13 -11 -4 -23 -24 25 26 28 -26 29 -1
right_child=13 4 21 -5 5 6 7 8 -10 20 12 19 -14 14 15 16 17 18 -20 -21 -22 22 23 -25 27 -27 -28 -29 -30 -31
leaf_value=-1.2938284239239995e-07 1.7109390203098672e-05 -6.4189014602047603e-05 5.3591860152031906e-05 -5.2681371206468293e-05 4.3390072001468233e-05 -7.7003939330334904e-05 4.2701138590928173e-05 -6.3154120320889535e-05 4.4367321685928371e-07 5.311506861091956e-05 -6.060240380263523e-05 6.6584100615886118e-05 -1.3220125797290721e-05 -3.8064316196022958e-05 2.8621665178038911e-05 -5.9157216120460683e-05 4.6747932261179974e-05 -5.3701570805455765e-05 1.1710996374616623e-06 1.5138949548481439e-05 3.8232184242983555e-06 -2.2732311323204119e-05 4.7489881181599746e-05 -5.2569368088607796e-06 -3.6941387889269015e-05 3.8011281456508937e-05 -4.4747433086108097e-05 3.635072489091924e-06 3.5031396217401259e-05 -5.7830734397651646e-05
leaf_weight=4044 138 23 23 23 23 23 23 23 46 23 23 23 69 46 69 23 23 23 897 23 23 23 46 23 46 46 23 46 23 23
leaf_count=4044 138 23 23 23 23 23 23 23 46 23 23 23 69 46 69 23 23 23 897 23 23 23 46 23 46 46 23 46 23 23
internal_value=2.29732e-13 -4.46759e-07 1.27819e-07 -4.91e-07 -1.67669e-05 -8.86325e-06 -1.93139e-05 -4.89141e-06 -2.07556e-05 -2.20339e-07 -5.21027e-07 4.48188e-09 -2.50657e-05 1.735e-06 -2.27694e-07 1.45393e-06 -4.86618e-07 9.44372e-07 -2.00717e-07 4.08615e-05 2.84691e-05 2.41165e-05 1.67476e-05 2.99076e-05 -4.37632e-07 -7.89327e-08 -5.04936e-07 -1.66532e-05 -2.56139e-07 -4.557e-07
internal_weight=5953 4734 4573 4458 161 138 115 92 69 4435 4389 4297 92 1219 1081 1035 966 943 920 46 46 115 92 69 4251 4159 4113 92 4090 4067
internal_count=5953 4734 4573 4458 161 138 115 92 69 4435 4389 4297 92 1219 1081 1035 966 943 920 46 46 115 92 69 4251 4159 4113 92 4090 4067
is_linear=0
shrinkage=0.05


Tree=149
num_leaves=31
num_cat=0
split_feature=0 0 0 0 0 0 0 0 0 0 0 0 0 0 0 0 0 0 0 0 0 0 0 0 0 0 0 0 0 0
split_gain=1.85164e-06 2.29884e-06 9.03989e-06 1.25216e-05 2.90061e-06 6.43804e-06 3.2352e-06 2.46935e-06 6.63024e-06 9.07806e-06 2.76108e-06 4.46076e-06 2.36072e-06 1.65773e-05 1.47403e-05 9.18759e-06 1.09163e-05 2.185e-06 2.05758e-06 6.56343e-06 6.09684e-06 5.92342e-06 7.49973e-06 7.18224e-06 8.95308e-06 1.60506e-05 8.45832e-06 4.81484e-06 4.58334e-06 2.98452e-06
threshold=0.046204879040816556 0.012434112528229091 0.011369417766440045 0.010903837729938103 0.014341752624165545 0.013471226725432842 0.015298453853237368 0.016328996554610096 0.017652897609846101 0.019601077130010799 0.023554004996251227 0.030803742181755533 0.0091487169768551205 0.0094889458289314239 0.0088840703875546299 0.0097591273249414082 0.010147383968335201 0.011890504689669283 0.0086018910567939606 0.0083253114794032794 0.007776959479531248 0.0076473147461918961 0.0075114621539750922 0.00704907535732962 0.0072762817437040887 0.0073770644335394682 0.0069396422535360483 0.007186664679583738 0.0080992043414310679 0.0061281797422286129
decision_type=2 2 2 2 2 2 2 2 2 2 2 2 2 2 2 2 2 2 2 2 2 2 2 2 2 2 2 2 2 2
left_child=1 2 3 12 5 -3 -6 -8 -9 -10 -11 -12 14 -14 18 -15 -17 -4 19 20 21 22 23 26 27 -26 29 -25 -22 -1
right_child=-2 4 17 -5 6 -7 7 8 9 10 11 -13 13 15 -16 16 -18 -19 -20 -21 28 -23 -24 24 25 -27 -28 -29 -30 -31
leaf_value=8.9546805411786571e-08 -1.4159371620853959e-05 2.6612216100582613e-06 -3.3125410403084501e-05 3.6844293430002167e-05 -1.6101462888004989e-05 3.506000376427951e-05 1.9113521778743471e-05 -2.3088733660583586e-05 3.4415197518208754e-05 -1.5708001877140739e-05 2.2274897555294245e-05 -4.6935698976639017e-06 -4.5332330773817379e-05 2.9432982125360031e-05 3.9982637542340417e-05 -3.5729961287554192e-05 4.0453248020376261e-06 -1.1330934364156313e-05 1.4794036320856087e-05 -1.8999032782512191e-05 2.3847509367877376e-05 -2.5542807112366935e-05 2.8375854257635935e-05 -1.350699837886445e-05 3.1047070186342235e-05 -2.802280625632114e-05 3.0262210060280506e-05 -4.5859801289423007e-05 -3.4889940212926145e-06 -6.8270671945130339e-06
leaf_weight=4987 23 46 23 23 23 23 23 23 23 23 23 46 23 23 23 23 69 23 23 46 46 23 23 23 23 23 23 23 23 161
leaf_count=4987 23 46 23 23 23 23 23 23 23 23 23 46 23 23 23 23 69 23 23 46 46 23 23 23 23 23 23 23 23 161
internal_value=-2.52437e-13 5.49181e-08 -1.52907e-07 2.74273e-08 4.71825e-06 1.34608e-05 1.43978e-06 3.94568e-06 1.4177e-06 6.31899e-06 -7.05061e-07 4.29592e-06 -1.23569e-07 -6.58222e-06 3.93732e-08 1.1678e-06 -5.8985e-06 -2.22282e-05 -1.29288e-07 -1.92569e-07 -3.17101e-08 -2.23634e-07 -1.13468e-07 -2.3797e-07 -1.40856e-05 1.51213e-06 8.40126e-09 -2.96834e-05 1.47353e-05 -1.26765e-07
internal_weight=5953 5930 5677 5631 253 69 184 161 138 115 92 69 5608 138 5470 115 92 46 5447 5424 5378 5309 5286 5263 92 46 5171 46 69 5148
internal_count=5953 5930 5677 5631 253 69 184 161 138 115 92 69 5608 138 5470 115 92 46 5447 5424 5378 5309 5286 5263 92 46 5171 46 69 5148
is_linear=0
shrinkage=0.05


Tree=150
num_leaves=31
num_cat=0
split_feature=0 0 0 0 0 0 0 0 0 0 0 0 0 0 0 0 0 0 0 0 0 0 0 0 0 0 0 0 0 0
split_gain=1.82547e-06 1.59454e-05 9.57447e-06 2.6615e-05 8.7843e-06 1.8069e-05 1.21031e-05 1.32466e-05 1.32417e-05 1.05137e-05 1.10831e-05 8.84038e-06 3.72281e-05 1.14596e-05 9.28433e-06 8.15786e-06 2.65701e-05 2.23666e-05 2.04611e-05 9.73611e-06 1.72704e-05 2.43839e-05 8.46478e-06 2.31346e-05 1.55668e-05 3.11049e-05 1.15064e-05 1.14836e-05 2.7404e-05 2.27184e-05
threshold=0.0020425917694844495 0.001866093451278965 0.0022534084520796855 0.0021827998122470314 0.0025105642701259119 0.0027107652337801562 0.0026154520048600363 0.0026553461289055592 0.0025468797556308293 0.002455247004665716 0.0023971661132836867 0.0029278205419772194 0.0028840650084086725 0.0027667136535893954 0.0028287714882308779 0.0032080433903018475 0.0030829115671654477 0.0032910703023802911 0.0030327807007904969 0.003337919246072307 0.0033884638574101299 0.0034460593410293168 0.0036187552532875268 0.003540546764762276 0.0038758061320144379 0.0039859300302273453 0.0037412106850754057 0.0046150052830187761 0.0045367673985707386 0.004936100157888609
decision_type=2 2 2 2 2 2 2 2 2 2 2 2 2 2 2 2 2 2 2 2 2 2 2 2 2 2 2 2 2 2
left_child=1 -1 3 -2 9 6 8 -8 -6 10 -4 12 13 -7 -15 16 18 -17 -13 -19 -21 -22 23 -23 26 -26 -24 28 -27 -29
right_child=2 -3 4 -5 5 11 7 -9 -10 -11 -12 15 -14 14 -16 17 -18 19 -20 20 21 22 24 -25 25 27 -28 29 -30 -31
leaf_value=-2.4321980456543489e-07 1.3257814215547923e-06 -2.4018617856806183e-05 -1.5170820031724161e-05 6.2124844953359576e-05 3.1512920015855978e-05 -2.5424049493702355e-05 6.7788476340153826e-05 1.4125741844232519e-05 -2.2139935627701169e-05 -4.2361835767223965e-05 2.4063417004072108e-05 1.3440237624150622e-05 -7.0060554413509598e-05 4.0263939540043636e-05 -4.6619110356044509e-06 -3.4344566145828929e-05 4.3245683311555616e-05 3.3275343467602913e-05 -4.4318253956431444e-05 -4.2514547923296368e-05 5.2241725168879274e-05 3.7297543357177028e-06 3.4488464102057904e-06 -5.7686361928379326e-05 -4.0539865790378829e-05 5.7204627599978343e-06 3.8813980854288479e-05 -2.4481181923835285e-05 6.360856072126848e-05 1.222338863167362e-06
leaf_weight=3434 72 72 72 24 23 23 23 23 23 24 24 46 23 23 23 46 46 23 23 23 23 46 46 23 46 184 46 92 23 1311
leaf_count=3434 72 72 72 24 23 23 23 23 23 24 24 46 23 23 23 46 46 23 23 23 23 46 46 23 46 184 46 92 23 1311
internal_value=-1.35283e-13 -7.31477e-07 1.04804e-06 1.65255e-05 4.16037e-07 1.12486e-06 2.28218e-05 4.09571e-05 4.68649e-06 -1.27622e-05 -5.36226e-06 1.91659e-07 -1.49706e-05 3.39266e-06 1.7801e-05 8.73111e-07 1.38107e-05 1.03016e-07 -5.81259e-06 9.432e-07 5.44038e-07 1.08227e-06 4.34683e-07 -1.67423e-05 1.11272e-06 5.71093e-10 2.11314e-05 1.15887e-06 1.21525e-05 -4.63138e-07
internal_weight=5953 3506 2447 96 2351 2231 92 46 46 120 96 2139 92 69 46 2047 115 1932 69 1886 1863 1840 1817 69 1748 1656 92 1610 207 1403
internal_count=5953 3506 2447 96 2351 2231 92 46 46 120 96 2139 92 69 46 2047 115 1932 69 1886 1863 1840 1817 69 1748 1656 92 1610 207 1403
is_linear=0
shrinkage=0.05


Tree=151
num_leaves=31
num_cat=0
split_feature=0 0 0 0 0 0 0 0 0 0 0 0 0 0 0 0 0 0 0 0 0 0 0 0 0 0 0 0 0 0
split_gain=1.75165e-06 3.93629e-05 2.54452e-05 1.30388e-05 3.86458e-05 2.98984e-05 1.27585e-05 9.49522e-06 4.12053e-05 2.15354e-05 3.74205e-05 2.81326e-05 2.64883e-05 3.89779e-05 0.000124238 2.29431e-05 3.30714e-05 1.93729e-05 1.86139e-05 1.69448e-05 1.46724e-05 1.42768e-05 9.36094e-06 6.49884e-06 5.84185e-05 5.67223e-05 3.05344e-05 2.95835e-05 1.39221e-05 2.36223e-05
threshold=0.0014859408838954712 0.0014422045621178062 0.0015417439956161131 0.0013734960876878326 0.0013032371064385356 0.0012397888526209471 0.001336628976900265 0.0010279278069603649 0.0008859848629561676 0.00062509647156369869 0.00072670769405607709 0.00082615188029494708 0.00051901544814576155 0.00036662862087073848 0.00041126910178810976 6.4428457785339205e-05 0.0002435901031547042 0.00047053809498753932 0.00067547072744762228 0.00077244483763002725 0.0011850831211700596 0.00056287761173926356 0.00028699253498341561 -0.00047080791346445079 -0.00035314206361493247 -0.00031255517857436922 -0.0005124692770228505 -0.00022876870682006855 -5.1690087292619742e-05 -0.00010699510516213253
decision_type=2 2 2 2 2 2 2 2 2 2 2 2 2 2 2 2 2 2 2 2 2 2 2 2 2 2 2 2 2 2
left_child=1 3 -2 4 5 7 -6 8 9 12 18 19 13 15 -15 23 -17 -16 -11 -12 -9 -14 -18 26 -25 -26 -1 -27 29 -29
right_child=2 -3 -4 -5 6 -7 -8 20 -10 10 11 -13 21 14 17 16 22 -19 -20 -21 -22 -23 -24 24 25 27 -28 28 -30 -31
leaf_value=-3.4912385969219518e-07 5.2198556174213689e-05 -6.4575845923779224e-05 4.8367246806770154e-07 3.6411528117241691e-05 -7.0885924651520332e-05 5.5690068741872292e-05 -1.9329930789050802e-05 -2.7098062754602225e-05 3.7533948898271774e-05 -2.4555978923975394e-05 -6.3059742691014737e-06 -4.2898534896570106e-05 6.4224026330824321e-05 -0.00012970284681917594 4.1389629412454576e-05 4.3261561091235815e-05 -3.239863399358001e-05 -2.2140068487412161e-05 -8.6828747333811415e-05 5.3109269386671569e-05 1.8044346628206161e-05 9.6865479463303941e-06 1.1762389597909835e-05 -5.8735225225657066e-05 7.7845003081323659e-05 -5.8725888780115739e-05 5.7538179933781867e-05 -3.0426149331343252e-06 -1.7639840092321739e-05 5.9017540685169449e-05
leaf_weight=2387 24 24 2663 24 24 24 24 72 72 24 24 24 24 24 24 72 24 24 24 24 24 24 24 46 23 23 23 46 47 23
leaf_count=2387 24 24 2663 24 24 24 24 72 72 24 24 24 24 24 24 72 24 24 24 24 24 24 24 46 23 23 23 46 47 23
internal_value=-2.63437e-13 -7.77951e-07 9.45584e-07 -3.05665e-07 -5.79504e-07 9.47437e-08 -4.51079e-05 -3.29378e-07 1.57958e-07 -7.45693e-07 -2.1496e-05 1.30159e-06 1.25559e-07 -5.03561e-07 -3.68178e-05 4.51378e-07 2.18297e-05 9.62478e-06 -5.56924e-05 2.34016e-05 -1.58125e-05 3.69553e-05 -1.03181e-05 -5.2853e-07 -9.00822e-06 5.11179e-06 2.03328e-07 -6.9232e-06 3.34802e-06 1.76441e-05
internal_weight=5953 3266 2687 3242 3218 3170 48 3146 3050 2978 120 72 2858 2810 72 2738 120 48 48 48 96 48 48 2618 208 162 2410 139 116 69
internal_count=5953 3266 2687 3242 3218 3170 48 3146 3050 2978 120 72 2858 2810 72 2738 120 48 48 48 96 48 48 2618 208 162 2410 139 116 69
is_linear=0
shrinkage=0.05


Tree=152
num_leaves=31
num_cat=0
split_feature=0 0 0 0 0 0 0 0 0 0 0 0 0 0 0 0 0 0 0 0 0 0 0 0 0 0 0 0 0 0
split_gain=1.74686e-06 2.4815e-06 5.17095e-06 2.44701e-06 3.52661e-06 3.05905e-06 2.31657e-06 5.43127e-06 2.26094e-06 5.24302e-06 5.22654e-06 2.14363e-06 2.04304e-06 1.88818e-06 7.08277e-06 3.77157e-06 7.08481e-06 3.63596e-06 3.76132e-06 2.82081e-06 2.59179e-06 6.44229e-06 7.53566e-06 6.65069e-06 5.45026e-06 1.30402e-05 3.3489e-06 1.63053e-05 1.42629e-05 1.06611e-05
threshold=-0.050161956975202614 -0.013109586457152869 -0.014744358271977483 -0.017899142657214113 -0.016018514911379168 -0.020198907872569026 -0.022578175613438552 -0.027323983957631862 -0.011860397195859339 -0.011431649397759874 -0.011055501685961366 -0.013893522920339211 -0.01241668460002244 -0.0092284920864327252 -0.00957397570292093 -0.010110776558653363 -0.010382870609192218 -0.0089603765977270908 -0.008675775959136196 -0.010755843220688821 -0.0084348269931123019 -0.0082134807213181931 -0.0077712965683273986 -0.0075694638907180698 -0.0071028240303755595 -0.0073243711975200807 -0.0059894136610153222 -0.0058656100349734073 -0.0057059410177613791 -0.0050608455083966082
decision_type=2 2 2 2 2 2 2 2 2 2 2 2 2 2 2 2 2 2 2 2 2 2 2 2 2 2 2 2 2 2
left_child=-1 2 3 5 -5 6 7 -2 12 -10 -11 -4 -3 14 15 16 19 -15 -19 -12 -20 -22 -23 -24 25 -25 -26 -28 -29 -30
right_child=1 8 11 4 -6 -7 -8 -9 9 10 13 -13 -14 17 -16 -17 -18 18 20 -21 21 22 23 24 26 -27 27 28 29 -31
leaf_value=1.3462187052937226e-05 2.027831972858015e-06 6.4589261607276673e-07 -3.0279485023735716e-05 2.1964486162081209e-05 -5.1410400677317138e-06 -2.0919530409931519e-05 1.2529208712900678e-05 -2.5437475657478598e-05 -2.325638670299668e-05 2.3446450419821001e-05 -8.8967470825688608e-06 -9.1468081639807984e-06 2.1276751522236739e-05 1.9631211049879008e-05 -3.0383513012566256e-05 1.0227646998828278e-05 -3.0047452310100201e-05 -1.9623390592945122e-05 1.6609056668433671e-05 1.5345129456060627e-05 -2.5705773077788765e-05 1.9979436668412143e-05 -2.6182252137611314e-05 -9.0912055384251299e-06 -6.900776878908455e-06 4.3030871529481375e-05 4.1389414400327956e-05 -3.8374152306156858e-05 1.4986868724615005e-05 -9.7882635514594343e-08
leaf_weight=24 72 24 24 24 24 24 24 24 24 24 24 24 24 24 24 48 24 24 24 24 24 48 24 24 168 24 24 24 120 4897
leaf_count=24 72 24 24 24 24 24 24 24 24 24 24 24 24 24 24 48 24 24 24 24 24 48 24 24 168 24 24 24 120 4897
internal_value=-4.83218e-13 -5.44941e-08 -5.03471e-06 -1.36511e-06 8.41172e-06 -4.62405e-06 -1.36495e-06 -4.83849e-06 1.55605e-07 6.36576e-08 1.63298e-07 -1.97131e-05 1.09613e-05 6.33884e-08 -5.58788e-06 -6.28755e-07 -7.86636e-06 2.12734e-07 1.26827e-07 3.22419e-06 2.1459e-07 1.41414e-07 2.57299e-07 7.88514e-08 1.98197e-07 1.69698e-05 4.43586e-08 2.7472e-07 7.89751e-08 2.62925e-07
internal_weight=5953 5929 240 192 48 144 120 96 5689 5641 5617 48 48 5593 144 120 72 5449 5425 48 5401 5377 5353 5305 5281 48 5233 5065 5041 5017
internal_count=5953 5929 240 192 48 144 120 96 5689 5641 5617 48 48 5593 144 120 72 5449 5425 48 5401 5377 5353 5305 5281 48 5233 5065 5041 5017
is_linear=0
shrinkage=0.05


Tree=153
num_leaves=31
num_cat=0
split_feature=0 0 0 0 0 0 0 0 0 0 0 0 0 0 0 0 0 0 0 0 0 0 0 0 0 0 0 0 0 0
split_gain=1.70547e-06 2.85606e-06 6.94749e-06 4.45062e-06 3.99033e-06 6.23206e-06 5.14825e-06 3.48246e-06 3.20303e-06 1.14591e-05 6.03181e-06 5.0755e-06 1.32418e-05 1.22042e-05 1.12666e-05 6.37695e-06 2.76355e-06 1.8539e-06 1.83401e-06 5.98216e-06 5.4328e-06 5.38604e-06 6.72329e-06 6.57191e-06 8.08015e-06 1.44856e-05 7.84502e-06 9.6476e-06 1.84034e-05 2.87588e-05
threshold=0.037925976458710924 0.017652897609846101 0.019601077130010799 0.016328996554610096 0.013471226725432842 0.014341752624165545 0.015298453853237368 0.023554004996251227 0.011369417766440045 0.010572379022454311 0.011890504689669283 0.0091487169768551205 0.0088840703875546299 0.0094889458289314239 0.0097591273249414082 0.010147383968335201 0.030803742181755533 0.010903837729938103 0.0086018910567939606 0.0083253114794032794 0.007776959479531248 0.0076473147461918961 0.0075114621539750922 0.00704907535732962 0.0072762817437040887 0.0073770644335394682 0.0066840215762294227 0.006306648111289598 0.0062371401705527711 0.0061281797422286129
decision_type=2 2 2 2 2 2 2 2 2 2 2 2 2 2 2 2 2 2 2 2 2 2 2 2 2 2 2 2 2 2
left_child=1 3 -3 4 8 -6 -7 -4 9 11 -10 12 18 -13 -15 -16 -9 -11 19 20 21 22 23 26 -25 -26 27 28 29 -1
right_child=-2 2 7 -5 5 6 -8 16 10 17 -12 13 -14 14 15 -17 -18 -19 -20 -21 -22 -23 -24 24 25 -27 -28 -29 -30 -31
leaf_value=1.0064503271473235e-07 -9.5902096844561739e-06 3.2614033831202464e-05 -1.500298284277644e-05 -2.2014676790643971e-05 3.3226601131584333e-05 -1.5376790922702006e-05 1.8077436834573746e-05 2.1080754864353528e-05 -3.1549543137257187e-05 1.4846290002384669e-05 -1.9830934921839694e-06 -4.314612391602208e-05 3.7903100272397637e-05 2.7880932548609766e-05 -3.4023867920041083e-05 -1.7791725954536917e-06 -3.4299010977796892e-06 3.4921671897830931e-05 1.3973922772414012e-05 -1.8129481541900137e-05 1.3918168522228581e-05 -2.4346076822004528e-05 2.687664901199953e-05 -2.8279634131214825e-05 2.9414309866969354e-05 -2.6702083825670265e-05 1.6766695407041235e-05 -1.8775759752421385e-05 4.4671473417269152e-05 -5.5938397259603304e-05
leaf_weight=4987 46 23 23 23 23 23 23 23 23 23 69 23 23 23 23 46 23 23 23 46 69 23 23 46 23 23 69 69 23 23
leaf_count=4987 46 23 23 23 23 23 23 23 23 23 69 23 23 23 23 46 23 23 23 46 69 23 23 46 23 23 69 69 23 23
internal_value=9.14437e-13 7.46834e-08 8.81548e-06 -6.3606e-08 2.35616e-08 1.19757e-05 1.35032e-06 8.82624e-07 -1.20541e-07 3.06544e-08 -9.37471e-06 -1.74046e-07 4.4505e-08 -1.05695e-05 -2.42532e-06 -1.25274e-05 8.82543e-06 2.4884e-05 -1.15353e-07 -1.75098e-07 -2.15272e-08 -2.02699e-07 -9.76479e-08 -2.15529e-07 -1.34618e-05 1.35611e-06 2.01416e-08 -2.06341e-07 4.82371e-08 -1.5662e-07
internal_weight=5953 5907 92 5815 5792 69 46 69 5723 5631 92 5585 5470 115 92 69 46 46 5447 5424 5378 5309 5286 5263 92 46 5171 5102 5033 5010
internal_count=5953 5907 92 5815 5792 69 46 69 5723 5631 92 5585 5470 115 92 69 46 46 5447 5424 5378 5309 5286 5263 92 46 5171 5102 5033 5010
is_linear=0
shrinkage=0.05


Tree=154
num_leaves=31
num_cat=0
split_feature=0 0 0 0 0 0 0 0 0 0 0 0 0 0 0 0 0 0 0 0 0 0 0 0 0 0 0 0 0 0
split_gain=1.70746e-06 3.71679e-05 1.98011e-05 1.90222e-05 2.26071e-05 2.85324e-05 2.53539e-05 1.82185e-05 1.50401e-05 1.29008e-05 4.45988e-05 3.51432e-05 2.72134e-05 2.4207e-05 1.82866e-05 6.88777e-05 2.6235e-05 2.32525e-05 2.08728e-05 1.86455e-05 2.66367e-05 3.01357e-05 1.79461e-05 1.37563e-05 1.14655e-05 4.98167e-05 4.8026e-05 2.89538e-05 2.81312e-05 2.3545e-05
threshold=-0.0020429331696519876 -0.0021678216366010977 -0.0018282214218971707 -0.0022266102823411036 -0.0023734529641045278 -0.0024846611764242489 -0.0023106087784343717 -0.0021144916596704116 -0.0024359535633138112 -0.0014914617810069927 -0.0016134251911044878 -0.0012569284385753766 -0.001692823340305926 -0.0015545041955692732 -0.00084515841527540503 -0.00090423889314186366 -0.00065709973606036377 -0.00072027814341748045 -0.00078847701253034069 -0.0011710593048478927 -0.00097511174216158541 -0.0010293214599905137 -0.0010768045238734303 -0.0014089766874591928 -0.00035314206361493247 -0.00031255517857436922 -0.00047080791346445079 -0.00022876870682006855 -0.0005124692770228505 0.0002435901031547042
decision_type=2 2 2 2 2 2 2 2 2 2 2 2 2 2 2 2 2 2 2 2 2 2 2 2 2 2 2 2 2 2
left_child=1 3 -2 4 5 -1 -6 -3 -7 10 12 23 -4 -12 15 19 17 18 -16 -13 21 22 -21 -11 26 -26 28 -27 -18 -29
right_child=2 7 9 -5 6 8 -8 -9 -10 11 13 14 -14 -15 16 -17 24 -19 -20 20 -22 -23 -24 -25 25 27 -28 29 -30 -31
leaf_value=-8.5139051104896497e-07 2.7128676573857264e-05 -7.7108051767066607e-05 -1.3170493627473227e-05 4.5051365842759291e-05 -7.2430160007965966e-05 6.7647449601360642e-05 1.8107293568470557e-06 -1.4175273289488954e-05 1.0467239442969795e-05 4.3951140073856907e-06 -9.0797098180147543e-05 -4.2374391468120342e-05 5.3440077539087967e-05 -1.8254780894969136e-05 4.4330148209511488e-05 -9.689263599442632e-05 -9.1901535452579733e-06 7.2221939310269511e-05 -2.303125853042888e-05 3.1356092506979151e-05 -3.8641008027100372e-05 7.0221664962287914e-05 -3.1104482047300296e-05 5.1754136513962935e-05 7.3952610229911374e-05 -5.5789749856795313e-05 -5.5798593814909947e-05 1.7702216406720022e-05 5.4661131466475683e-05 -4.9496750420183989e-07
leaf_weight=1697 69 23 46 23 23 23 23 23 23 23 23 23 23 23 23 23 69 23 23 23 23 23 23 46 23 23 46 188 23 3263
leaf_count=1697 69 23 46 23 23 23 23 23 23 23 23 23 23 23 23 23 69 23 23 23 23 23 23 46 23 23 46 188 23 3263
internal_value=3.07869e-13 -1.25713e-06 5.70392e-07 -1.30374e-07 -7.11246e-07 2.01852e-07 -3.53097e-05 -4.56417e-05 3.90573e-05 1.1522e-07 -1.63906e-05 6.0056e-07 9.03303e-06 -5.45259e-05 -3.46139e-08 -1.79058e-05 6.31213e-07 3.11736e-05 1.06494e-05 -2.10842e-06 7.95807e-06 2.34911e-05 1.25805e-07 3.59678e-05 5.14535e-08 6.09289e-07 -1.40844e-05 1.23711e-07 6.77267e-06 4.9636e-07
internal_weight=5953 1858 4095 1812 1789 1743 46 46 46 4026 115 3911 69 46 3842 138 3704 69 46 115 92 69 46 69 3635 3497 138 3474 92 3451
internal_count=5953 1858 4095 1812 1789 1743 46 46 46 4026 115 3911 69 46 3842 138 3704 69 46 115 92 69 46 69 3635 3497 138 3474 92 3451
is_linear=0
shrinkage=0.05


Tree=155
num_leaves=31
num_cat=0
split_feature=0 0 0 0 0 0 0 0 0 0 0 0 0 0 0 0 0 0 0 0 0 0 0 0 0 0 0 0 0 0
split_gain=1.70923e-06 3.54617e-05 2.29538e-05 1.18043e-05 3.47875e-05 2.70402e-05 1.15145e-05 8.5042e-06 3.73091e-05 1.9319e-05 3.3772e-05 2.53896e-05 2.39901e-05 3.50496e-05 0.000112125 1.9736e-05 2.87895e-05 1.7484e-05 1.67991e-05 1.52927e-05 1.32419e-05 1.28848e-05 8.44825e-06 5.80624e-06 4.67275e-05 4.69354e-05 2.48815e-05 2.34754e-05 1.25646e-05 2.13191e-05
threshold=0.0014859408838954712 0.0014422045621178062 0.0015417439956161131 0.0013734960876878326 0.0013032371064385356 0.0012397888526209471 0.001336628976900265 0.0010279278069603649 0.0008859848629561676 0.00062509647156369869 0.00072670769405607709 0.00082615188029494708 0.00051901544814576155 0.00036662862087073848 0.00041126910178810976 6.4428457785339205e-05 0.0002435901031547042 0.00047053809498753932 0.00067547072744762228 0.00077244483763002725 0.0011850831211700596 0.00056287761173926356 0.00028699253498341561 -0.00047080791346445079 -0.00035314206361493247 -0.00031255517857436922 -0.0005124692770228505 -0.00022876870682006855 -5.1690087292619742e-05 -0.00010699510516213253
decision_type=2 2 2 2 2 2 2 2 2 2 2 2 2 2 2 2 2 2 2 2 2 2 2 2 2 2 2 2 2 2
left_child=1 3 -2 4 5 7 -6 8 9 12 18 19 13 15 -15 23 -17 -16 -11 -12 -9 -14 -18 26 -25 -26 -1 -27 29 -29
right_child=2 -3 -4 -5 6 -7 -8 20 -10 10 11 -13 21 14 17 16 22 -19 -20 -21 -22 -23 -24 24 25 27 -28 28 -30 -31
leaf_value=-3.2681103260592262e-07 4.9613239874209594e-05 -6.1322448770321597e-05 4.953489477038462e-07 3.4615560753081813e-05 -6.7317007536379011e-05 5.2930181118426846e-05 -1.8338818798232147e-05 -2.5718545435261657e-05 3.5681858806431893e-05 -2.3303569120495621e-05 -5.9660658128753624e-06 -4.0728990097704812e-05 6.1037440173095095e-05 -0.00012319308488410269 3.9344757068230746e-05 4.0213228561469809e-05 -3.0754100165116446e-05 -2.1008450562476356e-05 -8.2462703206450302e-05 5.0478418658409888e-05 1.7166736688523089e-05 9.2268355274427459e-06 1.1198874199180864e-05 -5.3008669435613501e-05 7.0254980211915537e-05 -5.3000254252844541e-05 5.192807698419885e-05 -3.7757331528076109e-06 -1.7643095324796803e-05 5.5181407451923213e-05
leaf_weight=2387 24 24 2663 24 24 24 24 72 72 24 24 24 24 24 24 72 24 24 24 24 24 24 24 46 23 23 23 46 47 23
leaf_count=2387 24 24 2663 24 24 24 24 72 72 24 24 24 24 24 24 72 24 24 24 24 24 24 24 46 23 23 23 46 47 23
internal_value=-8.49376e-14 -7.68473e-07 9.34065e-07 -3.20202e-07 -5.80754e-07 5.89504e-08 -4.28279e-05 -3.4439e-07 1.16814e-07 -7.43053e-07 -2.03966e-05 1.26112e-06 8.21476e-08 -5.16571e-07 -3.49523e-05 3.88969e-07 2.02169e-05 9.16815e-06 -5.28831e-05 2.22562e-05 -1.49972e-05 3.51321e-05 -9.77761e-06 -5.19874e-07 -8.53499e-06 4.09334e-06 1.71887e-07 -6.85426e-06 2.29537e-06 1.58766e-05
internal_weight=5953 3266 2687 3242 3218 3170 48 3146 3050 2978 120 72 2858 2810 72 2738 120 48 48 48 96 48 48 2618 208 162 2410 139 116 69
internal_count=5953 3266 2687 3242 3218 3170 48 3146 3050 2978 120 72 2858 2810 72 2738 120 48 48 48 96 48 48 2618 208 162 2410 139 116 69
is_linear=0
shrinkage=0.05


Tree=156
num_leaves=31
num_cat=0
split_feature=0 0 0 0 0 0 0 0 0 0 0 0 0 0 0 0 0 0 0 0 0 0 0 0 0 0 0 0 0 0
split_gain=1.60827e-06 2.99512e-06 4.05743e-06 2.81593e-06 3.18276e-06 2.19848e-06 2.82538e-06 3.8067e-06 2.06297e-06 4.70757e-06 4.74134e-06 1.93463e-06 1.84384e-06 1.66787e-06 6.39219e-06 3.40384e-06 6.39405e-06 3.30243e-06 3.37323e-06 2.54578e-06 2.39857e-06 5.99955e-05 3.96799e-05 3.86882e-05 1.89393e-05 4.47327e-05 1.55855e-05 1.51126e-05 3.06752e-05 1.87418e-05
threshold=-0.041057583575550255 -0.013109586457152869 -0.014744358271977483 -0.017899142657214113 -0.016018514911379168 -0.020198907872569026 -0.022578175613438552 -0.027323983957631862 -0.011860397195859339 -0.011431649397759874 -0.011055501685961366 -0.013893522920339211 -0.01241668460002244 -0.0092284920864327252 -0.00957397570292093 -0.010110776558653363 -0.010382870609192218 -0.0089603765977270908 -0.008675775959136196 -0.010755843220688821 -0.0035976423254494368 -0.0034946426188443634 -0.0038714621955656691 -0.0039474372548191769 -0.0041335871280671855 -0.0040419387176810736 -0.0037152489831321091 -0.0043218991557717685 -0.0042428440131381398 -0.0045885086614475172
decision_type=2 2 2 2 2 2 2 2 2 2 2 2 2 2 2 2 2 2 2 2 2 2 2 2 2 2 2 2 2 2
left_child=-1 2 3 5 -5 6 7 -2 12 -10 -11 -4 -3 14 15 16 19 -15 -19 -12 22 -22 23 24 27 -26 -24 29 -29 -20
right_child=1 8 11 4 -6 -7 -8 -9 9 10 13 -13 -14 17 -16 -17 -18 18 20 -21 21 -23 26 -25 25 -27 -28 28 -30 -31
leaf_value=9.1152954458569493e-06 2.7670036312580729e-07 6.6747891954340355e-07 -2.8711634028392535e-05 2.0920139013469453e-05 -4.8301148732813697e-06 -1.9819673858971025e-05 1.1956646396053354e-05 -2.4111741731758231e-05 -2.203969767530604e-05 2.2328019152458489e-05 -8.3980373043838589e-06 -8.6355885287048295e-06 2.0266804525211532e-05 1.8703532244520227e-05 -2.8810463944258421e-05 9.7701404532320641e-06 -2.8491209377534688e-05 -1.8588336873411513e-05 -5.3969868531567043e-07 1.4631741942139343e-05 -7.909294636192499e-05 1.687323696743607e-07 7.529035495584444e-05 -6.2543110592135548e-05 8.0600706860423093e-05 -1.5935869790458434e-05 1.8308118615095737e-05 -6.7181510966444577e-05 1.2760088429786266e-05 3.1929128590491017e-05
leaf_weight=48 48 24 24 24 24 24 24 24 24 24 24 24 24 24 24 48 24 24 600 24 24 4561 24 24 24 24 24 24 24 48
leaf_count=48 48 24 24 24 24 24 24 24 24 24 24 24 24 24 24 48 24 24 600 24 24 4561 24 24 24 24 24 24 24 48
internal_value=-2.48049e-13 -7.40958e-08 -5.85317e-06 -2.19019e-06 8.04501e-06 -6.28427e-06 -2.90042e-06 -7.85278e-06 1.45324e-07 5.74946e-08 1.5191e-07 -1.86736e-05 1.04671e-05 5.67508e-08 -5.25461e-06 -5.43445e-07 -7.41917e-06 1.97114e-07 1.15242e-07 3.11685e-06 1.98353e-07 -2.4616e-07 2.69602e-06 -6.04346e-08 1.95514e-06 3.23324e-05 4.67992e-05 -1.39849e-07 -2.72107e-05 1.8654e-06
internal_weight=5953 5905 216 168 48 120 96 72 5689 5641 5617 48 48 5593 144 120 72 5449 5425 48 5401 4585 816 768 744 48 48 696 48 648
internal_count=5953 5905 216 168 48 120 96 72 5689 5641 5617 48 48 5593 144 120 72 5449 5425 48 5401 4585 816 768 744 48 48 696 48 648
is_linear=0
shrinkage=0.05


Tree=157
num_leaves=31
num_cat=0
split_feature=0 0 0 0 0 0 0 0 0 0 0 0 0 0 0 0 0 0 0 0 0 0 0 0 0 0 0 0 0 0
split_gain=1.58023e-06 1.44521e-05 8.70091e-06 1.31445e-05 1.19402e-05 1.25483e-05 7.72647e-06 7.079e-06 2.37613e-05 1.77559e-05 1.18467e-05 2.10448e-05 1.16686e-05 8.13459e-06 1.26028e-05 1.19506e-05 7.34495e-06 2.39795e-05 2.0205e-05 1.84661e-05 8.77776e-06 1.55988e-05 2.19917e-05 7.80754e-06 7.65491e-06 2.08789e-05 1.40238e-05 2.88083e-05 1.03845e-05 1.09874e-05
threshold=0.0020425917694844495 0.001866093451278965 0.0023072232814748757 0.0023971661132836867 0.0021827998122470314 0.0022534084520796855 0.0020808564318267769 0.0028287714882308779 0.0029278205419772194 0.0028840650084086725 0.0026154520048600363 0.0026553461289055592 0.0027667136535893954 0.002455247004665716 0.0025105642701259119 0.0025468797556308293 0.0032080433903018475 0.0030829115671654477 0.0032910703023802911 0.0030327807007904969 0.003337919246072307 0.0033884638574101299 0.0034460593410293168 0.0032518789206043338 0.0036187552532875268 0.003540546764762276 0.0038758061320144379 0.0039398756813141108 0.0037412106850754057 0.0038241186501719606
decision_type=2 2 2 2 2 2 2 2 2 2 2 2 2 2 2 2 2 2 2 2 2 2 2 2 2 2 2 2 2 2
left_child=1 -1 4 -4 6 -6 -2 10 9 -9 13 -12 -13 -5 -15 -16 17 19 23 -10 -20 -22 -23 -18 25 -24 28 -28 -26 -30
right_child=2 -3 3 7 5 -7 -8 8 16 -11 11 12 -14 14 15 -17 18 -19 20 -21 21 22 24 -25 26 -27 27 -29 29 -31
leaf_value=-2.1573787931106526e-07 2.4390479544914949e-05 -2.2850462654686354e-05 -2.5595713971900598e-05 2.2827469244172487e-05 5.8985823337328239e-05 7.8562739114810643e-06 -1.0355174102490613e-05 -4.4615967097975633e-06 1.2735444634808633e-05 -6.6590303385569513e-05 6.4366273917308405e-05 -5.3994758149122438e-06 3.8217966262575083e-05 -4.0276522850035692e-05 2.9904486449516339e-05 -2.1065707551315429e-05 -1.2061016399377917e-05 4.1050624254832819e-05 3.1578801977245709e-05 -4.213511356678994e-05 -4.0421599070490953e-05 4.9596862189228775e-05 3.5104888648556485e-06 -5.3259221623074669e-05 3.2436208762785257e-06 -5.4834820406066016e-05 -5.558255310777737e-05 7.6850852151446084e-07 6.1276950350475087e-05 1.2404052730467496e-05
leaf_weight=3434 24 72 48 24 24 24 48 23 46 23 23 46 23 24 23 23 23 46 23 23 23 23 46 23 46 23 23 1633 23 23
leaf_count=3434 24 72 48 24 24 24 48 23 46 23 23 46 23 24 23 23 23 46 23 23 23 23 46 23 46 23 23 1633 23 23
internal_value=1.86916e-13 -6.8057e-07 9.75104e-07 2.98042e-07 1.41044e-05 3.3421e-05 1.22671e-06 8.43413e-07 1.26913e-08 -3.5526e-05 1.01913e-05 2.29463e-05 9.13967e-06 -2.2924e-06 -1.09049e-05 4.41939e-06 8.11312e-07 1.30874e-05 8.05926e-08 -5.55474e-06 8.79147e-07 5.00138e-07 1.01166e-06 -3.26601e-05 3.96658e-07 -1.59379e-05 1.04144e-06 -1.41451e-08 2.00421e-05 3.68405e-05
internal_weight=5953 3506 2447 2327 120 48 72 2279 2093 46 186 92 69 94 70 46 2047 115 1932 69 1886 1863 1840 46 1817 69 1748 1656 92 46
internal_count=5953 3506 2447 2327 120 48 72 2279 2093 46 186 92 69 94 70 46 2047 115 1932 69 1886 1863 1840 46 1817 69 1748 1656 92 46
is_linear=0
shrinkage=0.05


Tree=158
num_leaves=31
num_cat=0
split_feature=0 0 0 0 0 0 0 0 0 0 0 0 0 0 0 0 0 0 0 0 0 0 0 0 0 0 0 0 0 0
split_gain=1.58474e-06 1.91784e-06 1.52279e-05 2.31323e-05 2.30904e-05 2.10798e-05 2.81519e-05 3.32581e-05 2.50756e-05 2.23886e-05 1.3419e-05 1.79462e-05 2.27752e-05 1.27198e-05 2.53132e-05 1.95493e-05 1.50387e-05 1.14037e-05 1.00868e-05 9.91611e-06 9.19623e-06 1.69385e-05 1.36364e-05 8.05245e-06 1.53235e-05 7.73001e-06 2.07594e-05 1.33388e-05 1.16473e-05 9.9997e-06
threshold=0.046204879040816556 0.0052305128332245888 0.0046995108834841795 0.0043200374974826546 0.0042326956438449156 0.0047799479694173282 0.0048642353772912509 0.004936100157888609 0.0050197732439822614 0.0050882883699477155 0.0041256724018377258 0.0038758061320144379 0.0037412106850754057 0.0057200525588598896 0.0058931692408885454 0.0060314024052628137 0.0059638842426135109 0.0039398756813141108 0.0041687330421885114 0.0038241186501719606 0.0043954046348243592 0.0044867306992448638 0.0046150052830187761 0.0054712042589986883 0.0053313397534705239 0.0034930435118120475 0.0033884638574101299 0.003337919246072307 0.0036187552532875268 0.0036695289342178871
decision_type=2 2 2 2 2 2 2 2 2 2 2 2 2 2 2 2 2 2 2 2 2 2 2 2 2 2 2 2 2 2
left_child=1 2 3 4 10 -4 -7 -8 -9 -10 11 12 25 23 -15 16 -16 -13 -12 -14 -5 -22 -23 24 -3 26 27 -1 -27 -30
right_child=-2 13 5 20 -6 6 7 8 9 -11 18 17 19 14 15 -17 -18 -19 -20 -21 21 22 -24 -25 -26 28 -28 -29 29 -31
leaf_value=-2.1642349836406038e-07 -1.3099181081127861e-05 3.7361765293019789e-05 -5.9831182917822962e-05 5.0550566621772623e-05 -5.0409001794279268e-05 4.2368944116827589e-05 -7.2005363788617692e-05 4.0429279792790663e-05 -6.0133205355985257e-05 2.8469341645098252e-07 5.0097606246076206e-05 -5.2803416316316513e-05 5.8213106097790174e-05 -3.6297899825275755e-05 4.8835368310708723e-06 1.0989459303118095e-07 6.2061167282872302e-05 -1.2149818389118899e-05 3.2703551329652096e-06 1.1783838968055889e-05 -2.1957401116631684e-05 4.3306480092328659e-05 -3.8457080929378133e-06 2.8195109558325476e-05 -1.2622179770994041e-05 -3.2499552870159161e-05 3.3346491423087535e-05 -3.8400515989886355e-05 2.6393710109202762e-05 -2.0230824220166342e-05
leaf_weight=4090 23 23 23 23 23 23 23 23 23 46 23 23 23 46 23 966 23 69 23 23 23 46 23 69 46 46 46 23 23 23
leaf_count=4090 23 23 23 23 23 23 23 23 23 46 23 23 23 46 23 966 23 69 23 23 23 46 23 69 46 46 46 23 23 23
internal_value=-6.05329e-13 5.08057e-08 -4.01155e-07 1.30938e-07 -4.40222e-07 -1.55146e-05 -8.12849e-06 -1.8228e-05 -4.78363e-06 -1.98546e-05 -1.81083e-07 -4.62649e-07 5.17834e-09 1.83975e-06 -2.25114e-08 1.62637e-06 3.34724e-05 -2.23132e-05 2.6684e-05 3.49985e-05 2.22721e-05 1.52025e-05 2.75891e-05 1.61171e-05 4.03914e-06 -3.73484e-07 -5.63706e-08 -4.2995e-07 -1.47091e-05 3.08144e-06
internal_weight=5953 5930 4734 4573 4458 161 138 115 92 69 4435 4389 4297 1196 1058 1012 46 92 46 46 115 92 69 138 69 4251 4159 4113 92 46
internal_count=5953 5930 4734 4573 4458 161 138 115 92 69 4435 4389 4297 1196 1058 1012 46 92 46 46 115 92 69 138 69 4251 4159 4113 92 46
is_linear=0
shrinkage=0.05


Tree=159
num_leaves=31
num_cat=0
split_feature=0 0 0 0 0 0 0 0 0 0 0 0 0 0 0 0 0 0 0 0 0 0 0 0 0 0 0 0 0 0
split_gain=1.48418e-06 1.97185e-06 4.19993e-06 2.00364e-06 2.87244e-06 2.4811e-06 1.8981e-06 4.40165e-06 1.87043e-06 4.23936e-06 4.28836e-06 1.746e-06 1.66406e-06 1.4969e-06 6.88919e-06 5.94355e-06 5.13367e-06 6.94548e-06 5.47475e-06 7.19228e-06 6.86436e-06 8.89777e-06 6.15276e-06 2.63939e-05 1.24243e-05 1.31619e-05 9.61998e-06 2.03614e-05 1.63901e-05 3.76844e-05
threshold=-0.050161956975202614 -0.013109586457152869 -0.014744358271977483 -0.017899142657214113 -0.016018514911379168 -0.020198907872569026 -0.022578175613438552 -0.027323983957631862 -0.011860397195859339 -0.011431649397759874 -0.011055501685961366 -0.013893522920339211 -0.01241668460002244 -0.0082134807213181931 -0.0077712965683273986 -0.0075694638907180698 -0.006990260617628352 -0.0073243711975200807 -0.006647014231557548 -0.0068077683775005999 -0.0064153301772330871 -0.0061589658740905584 -0.004954723710388219 -0.0046926363438754707 -0.0054481196936981341 -0.0058656100349734073 -0.0044660990012244757 -0.0045885086614475172 -0.0042428440131381398 -0.0040419387176810736
decision_type=2 2 2 2 2 2 2 2 2 2 2 2 2 2 2 2 2 2 2 2 2 2 2 2 2 2 2 2 2 2
left_child=-1 2 3 5 -5 6 7 -2 12 -10 -11 -4 -3 -12 -15 -16 17 -17 19 -18 -20 -22 24 -24 25 -23 27 -25 -28 -30
right_child=1 8 11 4 -6 -7 -8 -9 9 10 13 -13 -14 14 15 16 18 -19 20 -21 21 22 23 26 -26 -27 28 -29 29 -31
leaf_value=1.2408819990620638e-05 1.840773287161331e-06 6.5571943347701265e-07 -2.7254436766573538e-05 1.9895731626699367e-05 -4.5669980560584616e-06 -1.8807071561847503e-05 1.1380416731299193e-05 -2.2884532518219204e-05 -2.0916101736171792e-05 2.1233200959613897e-05 -3.8105905647019731e-06 -8.1822121501318182e-06 1.9275052121277747e-05 1.9082941192512712e-05 -2.4770667854075629e-05 -8.5341879942764841e-06 2.5309795091743584e-06 2.4408667938284151e-05 2.6818915406086791e-05 -3.617808985533581e-05 -2.1410174304037356e-05 1.8031292711384594e-05 -3.704123670710639e-05 -1.0073394029556464e-05 2.1883226357507134e-05 -1.577004255118987e-05 -2.9074554398296944e-05 5.5056868617005732e-05 4.4367987599495494e-05 -1.6128382080879175e-07
leaf_weight=24 72 24 24 24 24 24 24 24 24 24 240 24 24 48 24 24 24 48 24 24 48 48 48 24 96 72 48 24 48 4681
leaf_count=24 72 24 24 24 24 24 24 24 24 24 240 24 24 48 24 24 24 48 24 24 48 48 48 24 96 72 48 24 48 4681
internal_value=-5.35737e-14 -5.02297e-08 -4.48968e-06 -1.18252e-06 7.66437e-06 -4.13148e-06 -1.19636e-06 -4.34055e-06 1.37056e-07 5.34253e-08 1.43023e-07 -1.77183e-05 9.96539e-06 5.25231e-08 2.25725e-07 5.51032e-08 1.67926e-07 1.34277e-05 -1.53536e-08 -1.68236e-05 1.40971e-07 1.63324e-08 2.1843e-07 -1.47601e-07 8.47615e-06 -2.24951e-06 2.19424e-07 2.24917e-05 -4.37194e-09 2.90694e-07
internal_weight=5953 5929 240 192 48 144 120 96 5689 5641 5617 48 48 5593 5353 5305 5281 72 5209 48 5161 5137 5089 4873 216 120 4825 48 4777 4729
internal_count=5953 5929 240 192 48 144 120 96 5689 5641 5617 48 48 5593 5353 5305 5281 72 5209 48 5161 5137 5089 4873 216 120 4825 48 4777 4729
is_linear=0
shrinkage=0.05


Tree=160
num_leaves=31
num_cat=0
split_feature=0 0 0 0 0 0 0 0 0 0 0 0 0 0 0 0 0 0 0 0 0 0 0 0 0 0 0 0 0 0
split_gain=1.47774e-06 2.23635e-05 3.80178e-05 3.5825e-05 3.3548e-05 2.55306e-05 2.18748e-05 1.9734e-05 1.71855e-05 3.84348e-05 1.71364e-05 1.44478e-05 3.11097e-05 1.55507e-05 4.36287e-05 1.40659e-05 1.28373e-05 2.50718e-05 1.74594e-05 2.00964e-05 1.71232e-05 1.06114e-05 1.83167e-05 1.35736e-05 9.80598e-06 9.19016e-06 1.82083e-05 1.28352e-05 9.01705e-06 4.9642e-05
threshold=-0.0030078749251793301 -0.0035976423254494368 -0.0038714621955656691 -0.0034946426188443634 -0.0039474372548191769 -0.0033079396304207726 -0.0028563024556434264 -0.0031629927537497452 -0.0041335871280671855 -0.0040419387176810736 -0.0029279978062143963 -0.0027023007013469232 -0.0027684927753667743 -0.0023734529641045278 -0.0023106087784343717 -0.0037152489831321091 -0.0043218991557717685 -0.0042428440131381398 -0.0045885086614475172 -0.004954723710388219 -0.0054481196936981341 -0.0024846611764242489 -0.0025769388712698913 -0.0024359535633138112 -0.0044660990012244757 -0.0053171534512130537 -0.0052288518901749846 -0.0050608455083966082 -0.0021678216366010977 -0.0021144916596704116
decision_type=2 2 2 2 2 2 2 2 2 2 2 2 2 2 2 2 2 2 2 2 2 2 2 2 2 2 2 2 2 2
left_child=1 2 4 -3 8 -5 10 -7 16 -10 -2 12 -8 21 -15 -4 18 -18 19 20 -1 22 -13 -23 -20 -22 -27 -28 -16 -30
right_child=6 3 15 5 -6 7 11 -9 9 -11 -12 13 -14 14 28 -17 17 -19 24 -21 25 23 -24 -25 -26 26 27 -29 29 -31
leaf_value=-1.3337893244301367e-06 4.2466044365225928e-06 -7.5108629243914041e-05 7.1555505731642682e-05 2.0648032780930713e-05 -5.9386269034196942e-05 -4.6682181255164325e-05 1.3348572563541973e-05 -1.343157449203621e-06 7.4373876365522551e-05 -1.5109404436467837e-05 6.528186514396626e-05 2.435524772369283e-05 -6.8888711457079998e-05 -6.8771075609180601e-05 2.2297068094105827e-05 1.7422380945693779e-05 -6.2347096597174342e-05 9.9252989457454546e-06 5.2304012873113009e-05 -2.6649350426547855e-05 4.7584226194885559e-05 6.4302645066914999e-05 -3.0292937299236656e-05 9.9814443788288731e-06 7.1054298435531868e-06 -2.3701945489544112e-05 5.5492359751951885e-05 3.7816033000126484e-06 -7.3215079686159035e-05 4.4634942633658284e-07
leaf_weight=984 23 24 24 48 24 48 23 48 24 24 23 46 23 23 46 24 24 24 24 72 24 23 23 23 24 24 24 24 23 4118
leaf_count=984 23 24 24 48 24 48 23 48 24 24 23 46 23 23 46 24 24 24 24 72 24 23 23 23 24 24 24 24 23 4118
internal_value=-3.8973e-14 -1.33589e-06 7.78361e-07 -1.85519e-05 -8.11115e-07 -9.12577e-06 4.64551e-07 -2.40127e-05 2.7361e-07 2.96322e-05 3.47642e-05 1.03584e-07 -2.77701e-05 4.00044e-07 -9.54749e-08 4.44889e-05 -8.55568e-07 -2.62109e-05 1.58645e-07 -1.07244e-06 6.32686e-07 1.85403e-05 6.13919e-06 3.7142e-05 2.97047e-05 2.07891e-05 1.18573e-05 2.9637e-05 2.81773e-07 3.72181e-08
internal_weight=5953 1536 1368 168 1320 144 4417 96 1296 48 46 4371 46 4325 4210 48 1248 48 1200 1152 1080 115 69 46 48 96 72 48 4187 4141
internal_count=5953 1536 1368 168 1320 144 4417 96 1296 48 46 4371 46 4325 4210 48 1248 48 1200 1152 1080 115 69 46 48 96 72 48 4187 4141
is_linear=0
shrinkage=0.05


Tree=161
num_leaves=31
num_cat=0
split_feature=0 0 0 0 0 0 0 0 0 0 0 0 0 0 0 0 0 0 0 0 0 0 0 0 0 0 0 0 0 0
split_gain=1.45142e-06 2.53766e-06 6.27011e-06 4.042e-06 3.55962e-06 5.62443e-06 4.6463e-06 3.14293e-06 2.93473e-06 1.02826e-05 5.44371e-06 4.64422e-06 1.19044e-05 1.10143e-05 1.01681e-05 5.7552e-06 2.49412e-06 1.67314e-06 1.63792e-06 5.44351e-06 4.85072e-06 4.8914e-06 6.03365e-06 5.99967e-06 7.29234e-06 1.30733e-05 7.16315e-06 4.83633e-06 2.46941e-05 2.12035e-05
threshold=0.037925976458710924 0.017652897609846101 0.019601077130010799 0.016328996554610096 0.013471226725432842 0.014341752624165545 0.015298453853237368 0.023554004996251227 0.011369417766440045 0.010572379022454311 0.011890504689669283 0.0091487169768551205 0.0088840703875546299 0.0094889458289314239 0.0097591273249414082 0.010147383968335201 0.030803742181755533 0.010903837729938103 0.0086018910567939606 0.0083253114794032794 0.007776959479531248 0.0076473147461918961 0.0075114621539750922 0.00704907535732962 0.0072762817437040887 0.0073770644335394682 0.006812636570764286 0.0061281797422286129 0.0059638842426135109 0.0062371401705527711
decision_type=2 2 2 2 2 2 2 2 2 2 2 2 2 2 2 2 2 2 2 2 2 2 2 2 2 2 2 2 2 2
left_child=1 3 -3 4 8 -6 -7 -4 9 11 -10 12 18 -13 -15 -16 -9 -11 19 20 21 22 23 26 -25 -26 27 28 -1 -29
right_child=-2 2 7 -5 5 6 -8 16 10 17 -12 13 -14 14 15 -17 -18 -19 -20 -21 -22 -23 -24 24 25 -27 -28 29 -30 -31
leaf_value=-2.3401032078552677e-07 -8.8471320297052756e-06 3.0916700463580049e-05 -1.4319478308923704e-05 -2.0980593019529532e-05 3.14986378804821e-05 -1.4674579522208027e-05 1.710693999800993e-05 1.9960126424532225e-05 -3.0038698130975599e-05 1.4037353463683522e-05 -1.950568748988967e-06 -4.1055444537208963e-05 3.5941321908941737e-05 2.6420257800845834e-05 -3.2389307718562041e-05 -1.7568476481676993e-06 -3.3250422743351567e-06 3.3108956615804978e-05 1.3208597817498705e-05 -1.728963739760334e-05 1.3155629689656739e-05 -2.3195396668439653e-05 2.5466191974650748e-05 -2.6932288323144391e-05 2.7876974174590865e-05 -2.5433613083568283e-05 1.9669038983525044e-05 -5.3208106344201318e-05 3.657037766812288e-05 -6.1848203546580177e-07
leaf_weight=4941 46 23 23 23 23 23 23 23 23 23 69 23 23 23 23 46 23 23 23 46 69 23 23 46 23 23 46 23 46 115
leaf_count=4941 46 23 23 23 23 23 23 23 23 23 69 23 23 23 23 46 23 23 23 46 69 23 23 46 23 23 46 23 46 115
internal_value=2.80279e-13 6.88962e-08 8.30808e-06 -6.14571e-08 2.16126e-08 1.13103e-05 1.21618e-06 7.71869e-07 -1.14491e-07 3.02338e-08 -8.9726e-06 -1.63674e-07 4.53857e-08 -1.01076e-05 -2.37069e-06 -1.19677e-05 8.31754e-06 2.35732e-05 -1.06185e-07 -1.62645e-07 -1.61519e-08 -1.87343e-07 -8.72322e-08 -1.98904e-07 -1.28553e-05 1.22168e-06 2.62727e-08 -1.50033e-07 1.05473e-07 -9.38342e-06
internal_weight=5953 5907 92 5815 5792 69 46 69 5723 5631 92 5585 5470 115 92 69 46 46 5447 5424 5378 5309 5286 5263 92 46 5171 5125 4987 138
internal_count=5953 5907 92 5815 5792 69 46 69 5723 5631 92 5585 5470 115 92 69 46 46 5447 5424 5378 5309 5286 5263 92 46 5171 5125 4987 138
is_linear=0
shrinkage=0.05


Tree=162
num_leaves=31
num_cat=0
split_feature=0 0 0 0 0 0 0 0 0 0 0 0 0 0 0 0 0 0 0 0 0 0 0 0 0 0 0 0 0 0
split_gain=1.36684e-06 2.36247e-06 3.29493e-06 2.30465e-06 2.59237e-06 1.78156e-06 2.31467e-06 3.07869e-06 1.71785e-06 3.79431e-06 3.90242e-06 1.57576e-06 1.50182e-06 1.35008e-06 5.77063e-06 2.29756e-06 1.72547e-06 7.09718e-06 3.08562e-06 2.93942e-06 2.4628e-06 5.62241e-06 6.27815e-06 5.32411e-06 4.81002e-06 1.09988e-05 2.78055e-06 1.42116e-05 1.21688e-05 8.36383e-06
threshold=-0.041057583575550255 -0.013109586457152869 -0.014744358271977483 -0.017899142657214113 -0.016018514911379168 -0.020198907872569026 -0.022578175613438552 -0.027323983957631862 -0.011860397195859339 -0.011431649397759874 -0.011055501685961366 -0.013893522920339211 -0.01241668460002244 -0.010110776558653363 -0.010382870609192218 -0.010755843220688821 -0.00957397570292093 -0.0092284920864327252 -0.0089603765977270908 -0.008675775959136196 -0.0084348269931123019 -0.0082134807213181931 -0.0077712965683273986 -0.0075694638907180698 -0.0071028240303755595 -0.0073243711975200807 -0.0059894136610153222 -0.0058656100349734073 -0.0057059410177613791 -0.0050608455083966082
decision_type=2 2 2 2 2 2 2 2 2 2 2 2 2 2 2 2 2 2 2 2 2 2 2 2 2 2 2 2 2 2
left_child=-1 2 3 5 -5 6 7 -2 12 -10 -11 -4 -3 14 15 -12 -15 -18 -19 -20 -21 -22 -23 -24 25 -25 -26 -28 -29 -30
right_child=1 8 11 4 -6 -7 -8 -9 9 10 13 -13 -14 16 -16 -17 17 18 19 20 21 22 23 24 26 -27 27 28 29 -31
leaf_value=8.4032941231271249e-06 2.7080521552610056e-07 7.0130687011745372e-07 -2.5813320219943611e-05 1.8979326766081311e-05 -4.2602502314063413e-06 -1.7788334904859463e-05 1.0889807947478403e-05 -2.1661937838265053e-05 -1.9791912321428148e-05 2.0249949648132316e-05 -7.6875861547402266e-06 -7.6947074073056388e-06 1.8389701942093477e-05 9.5721493986881508e-06 -2.6776129501134469e-05 1.4190685518163568e-05 -2.7079417432555416e-05 1.8058898558592772e-05 -1.7368381183284024e-05 1.6150000980511929e-05 -2.4049108287726997e-05 1.8207180801255163e-05 -2.3453725346674523e-05 -8.0290895008753683e-06 -6.3233879700419498e-06 3.9839760938775731e-05 3.8599251517249899e-05 -3.5486079044252011e-05 1.3243527616092858e-05 -1.1747399178161277e-07
leaf_weight=48 48 24 24 24 24 24 24 24 24 24 24 24 24 48 24 24 24 24 24 24 24 48 24 24 168 24 24 24 120 4897
leaf_count=48 48 24 24 24 24 24 24 24 24 24 24 24 24 48 24 24 24 24 24 24 24 48 24 24 168 24 24 24 120 4897
internal_value=-3.88616e-13 -6.83083e-08 -5.20087e-06 -1.89997e-06 7.35954e-06 -5.60377e-06 -2.55763e-06 -7.04011e-06 1.26565e-07 4.64178e-08 1.31182e-07 -1.6754e-05 9.5455e-06 4.48507e-08 -6.75768e-06 3.25155e-06 1.33563e-07 5.07837e-08 1.70278e-07 9.11395e-08 1.68723e-07 9.73913e-08 2.05651e-07 4.27723e-08 1.49554e-07 1.59053e-05 5.03347e-09 2.1494e-07 3.21935e-08 2.02103e-07
internal_weight=5953 5905 216 168 48 120 96 72 5689 5641 5617 48 48 5593 72 48 5521 5473 5449 5425 5401 5377 5353 5305 5281 48 5233 5065 5041 5017
internal_count=5953 5905 216 168 48 120 96 72 5689 5641 5617 48 48 5593 72 48 5521 5473 5449 5425 5401 5377 5353 5305 5281 48 5233 5065 5041 5017
is_linear=0
shrinkage=0.05


Tree=163
num_leaves=31
num_cat=0
split_feature=0 0 0 0 0 0 0 0 0 0 0 0 0 0 0 0 0 0 0 0 0 0 0 0 0 0 0 0 0 0
split_gain=1.34979e-06 3.20383e-05 2.0782e-05 1.06335e-05 3.14444e-05 2.43731e-05 1.03919e-05 7.71017e-06 3.3606e-05 1.74982e-05 3.04793e-05 2.29141e-05 2.16056e-05 3.17012e-05 0.000101193 1.77427e-05 2.59825e-05 1.57793e-05 1.51611e-05 1.38017e-05 1.19508e-05 1.16286e-05 7.62455e-06 5.29289e-06 4.21715e-05 4.23592e-05 2.24176e-05 2.16211e-05 2.21091e-05 8.77852e-06
threshold=0.0014859408838954712 0.0014422045621178062 0.0015417439956161131 0.0013734960876878326 0.0013032371064385356 0.0012397888526209471 0.001336628976900265 0.0010279278069603649 0.0008859848629561676 0.00062509647156369869 0.00072670769405607709 0.00082615188029494708 0.00051901544814576155 0.00036662862087073848 0.00041126910178810976 6.4428457785339205e-05 0.0002435901031547042 0.00047053809498753932 0.00067547072744762228 0.00077244483763002725 0.0011850831211700596 0.00056287761173926356 0.00028699253498341561 -0.00047080791346445079 -0.00035314206361493247 -0.00031255517857436922 -0.0005124692770228505 -0.000162869263940615 -5.1690087292619742e-05 1.0000000180025095e-35
decision_type=2 2 2 2 2 2 2 2 2 2 2 2 2 2 2 2 2 2 2 2 2 2 2 2 2 2 2 2 2 2
left_child=1 3 -2 4 5 7 -6 8 9 12 18 19 13 15 -15 23 -17 -16 -11 -12 -9 -14 -18 26 -25 -26 -1 -27 -29 -30
right_child=2 -3 -4 -5 6 -7 -8 20 -10 10 11 -13 21 14 17 16 22 -19 -20 -21 -22 -23 -24 24 25 27 -28 28 29 -31
leaf_value=-2.5203912405161191e-07 4.7149070815066808e-05 -5.8239822343845542e-05 4.1261375394539226e-07 3.2901275274828853e-05 -6.3934666589678585e-05 5.0300160667878425e-05 -1.740538446786862e-05 -2.4416127194449981e-05 3.3914261070498872e-05 -2.212190061072761e-05 -5.6512700515061931e-06 -3.8676051553920848e-05 5.8002054962950449e-05 -0.00011701693752002029 3.7394011224023421e-05 3.8219065846887033e-05 -2.9199905414619326e-05 -1.9941532008260766e-05 -7.8323078488059167e-05 4.797098517883569e-05 1.6324891961024455e-05 8.7819883295499796e-06 1.0655424193828367e-05 -5.0341739552095532e-05 6.6758726936076642e-05 -3.4534126442795441e-05 4.9348160151250499e-05 3.2016208855684856e-05 -3.8818065228912495e-05 4.4094371332903396e-06
leaf_weight=2387 24 24 2663 24 24 24 24 72 72 24 24 24 24 24 24 72 24 24 24 24 24 24 24 46 23 46 23 46 23 24
leaf_count=2387 24 24 2663 24 24 24 24 72 72 24 24 24 24 24 24 72 24 24 24 24 24 24 24 46 23 46 23 46 23 24
internal_value=1.82535e-14 -6.82905e-07 8.30059e-07 -2.56821e-07 -5.04115e-07 1.04075e-07 -4.067e-05 -2.78857e-07 1.60288e-07 -6.55792e-07 -1.93603e-05 1.21455e-06 1.2956e-07 -4.38624e-07 -3.31882e-05 4.22576e-07 1.92225e-05 8.72624e-06 -5.02225e-05 2.11599e-05 -1.42309e-05 3.3392e-05 -9.27224e-06 -4.39149e-07 -8.09174e-06 3.90517e-06 2.21324e-07 -6.49506e-06 7.37373e-06 -1.67444e-05
internal_weight=5953 3266 2687 3242 3218 3170 48 3146 3050 2978 120 72 2858 2810 72 2738 120 48 48 48 96 48 48 2618 208 162 2410 139 93 47
internal_count=5953 3266 2687 3242 3218 3170 48 3146 3050 2978 120 72 2858 2810 72 2738 120 48 48 48 96 48 48 2618 208 162 2410 139 93 47
is_linear=0
shrinkage=0.05


Tree=164
num_leaves=31
num_cat=0
split_feature=0 0 0 0 0 0 0 0 0 0 0 0 0 0 0 0 0 0 0 0 0 0 0 0 0 0 0 0 0 0
split_gain=1.33679e-06 1.65772e-06 7.06149e-06 9.26706e-06 4.20537e-06 1.07336e-05 9.94042e-06 9.17668e-06 5.19406e-06 2.23353e-06 4.58649e-06 2.39273e-06 1.80056e-06 4.90232e-06 6.63252e-06 2.05877e-06 3.22711e-06 1.51001e-06 1.47446e-06 4.92255e-06 4.36635e-06 4.42118e-06 5.43791e-06 5.42974e-06 6.60683e-06 6.58134e-06 1.17986e-05 4.34539e-06 4.13647e-06 2.43353e-06
threshold=0.046204879040816556 0.012434112528229091 0.011369417766440045 0.010572379022454311 0.0091487169768551205 0.0088840703875546299 0.0094889458289314239 0.0097591273249414082 0.010147383968335201 0.014341752624165545 0.013471226725432842 0.015298453853237368 0.016328996554610096 0.017652897609846101 0.019601077130010799 0.023554004996251227 0.030803742181755533 0.010903837729938103 0.0086018910567939606 0.0083253114794032794 0.007776959479531248 0.0076473147461918961 0.0075114621539750922 0.00704907535732962 0.0069396422535360483 0.0072762817437040887 0.0073770644335394682 0.007186664679583738 0.0080992043414310679 0.0061281797422286129
decision_type=2 2 2 2 2 2 2 2 2 2 2 2 2 2 2 2 2 2 2 2 2 2 2 2 2 2 2 2 2 2
left_child=1 2 3 4 5 18 -6 -8 -9 10 -3 -11 -13 -14 -15 -16 -17 -5 19 20 21 22 23 24 29 27 -27 -25 -22 -1
right_child=-2 9 -4 17 6 -7 7 8 -10 11 -12 12 13 14 15 16 -18 -19 -20 -21 28 -23 -24 25 -26 26 -28 -29 -30 -31
leaf_value=1.0305750931639394e-07 -1.203086146194002e-05 2.5630541368509121e-06 -1.9640503824516404e-05 1.3320724484282951e-05 -3.9017425180408401e-05 3.4129489516920371e-05 2.5084496377056224e-05 -3.078458982560298e-05 -1.6837616029711766e-06 -1.3955600519219169e-05 2.9908947180956605e-05 1.6236843657679858e-05 -1.9946321971593021e-05 2.9356121692968455e-05 -1.3618251946552292e-05 1.8947313377714678e-05 -3.9908500342710836e-06 3.1438749283552168e-05 1.2533412993197209e-05 -1.6439914877438516e-05 2.1139653931047931e-05 -2.2050390891862387e-05 2.4178120150716732e-05 -1.0232844626601867e-05 2.6765533972217742e-05 2.6468360295478746e-05 -2.4176686004110431e-05 -4.096801655933909e-05 -4.8300251364707954e-06 -6.1425584124279022e-06
leaf_weight=4987 23 46 46 23 23 23 23 23 46 23 23 23 23 23 23 23 46 23 23 46 46 23 23 23 23 23 23 23 23 161
leaf_count=4987 23 46 46 23 23 23 23 23 46 23 23 23 23 23 23 23 46 23 23 46 46 23 23 23 23 23 23 23 23 161
internal_value=3.93724e-13 4.66631e-08 -1.29818e-07 2.95659e-08 -1.54518e-07 4.44193e-08 -9.61701e-06 -2.2669e-06 -1.1384e-05 4.00668e-06 1.16784e-05 1.1298e-06 3.28486e-06 1.12619e-06 5.3407e-06 -6.6316e-07 3.6552e-06 2.23797e-05 -9.95051e-08 -1.53074e-07 -1.37666e-08 -1.76186e-07 -8.10086e-08 -1.87024e-07 2.71907e-08 -1.22273e-05 1.14584e-06 -2.56004e-05 1.24831e-05 -9.22696e-08
internal_weight=5953 5930 5677 5631 5585 5470 115 92 69 253 69 184 161 138 115 92 69 46 5447 5424 5378 5309 5286 5263 5171 92 46 46 69 5148
internal_count=5953 5930 5677 5631 5585 5470 115 92 69 253 69 184 161 138 115 92 69 46 5447 5424 5378 5309 5286 5263 5171 92 46 46 69 5148
is_linear=0
shrinkage=0.05


Tree=165
num_leaves=31
num_cat=0
split_feature=0 0 0 0 0 0 0 0 0 0 0 0 0 0 0 0 0 0 0 0 0 0 0 0 0 0 0 0 0 0
split_gain=1.32892e-06 2.01269e-05 3.43533e-05 3.23321e-05 3.02483e-05 2.30414e-05 1.97733e-05 1.78099e-05 1.554e-05 3.46874e-05 1.54656e-05 1.30134e-05 2.80765e-05 1.40775e-05 3.93422e-05 1.26945e-05 1.15587e-05 2.26273e-05 1.57899e-05 1.80917e-05 1.4923e-05 1.12709e-05 9.57679e-06 1.65309e-05 1.22502e-05 8.84989e-06 8.15909e-06 4.47664e-05 1.03351e-05 6.8653e-05
threshold=-0.0030078749251793301 -0.0035976423254494368 -0.0038714621955656691 -0.0034946426188443634 -0.0039474372548191769 -0.0033079396304207726 -0.0028563024556434264 -0.0031629927537497452 -0.0041335871280671855 -0.0040419387176810736 -0.0029279978062143963 -0.0027023007013469232 -0.0027684927753667743 -0.0023734529641045278 -0.0023106087784343717 -0.0037152489831321091 -0.0043218991557717685 -0.0042428440131381398 -0.0045885086614475172 -0.004954723710388219 -0.0052288518901749846 -0.0050608455083966082 -0.0024846611764242489 -0.0025769388712698913 -0.0024359535633138112 -0.0044660990012244757 -0.0021678216366010977 -0.0021144916596704116 -0.0016134251911044878 -0.0015545041955692732
decision_type=2 2 2 2 2 2 2 2 2 2 2 2 2 2 2 2 2 2 2 2 2 2 2 2 2 2 2 2 2 2
left_child=1 2 4 -3 8 -5 10 -7 16 -10 -2 12 -8 22 -15 -4 18 -18 19 20 -1 -22 23 -13 -24 -20 -16 -28 -29 -30
right_child=6 3 15 5 -6 7 11 -9 9 -11 -12 13 -14 14 26 -17 17 -19 25 -21 21 -23 24 -25 -26 -27 27 28 29 -31
leaf_value=-6.7385845406266009e-07 4.059289906011976e-06 -7.1328159901895563e-05 6.8002756006535495e-05 1.9640654909380831e-05 -5.6391933079188075e-05 -4.4323046161783471e-05 1.2706178645400898e-05 -1.2509813586802921e-06 7.0680212714554122e-05 -1.4328907612555972e-05 6.204280418941104e-05 2.3162518608960849e-05 -6.5419254077942637e-05 -6.530749808956424e-05 2.1207235840847718e-05 1.6576283049592654e-05 -5.9204723887281346e-05 9.4540519057773054e-06 4.9713834160532623e-05 -2.5291857774492304e-05 5.2074723134865054e-05 3.617542339876915e-06 6.1112544853645173e-05 -2.875326773273232e-05 9.5073978983513683e-06 6.7751827979615587e-06 -6.9529294800620687e-05 1.2839475100647055e-05 -8.621696801049479e-05 4.1968647669054927e-07
leaf_weight=1032 23 24 24 48 24 48 23 48 24 24 23 46 23 23 46 24 24 24 24 72 24 24 23 23 23 24 23 161 23 3934
leaf_count=1032 23 24 24 48 24 48 23 48 24 24 23 46 23 23 46 24 24 24 24 72 24 24 23 23 23 24 23 161 23 3934
internal_value=-2.75731e-13 -1.26683e-06 7.38904e-07 -1.75993e-05 -7.72027e-07 -8.64446e-06 4.40538e-07 -2.2787e-05 2.57971e-07 2.81757e-05 3.3051e-05 9.73478e-08 -2.63565e-05 3.78707e-07 -9.27557e-08 4.22895e-05 -8.15786e-07 -2.48753e-05 1.46596e-07 -1.02415e-06 5.93697e-07 2.78461e-05 1.76383e-05 5.85726e-06 3.531e-05 2.82445e-05 2.65481e-07 3.28515e-08 4.21372e-07 -8.38877e-08
internal_weight=5953 1536 1368 168 1320 144 4417 96 1296 48 46 4371 46 4325 4210 48 1248 48 1200 1152 1080 48 115 69 46 48 4187 4141 4118 3957
internal_count=5953 1536 1368 168 1320 144 4417 96 1296 48 46 4371 46 4325 4210 48 1248 48 1200 1152 1080 48 115 69 46 48 4187 4141 4118 3957
is_linear=0
shrinkage=0.05


Tree=166
num_leaves=31
num_cat=0
split_feature=0 0 0 0 0 0 0 0 0 0 0 0 0 0 0 0 0 0 0 0 0 0 0 0 0 0 0 0 0 0
split_gain=1.27202e-06 1.52734e-06 3.41095e-06 1.64084e-06 2.33962e-06 2.01207e-06 1.56532e-06 3.4086e-06 3.53802e-06 1.55546e-06 3.56665e-06 1.42213e-06 1.35539e-06 1.21966e-06 1.4909e-06 1.39452e-05 2.0664e-05 2.09247e-05 1.90245e-05 2.54071e-05 3.00154e-05 2.26307e-05 2.02057e-05 1.20187e-05 1.63626e-05 2.04158e-05 1.15687e-05 2.27665e-05 1.66566e-05 1.26684e-05
threshold=-0.050161956975202614 -0.013109586457152869 -0.014744358271977483 -0.017899142657214113 -0.016018514911379168 -0.020198907872569026 -0.011860397195859339 -0.011431649397759874 -0.011055501685961366 -0.022578175613438552 -0.027323983957631862 -0.013893522920339211 -0.01241668460002244 0.046204879040816556 0.0052305128332245888 0.0046995108834841795 0.0043200374974826546 0.0042326956438449156 0.0047799479694173282 0.0048642353772912509 0.004936100157888609 0.0050197732439822614 0.0050882883699477155 0.0041256724018377258 0.0038758061320144379 0.0037412106850754057 0.0057200525588598896 0.0058931692408885454 0.0060314024052628137 0.0059638842426135109
decision_type=2 2 2 2 2 2 2 2 2 2 2 2 2 2 2 2 2 2 2 2 2 2 2 2 2 2 2 2 2 2
left_child=-1 2 3 5 -5 9 12 -8 -9 10 -2 -4 -3 14 15 16 17 23 -17 -20 -21 -22 -23 24 25 -10 -16 -28 29 -29
right_child=1 6 11 4 -6 -7 7 8 13 -11 -12 -13 -14 -15 26 18 -18 -19 19 20 21 22 -24 -25 -26 -27 27 28 -30 -31
leaf_value=1.1487749967879306e-05 1.7191833952286591e-06 7.0740411501901694e-07 -2.4481516932913411e-05 1.8071515963432224e-05 -4.0060971514321867e-06 -1.6857761268814406e-05 -1.8761163422216974e-05 1.9278586694326805e-05 -3.0117457837364955e-07 1.0386423705692021e-05 -2.0537689730796654e-05 -7.2688218400192753e-06 1.7511365755732791e-05 -1.145032026966953e-05 1.5267819663910626e-05 -5.6883062770003053e-05 2.1115030056376862e-05 -4.7932002179668814e-05 4.0207051358226201e-05 -6.8448537912563958e-05 3.836436656496042e-05 -5.7169991550440693e-05 2.270069355448789e-07 2.5306336607647373e-05 -2.1241002576002558e-05 3.3205107557359555e-05 -3.4526449947051054e-05 4.5959134181232557e-06 3.9722831303908877e-08 5.7074431590634687e-05
leaf_weight=24 72 24 24 24 24 24 24 24 3891 24 24 24 24 23 138 23 115 23 23 23 23 23 46 46 92 46 46 23 966 23
leaf_count=24 72 24 24 24 24 24 24 24 3891 24 24 24 24 23 138 23 115 23 23 23 23 23 46 46 92 46 46 23 966 23
internal_value=1.63195e-13 -4.65011e-08 -3.95364e-06 -9.73257e-07 7.03271e-06 -3.64191e-06 1.18328e-07 4.1822e-08 1.22162e-07 -9.98743e-07 -3.84503e-06 -1.58752e-05 9.10938e-06 3.99606e-08 8.7407e-08 -3.40346e-07 2.11554e-07 -3.75049e-07 -1.47823e-05 -7.76552e-06 -1.736e-05 -4.5879e-06 -1.89053e-05 -1.0663e-07 -3.96775e-07 9.03136e-08 1.65178e-06 -1.24222e-07 1.43952e-06 3.08352e-05
internal_weight=5953 5929 240 192 48 144 5689 5641 5617 120 96 48 48 5593 5570 4374 4213 4098 161 138 115 92 69 4075 4029 3937 1196 1058 1012 46
internal_count=5953 5929 240 192 48 144 5689 5641 5617 120 96 48 48 5593 5570 4374 4213 4098 161 138 115 92 69 4075 4029 3937 1196 1058 1012 46
is_linear=0
shrinkage=0.05


Tree=167
num_leaves=31
num_cat=0
split_feature=0 0 0 0 0 0 0 0 0 0 0 0 0 0 0 0 0 0 0 0 0 0 0 0 0 0 0 0 0 0
split_gain=1.1758e-06 2.87002e-05 1.80376e-05 1.54769e-05 1.77128e-05 2.09923e-05 1.74832e-05 1.2431e-05 1.10558e-05 6.61305e-06 9.43047e-06 3.49473e-05 2.3982e-05 1.49791e-05 3.14501e-05 3.09972e-05 2.73036e-05 1.71227e-05 2.07428e-05 1.40201e-05 3.13054e-05 1.14568e-05 1.04359e-05 2.04212e-05 1.42452e-05 1.63348e-05 1.36933e-05 1.01052e-05 8.65373e-06 1.57323e-05
threshold=-0.0020429331696519876 -0.0021678216366010977 -0.0019650459139951377 -0.0022266102823411036 -0.0023734529641045278 -0.0024846611764242489 -0.0023106087784343717 -0.0021144916596704116 -0.0024359535633138112 -0.0025769388712698913 -0.0027023007013469232 -0.0027684927753667743 -0.0029279978062143963 -0.0035976423254494368 -0.0034946426188443634 -0.0038714621955656691 -0.0039474372548191769 -0.0033079396304207726 -0.0031629927537497452 -0.0041335871280671855 -0.0040419387176810736 -0.0037152489831321091 -0.0043218991557717685 -0.0042428440131381398 -0.0045885086614475172 -0.004954723710388219 -0.0054481196936981341 -0.0028563024556434264 -0.0053171534512130537 -0.0052288518901749846
decision_type=2 2 2 2 2 2 2 2 2 2 2 2 2 2 2 2 2 2 2 2 2 2 2 2 2 2 2 2 2 2
left_child=1 3 -2 4 5 9 -6 -3 -7 10 11 12 13 15 -15 16 19 -16 -19 22 -21 -17 24 -24 25 26 -1 -14 -28 -30
right_child=2 7 -4 -5 6 8 -8 -9 -10 -11 -12 -13 27 14 17 21 -18 18 -20 20 -22 -23 23 -25 -26 -27 28 -29 29 -31
leaf_value=-1.1741328303906717e-06 4.4627568485853062e-05 -6.6037772668768531e-05 2.2393316041576178e-07 4.070123680361101e-05 -6.2027067938090667e-05 5.8071982145876339e-05 -3.7736811108239325e-07 -1.4053146688915466e-05 9.0470848827744305e-06 -2.7300545227025515e-05 2.2019448078935969e-05 -6.2133231119293242e-05 5.8955720337310248e-05 -6.7746689683190195e-05 1.8673685008252506e-05 6.4617681565929761e-05 -5.3557287416576097e-05 -4.2091829648901087e-05 4.608476623436961e-07 6.7161252081859865e-05 -1.3597404661898813e-05 1.5762535527604391e-05 -5.6229424808407208e-05 8.9964179399733738e-06 2.6847342110158937e-05 -2.4012211421601631e-05 4.4610748712633119e-05 1.2085930970699892e-05 -2.3111116752261297e-05 2.6468883515917699e-05
leaf_weight=984 23 23 4072 23 23 23 23 23 23 23 46 23 23 24 48 24 24 48 71 24 24 24 24 24 48 72 24 23 24 48
leaf_count=984 23 23 4072 23 23 23 23 23 23 23 46 23 23 24 48 24 24 48 71 24 24 24 24 24 48 72 24 23 24 48
internal_value=4.53204e-13 -1.04321e-06 4.73331e-07 -5.30883e-08 -5.7704e-07 2.31198e-07 -3.12022e-05 -4.00455e-05 3.35595e-05 -6.72222e-07 -3.06361e-07 -9.37189e-07 -6.0236e-08 -1.11009e-06 -1.42266e-05 7.21224e-07 -7.14008e-07 -6.53503e-06 -1.67033e-05 2.64571e-07 2.67819e-05 4.01901e-05 -7.55327e-07 -2.36165e-05 1.5912e-07 -9.52889e-07 5.84399e-07 3.55208e-05 1.86093e-05 9.94222e-06
internal_weight=5953 1858 4095 1812 1789 1743 46 46 46 1697 1674 1628 1605 1559 191 1368 1320 167 119 1296 48 48 1248 48 1200 1152 1080 46 96 72
internal_count=5953 1858 4095 1812 1789 1743 46 46 46 1697 1674 1628 1605 1559 191 1368 1320 167 119 1296 48 48 1248 48 1200 1152 1080 46 96 72
is_linear=0
shrinkage=0.05


Tree=168
num_leaves=31
num_cat=0
split_feature=0 0 0 0 0 0 0 0 0 0 0 0 0 0 0 0 0 0 0 0 0 0 0 0 0 0 0 0 0 0
split_gain=1.16342e-06 1.8556e-06 2.67562e-06 1.88628e-06 2.11151e-06 1.4436e-06 1.89637e-06 2.48964e-06 1.43309e-06 3.05497e-06 3.21493e-06 1.28347e-06 1.22324e-06 1.17239e-06 5.208e-06 2.07355e-06 1.60094e-06 6.34271e-06 2.82641e-06 2.6123e-06 2.26022e-06 5.01762e-06 5.75174e-06 4.74919e-06 4.48839e-06 5.78165e-06 4.61249e-06 6.49104e-06 6.46434e-06 7.6041e-06
threshold=-0.041057583575550255 -0.013109586457152869 -0.014744358271977483 -0.017899142657214113 -0.016018514911379168 -0.020198907872569026 -0.022578175613438552 -0.027323983957631862 -0.011860397195859339 -0.011431649397759874 -0.011055501685961366 -0.013893522920339211 -0.01241668460002244 -0.010110776558653363 -0.010382870609192218 -0.010755843220688821 -0.00957397570292093 -0.0092284920864327252 -0.0089603765977270908 -0.008675775959136196 -0.0084348269931123019 -0.0082134807213181931 -0.0077712965683273986 -0.0075694638907180698 -0.006990260617628352 -0.0073243711975200807 -0.006647014231557548 -0.0068077683775005999 -0.0064153301772330871 -0.0061589658740905584
decision_type=2 2 2 2 2 2 2 2 2 2 2 2 2 2 2 2 2 2 2 2 2 2 2 2 2 2 2 2 2 2
left_child=-1 2 3 5 -5 6 7 -2 12 -10 -11 -4 -3 14 15 -12 -15 -18 -19 -20 -21 -22 -23 -24 25 -25 27 -26 -28 -30
right_child=1 8 11 4 -6 -7 -8 -9 9 10 13 -13 -14 16 -16 -17 17 18 19 20 21 22 23 24 26 -27 28 -29 29 -31
leaf_value=7.7528068989825751e-06 2.7113263361873882e-07 7.3072190692376661e-07 -2.3198748749564402e-05 1.7226634827238741e-05 -3.747096828495463e-06 -1.5956180626138427e-05 9.9258335247043316e-06 -1.9452103879302742e-05 -1.7764413981543234e-05 1.8373356639737418e-05 -7.1882920262093357e-06 -6.8466706579783931e-06 1.6694495495054678e-05 9.2084627491810053e-06 -2.532242991340657e-05 1.3596052546442176e-05 -2.5610537109817716e-05 1.7270846486402056e-05 -1.6385041089961305e-05 1.5457402817749732e-05 -2.2731736438193671e-05 1.741173103558443e-05 -2.2166140843182804e-05 -7.5127183663425969e-06 2.9139038815628739e-06 2.2543620859020544e-05 2.5987431581597778e-05 -3.3859729561906231e-05 -1.9830200956979147e-05 1.6435508778535787e-07
leaf_weight=48 48 24 24 24 24 24 24 24 24 24 24 24 24 48 24 24 24 24 24 24 24 48 24 24 24 48 24 24 48 5089
leaf_count=48 48 24 24 24 24 24 24 24 24 24 24 24 24 48 24 24 24 24 24 24 24 48 24 24 24 48 24 24 48 5089
internal_value=2.93553e-13 -6.302e-08 -4.61179e-06 -1.63724e-06 6.73977e-06 -4.98804e-06 -2.246e-06 -6.30328e-06 1.09688e-07 3.64842e-08 1.12543e-07 -1.50227e-05 8.71261e-06 3.41843e-08 -6.30489e-06 3.20388e-06 1.16853e-07 3.71165e-08 1.50081e-07 7.43394e-08 1.47479e-07 7.91435e-08 1.81415e-07 2.55143e-08 1.26366e-07 1.25248e-05 -4.50083e-08 -1.54729e-05 9.84793e-08 -2.24735e-08
internal_weight=5953 5905 216 168 48 120 96 72 5689 5641 5617 48 48 5593 72 48 5521 5473 5449 5425 5401 5377 5353 5305 5281 72 5209 48 5161 5137
internal_count=5953 5905 216 168 48 120 96 72 5689 5641 5617 48 48 5593 72 48 5521 5473 5449 5425 5401 5377 5353 5305 5281 72 5209 48 5161 5137
is_linear=0
shrinkage=0.05


Tree=169
num_leaves=31
num_cat=0
split_feature=0 0 0 0 0 0 0 0 0 0 0 0 0 0 0 0 0 0 0 0 0 0 0 0 0 0 0 0 0 0
split_gain=1.12069e-06 2.04225e-06 5.10193e-06 3.31161e-06 2.86772e-06 4.58114e-06 3.78444e-06 2.56506e-06 2.42418e-06 8.33011e-06 4.64418e-06 3.83159e-06 9.66096e-06 8.97123e-06 8.28196e-06 4.68764e-06 2.02358e-06 1.36278e-06 1.32098e-06 4.46795e-06 3.91117e-06 4.00742e-06 4.88847e-06 4.93935e-06 6.20054e-06 8.52049e-06 1.67603e-05 2.32633e-05 2.04087e-05 1.41133e-05
threshold=0.037925976458710924 0.017652897609846101 0.019601077130010799 0.016328996554610096 0.013471226725432842 0.014341752624165545 0.015298453853237368 0.023554004996251227 0.011369417766440045 0.010572379022454311 0.011890504689669283 0.0091487169768551205 0.0088840703875546299 0.0094889458289314239 0.0097591273249414082 0.010147383968335201 0.030803742181755533 0.010903837729938103 0.0086018910567939606 0.0083253114794032794 0.007776959479531248 0.0076473147461918961 0.0075114621539750922 0.00704907535732962 0.0066840215762294227 0.006306648111289598 0.0062371401705527711 0.0061281797422286129 0.0059638842426135109 0.0064136317100189338
decision_type=2 2 2 2 2 2 2 2 2 2 2 2 2 2 2 2 2 2 2 2 2 2 2 2 2 2 2 2 2 2
left_child=1 3 -3 4 8 -6 -7 -4 9 11 -10 12 18 -13 -15 -16 -9 -11 19 20 21 22 23 24 25 26 27 28 -1 -27
right_child=-2 2 7 -5 5 6 -8 16 10 17 -12 13 -14 14 15 -17 -18 -19 -20 -21 -22 -23 -24 -25 -26 29 -28 -29 -30 -31
leaf_value=-2.0515834097381608e-07 -7.7740904247469228e-06 2.7845923424414969e-05 -1.2979730862476258e-05 -1.8991380373177971e-05 2.837111292730855e-05 -1.3300225786540819e-05 1.5382605488412084e-05 1.7957597889977952e-05 -2.7611874911994877e-05 1.2612315027660731e-05 -1.668282261496221e-06 -3.7108945051168911e-05 3.2380635789393089e-05 2.3787887988399471e-05 -2.9287744900616619e-05 -1.6419649909948931e-06 -3.0163878008075386e-06 2.9824427253080776e-05 1.1864353892514889e-05 -1.5660299641240272e-05 1.1816549923041485e-05 -2.0990249449032886e-05 2.2926838668670668e-05 -1.1658313706388783e-05 1.4917921997540111e-05 -4.9602474230240388e-05 4.2652180823295015e-05 -5.0297723804681518e-05 3.3253690747622629e-05 -1.6328005902165466e-06
leaf_weight=4941 46 23 23 23 23 23 23 23 23 23 69 23 23 23 23 46 23 23 23 46 69 23 23 92 69 23 23 23 46 46
leaf_count=4941 46 23 23 23 23 23 23 23 23 23 69 23 23 23 23 46 23 23 23 46 69 23 23 92 69 23 23 23 46 46
internal_value=6.28828e-13 6.05404e-08 7.45185e-06 -5.63987e-08 1.8792e-08 1.01512e-05 1.04119e-06 6.53826e-07 -1.0337e-07 2.81651e-08 -8.15418e-06 -1.46365e-07 4.35257e-08 -9.17855e-06 -2.19595e-06 -1.08572e-05 7.47061e-06 2.12184e-05 -9.3018e-08 -1.43722e-07 -1.10033e-08 -1.64724e-07 -7.41093e-08 -1.74626e-07 2.96859e-08 -1.71664e-07 6.7581e-08 -1.27917e-07 1.03465e-07 -1.76227e-05
internal_weight=5953 5907 92 5815 5792 69 46 69 5723 5631 92 5585 5470 115 92 69 46 46 5447 5424 5378 5309 5286 5263 5171 5102 5033 5010 4987 69
internal_count=5953 5907 92 5815 5792 69 46 69 5723 5631 92 5585 5470 115 92 69 46 46 5447 5424 5378 5309 5286 5263 5171 5102 5033 5010 4987 69
is_linear=0
shrinkage=0.05


Tree=170
num_leaves=31
num_cat=0
split_feature=0 0 0 0 0 0 0 0 0 0 0 0 0 0 0 0 0 0 0 0 0 0 0 0 0 0 0 0 0 0
split_gain=1.08194e-06 1.24177e-06 1.62357e-05 1.61385e-05 2.82034e-05 2.63093e-05 2.44823e-05 1.88074e-05 1.44454e-05 1.28203e-05 2.82531e-05 1.25149e-05 1.05687e-05 2.28685e-05 1.15179e-05 3.20052e-05 1.03397e-05 9.26868e-06 1.84301e-05 1.30419e-05 1.44931e-05 1.265e-05 7.98702e-06 7.80999e-06 1.41984e-05 1.0172e-05 7.80035e-06 1.34645e-05 9.97788e-06 6.67114e-06
threshold=-0.050161956975202614 -0.0030078749251793301 -0.0028563024556434264 -0.0035976423254494368 -0.0038714621955656691 -0.0034946426188443634 -0.0039474372548191769 -0.0033079396304207726 -0.0031629927537497452 -0.0041335871280671855 -0.0040419387176810736 -0.0029279978062143963 -0.0027023007013469232 -0.0027684927753667743 -0.0023734529641045278 -0.0023106087784343717 -0.0037152489831321091 -0.0043218991557717685 -0.0042428440131381398 -0.0045885086614475172 -0.004954723710388219 -0.0054481196936981341 -0.0044660990012244757 -0.0053171534512130537 -0.0052288518901749846 -0.0050608455083966082 -0.0024846611764242489 -0.0025769388712698913 -0.0024359535633138112 -0.0021678216366010977
decision_type=2 2 2 2 2 2 2 2 2 2 2 2 2 2 2 2 2 2 2 2 2 2 2 2 2 2 2 2 2 2
left_child=-1 3 11 4 6 -5 9 -7 -9 17 -11 -3 13 -4 26 -16 -6 19 -19 20 21 -2 -21 -23 -25 -26 27 -14 -28 -17
right_child=1 2 12 5 16 7 -8 8 -10 10 -12 -13 14 -15 15 29 -18 18 -20 22 -22 23 -24 24 25 -27 28 -29 -30 -31
leaf_value=1.0594716392612706e-05 -1.355129955082172e-06 3.8503927340650036e-06 1.1483666679376494e-05 -6.43573195911055e-05 6.1388839276332882e-05 1.7742035940197335e-05 -5.08773776042896e-05 -3.9985205027430015e-05 -1.1943662533061192e-06 6.3805235064743701e-05 -1.2915497548722973e-05 5.6009976011093545e-05 2.0920519296930215e-05 -5.9024532579907986e-05 -5.8923666517290739e-05 1.9155886611374828e-05 1.4976435165673744e-05 -5.3415908890504704e-05 8.5486380460982524e-06 4.5902870025808323e-05 -2.2809559999991004e-05 4.2382237613007119e-05 5.1111684418477432e-06 -2.1953519293068288e-05 4.81646320016201e-05 2.1303162308565032e-06 5.5170418320061725e-05 -2.5933473269738582e-05 8.596778017185306e-06 9.3623050870198713e-09
leaf_weight=24 960 23 23 24 24 48 24 48 48 24 24 23 46 23 23 46 24 24 24 24 72 24 24 24 24 24 23 23 23 4141
leaf_count=24 960 23 23 24 24 48 24 48 48 24 24 23 46 23 23 46 24 24 24 24 72 24 24 24 24 24 23 23 23 4141
internal_value=3.99709e-14 -4.28863e-08 3.80476e-07 -1.27965e-06 5.46682e-07 -1.58903e-05 -8.47242e-07 -7.81251e-06 -2.05898e-05 9.67225e-08 2.54449e-05 2.99302e-05 6.94979e-08 -2.37704e-05 3.23056e-07 -1.03398e-07 3.81826e-05 -8.97322e-07 -2.24336e-05 -1.82892e-08 -1.10447e-06 3.7542e-07 2.5507e-05 1.76809e-05 9.44714e-06 2.51475e-05 1.5935e-05 5.30252e-06 3.18836e-05 2.19713e-07
internal_weight=5953 5929 4417 1512 1344 168 1296 144 96 1272 48 46 4371 46 4325 4210 48 1224 48 1176 1128 1056 48 96 72 48 115 69 46 4187
internal_count=5953 5929 4417 1512 1344 168 1296 144 96 1272 48 46 4371 46 4325 4210 48 1224 48 1176 1128 1056 48 96 72 48 115 69 46 4187
is_linear=0
shrinkage=0.05


Tree=171
num_leaves=31
num_cat=0
split_feature=0 0 0 0 0 0 0 0 0 0 0 0 0 0 0 0 0 0 0 0 0 0 0 0 0 0 0 0 0 0
split_gain=1.04501e-06 1.31924e-05 7.98686e-06 1.17554e-05 1.0776e-05 1.13249e-05 6.97314e-06 6.55392e-06 2.12872e-05 1.60247e-05 1.06916e-05 1.8993e-05 1.05309e-05 7.34147e-06 1.1374e-05 1.07854e-05 6.77392e-06 2.16415e-05 1.80777e-05 1.66657e-05 7.99695e-06 1.26332e-05 1.85676e-05 7.04631e-06 6.74527e-06 6.49372e-06 6.33111e-06 1.77406e-05 1.04759e-05 2.24296e-05
threshold=0.0020425917694844495 0.001866093451278965 0.0023072232814748757 0.0023971661132836867 0.0021827998122470314 0.0022534084520796855 0.0020808564318267769 0.0028287714882308779 0.0029278205419772194 0.0028840650084086725 0.0026154520048600363 0.0026553461289055592 0.0027667136535893954 0.002455247004665716 0.0025105642701259119 0.0025468797556308293 0.0032080433903018475 0.0030829115671654477 0.0032910703023802911 0.0030327807007904969 0.003337919246072307 0.0033884638574101299 0.0034460593410293168 0.0032518789206043338 0.0031414737074156002 0.0027107652337801562 0.0036187552532875268 0.003540546764762276 0.0038758061320144379 0.0039398756813141108
decision_type=2 2 2 2 2 2 2 2 2 2 2 2 2 2 2 2 2 2 2 2 2 2 2 2 2 2 2 2 2 2
left_child=1 -1 4 -4 6 -6 -2 10 9 -9 13 -12 25 -5 -15 -16 17 19 23 -10 -20 -22 -23 -18 -19 -13 27 -24 -28 -30
right_child=2 -3 3 7 5 -7 -8 8 16 -11 11 12 -14 14 15 -17 18 24 20 -21 21 22 26 -25 -26 -27 28 -29 29 -31
leaf_value=-1.0933224957233522e-07 2.3143769188512429e-05 -2.1735135699903674e-05 -2.434312003363933e-05 2.1658901459886692e-05 5.6009346614397752e-05 7.4362663781357701e-06 -9.8646094253732986e-06 -4.2657127462165515e-06 1.2071484469861784e-05 -6.3287978865327722e-05 6.1120776824637966e-05 1.3629455058791158e-05 3.6279877088457834e-05 -3.8289885136085411e-05 2.8382073145147173e-05 -2.0039620215791965e-05 -1.1485153687396593e-05 5.8117463334423047e-05 2.9972664323513928e-05 -4.0055555924165834e-05 -3.6518506322349626e-05 4.5411679741886004e-05 3.2757810122743453e-06 -5.0623448370733174e-05 1.9824341839209766e-05 -2.3942841562529796e-05 1.7212291514506037e-05 -5.0506110963634346e-05 -4.9154282011010732e-05 5.6832878688836768e-07
leaf_weight=3434 24 72 48 24 24 24 48 23 46 23 23 23 23 24 23 23 23 23 23 23 23 23 46 23 23 23 92 23 23 1633
leaf_count=3434 24 72 48 24 24 24 48 23 46 23 23 23 23 24 23 23 23 23 23 23 23 23 46 23 23 23 92 23 23 1633
internal_value=-7.54309e-14 -5.53445e-07 7.92961e-07 1.44277e-07 1.3372e-05 3.17228e-05 1.13818e-06 6.60027e-07 -1.39292e-07 -3.37768e-05 9.65452e-06 2.17718e-05 8.6555e-06 -2.20497e-06 -1.03869e-05 4.17123e-06 6.16608e-07 1.24058e-05 -8.5132e-08 -5.3042e-06 6.70214e-07 3.08455e-07 7.68792e-07 -3.10543e-05 3.89709e-05 -5.15669e-06 2.03692e-07 -1.46515e-05 7.90082e-07 -1.22263e-07
internal_weight=5953 3506 2447 2327 120 48 72 2279 2093 46 186 92 69 94 70 46 2047 115 1932 69 1886 1863 1840 46 46 46 1817 69 1748 1656
internal_count=5953 3506 2447 2327 120 48 72 2279 2093 46 186 92 69 94 70 46 2047 115 1932 69 1886 1863 1840 46 46 46 1817 69 1748 1656
is_linear=0
shrinkage=0.05


Tree=172
num_leaves=31
num_cat=0
split_feature=0 0 0 0 0 0 0 0 0 0 0 0 0 0 0 0 0 0 0 0 0 0 0 0 0 0 0 0 0 0
split_gain=1.0255e-06 1.33755e-06 5.93049e-06 7.49513e-06 3.48287e-06 8.70118e-06 8.09653e-06 7.47446e-06 4.2306e-06 1.86377e-06 3.67452e-06 1.95448e-06 1.46097e-06 4.00389e-06 5.38667e-06 1.6881e-06 2.60872e-06 1.28958e-06 6.98892e-06 3.62855e-06 4.39872e-06 4.59271e-06 6.1132e-06 1.35059e-05 3.62789e-06 2.58916e-06 7.72104e-06 1.51007e-05 2.10253e-05 1.83785e-05
threshold=0.046204879040816556 0.012434112528229091 0.011369417766440045 0.010572379022454311 0.0091487169768551205 0.0088840703875546299 0.0094889458289314239 0.0097591273249414082 0.010147383968335201 0.014341752624165545 0.013471226725432842 0.015298453853237368 0.016328996554610096 0.017652897609846101 0.019601077130010799 0.023554004996251227 0.030803742181755533 0.0080992043414310679 0.007776959479531248 0.0076473147461918961 0.0075114621539750922 0.0073770644335394682 0.0072762817437040887 0.007186664679583738 0.0086018910567939606 0.0066840215762294227 0.006306648111289598 0.0062371401705527711 0.0061281797422286129 0.0059638842426135109
decision_type=2 2 2 2 2 2 2 2 2 2 2 2 2 2 2 2 2 2 2 2 2 2 2 2 2 2 2 2 2 2
left_child=1 2 3 4 5 17 -6 -8 -9 10 -3 -11 -13 -14 -15 -16 -17 18 19 20 21 22 23 25 -19 26 27 28 29 -1
right_child=-2 9 -4 -5 6 -7 7 8 -10 11 -12 12 13 14 15 16 -18 24 -20 -21 -22 -23 -24 -25 -26 -27 -28 -29 -30 -31
leaf_value=-1.8898474653859884e-07 -1.0537390556672346e-05 2.4470363986556947e-06 -1.7997745532699375e-05 2.012856144258125e-05 -3.5282376484246927e-05 3.0732726040498714e-05 2.2569599692044155e-05 -2.7852249331772327e-05 -1.588747498159216e-06 -1.2664086914256863e-05 2.6923680232594844e-05 1.4584589086513481e-05 -1.8070676647450613e-05 2.6424740360158938e-05 -1.2359655343259321e-05 1.7030806149072621e-05 -3.5928431316278877e-06 -1.1687654354107613e-05 1.9420564437851957e-05 -1.9969627306715628e-05 2.1751611189835747e-05 -2.2456196600852192e-05 2.5656582716771442e-05 -3.8407966823560068e-05 1.1242254265158883e-05 8.3049651859413555e-06 -1.6770437787931439e-05 4.0490700579855752e-05 -4.7811706178396453e-05 3.1562124509630098e-05
leaf_weight=4941 23 46 46 46 23 23 23 23 46 23 23 23 23 23 23 23 46 69 46 23 23 23 23 23 23 92 69 23 23 46
leaf_count=4941 23 46 46 46 23 23 23 23 46 23 23 23 23 23 23 23 46 69 46 23 23 23 23 23 23 92 69 23 23 46
internal_value=-3.82416e-14 4.08701e-08 -1.17655e-07 2.84083e-08 -1.37144e-07 4.38997e-08 -8.7485e-06 -2.11504e-06 -1.03432e-05 3.59798e-06 1.06059e-05 9.70004e-07 2.91773e-06 9.73255e-07 4.78204e-06 -6.28634e-07 3.28171e-06 -8.56841e-08 1.5155e-08 -1.52984e-07 -6.67593e-08 -1.62108e-07 -6.42527e-08 -1.77647e-07 -5.95518e-06 -8.35627e-09 -1.58263e-07 6.94816e-08 -1.16085e-07 1.03887e-07
internal_weight=5953 5930 5677 5631 5585 5470 115 92 69 253 69 184 161 138 115 92 69 5447 5355 5309 5286 5263 5240 5217 92 5194 5102 5033 5010 4987
internal_count=5953 5930 5677 5631 5585 5470 115 92 69 253 69 184 161 138 115 92 69 5447 5355 5309 5286 5263 5240 5217 92 5194 5102 5033 5010 4987
is_linear=0
shrinkage=0.05


Tree=173
num_leaves=31
num_cat=0
split_feature=0 0 0 0 0 0 0 0 0 0 0 0 0 0 0 0 0 0 0 0 0 0 0 0 0 0 0 0 0 0
split_gain=9.92114e-07 1.60469e-06 2.41475e-06 1.70237e-06 1.90563e-06 1.32352e-06 2.72605e-06 2.93366e-06 1.30285e-06 1.71147e-06 2.2469e-06 1.15833e-06 1.10397e-06 1.02449e-06 4.70022e-06 1.87138e-06 1.47769e-06 5.67813e-06 2.58195e-06 2.32775e-06 2.07501e-06 9.88046e-06 5.88371e-06 6.78639e-06 5.24992e-06 1.08242e-05 7.88725e-06 5.80546e-06 1.44985e-05 1.09219e-05
threshold=-0.041057583575550255 -0.013109586457152869 -0.014744358271977483 -0.017899142657214113 -0.016018514911379168 -0.011860397195859339 -0.011431649397759874 -0.011055501685961366 -0.020198907872569026 -0.022578175613438552 -0.027323983957631862 -0.013893522920339211 -0.01241668460002244 -0.010110776558653363 -0.010382870609192218 -0.010755843220688821 -0.00957397570292093 -0.0092284920864327252 -0.0089603765977270908 -0.008675775959136196 -0.0068077683775005999 -0.006647014231557548 -0.0064153301772330871 -0.0061589658740905584 -0.0058656100349734073 -0.0057059410177613791 -0.0059894136610153222 -0.0050608455083966082 -0.0052288518901749846 -0.0046926363438754707
decision_type=2 2 2 2 2 2 2 2 2 2 2 2 2 2 2 2 2 2 2 2 2 2 2 2 2 2 2 2 2 2
left_child=-1 2 3 8 -5 12 -7 -8 9 10 -2 -4 -3 14 15 -9 -15 -18 -19 -20 -21 -22 -23 -24 26 -26 -25 28 -27 -29
right_child=1 5 11 4 -6 6 7 13 -10 -11 -12 -13 -14 16 -16 -17 17 18 19 20 21 22 23 24 25 27 -28 29 -30 -31
leaf_value=7.1593241348940254e-06 3.505264582296756e-07 7.8712911696735928e-07 -2.194587104895618e-05 1.64582426805282e-05 -3.4667939568559328e-06 -1.6783255947909007e-05 1.7547629004373753e-05 -6.7359582923624364e-06 -1.5065434611945725e-05 9.5224726332313984e-06 -1.8386562320908221e-05 -6.4114162038701287e-06 1.5952707902518647e-05 8.8409641648468099e-06 -2.3963362036738547e-05 1.3009187387069688e-05 -2.423707368658749e-05 1.6500243418704486e-05 -1.5472877324403576e-05 4.9349108613333323e-06 -3.2073808324639688e-05 2.4780995348313201e-05 -1.8745758825389203e-05 -3.6672376154456291e-06 -3.351215321648245e-05 2.322163648689942e-06 3.6868892736189694e-05 -1.944975164305005e-05 4.5771318400511522e-05 1.689156278073876e-07
leaf_weight=48 48 24 24 24 24 24 24 24 24 24 24 24 24 48 24 24 24 24 24 216 24 24 48 24 24 96 24 72 24 4825
leaf_count=48 48 24 24 24 24 24 24 24 24 24 24 24 24 48 24 24 24 24 24 216 24 24 48 24 24 96 24 72 24 4825
internal_value=-7.95574e-13 -5.81968e-08 -4.28826e-06 -1.46243e-06 6.49572e-06 1.0241e-07 3.20608e-08 1.03908e-07 -4.64569e-06 -2.04076e-06 -5.89517e-06 -1.41786e-05 8.36992e-06 2.9056e-08 -5.89671e-06 3.13661e-06 1.06335e-07 2.9729e-08 1.36612e-07 6.42195e-08 1.33261e-07 -6.67697e-08 8.20714e-08 -3.33216e-08 1.43176e-07 -1.35323e-08 1.66008e-05 1.46716e-07 1.1012e-05 -1.19535e-07
internal_weight=5953 5905 216 168 48 5689 5641 5617 120 96 72 48 48 5593 72 48 5521 5473 5449 5425 5401 5185 5161 5137 5089 5041 48 5017 120 4897
internal_count=5953 5905 216 168 48 5689 5641 5617 120 96 72 48 48 5593 72 48 5521 5473 5449 5425 5401 5185 5161 5137 5089 5041 48 5017 120 4897
is_linear=0
shrinkage=0.05


Tree=174
num_leaves=31
num_cat=0
split_feature=0 0 0 0 0 0 0 0 0 0 0 0 0 0 0 0 0 0 0 0 0 0 0 0 0 0 0 0 0 0
split_gain=9.44812e-07 2.90116e-05 1.88238e-05 9.54058e-06 2.85171e-05 2.19097e-05 9.37867e-06 7.05868e-06 3.01441e-05 1.60097e-05 3.75692e-05 3.73828e-05 6.70531e-05 3.14547e-05 2.75075e-05 2.068e-05 1.36829e-05 1.2456e-05 1.07856e-05 6.88115e-06 5.27119e-06 1.42409e-05 1.04948e-05 4.92826e-06 3.80598e-05 3.82292e-05 2.01244e-05 1.98531e-05 1.04129e-05 1.81144e-05
threshold=0.0014859408838954712 0.0014422045621178062 0.0015417439956161131 0.0013734960876878326 0.0013032371064385356 0.0012397888526209471 0.001336628976900265 0.0010279278069603649 0.0008859848629561676 0.0002435901031547042 6.4428457785339205e-05 0.00041126910178810976 0.00036662862087073848 0.00062509647156369869 0.00072670769405607709 0.00082615188029494708 0.00067547072744762228 0.00077244483763002725 0.0011850831211700596 0.00028699253498341561 0.00051901544814576155 0.00047053809498753932 0.00056287761173926356 -0.00047080791346445079 -0.00035314206361493247 -0.00031255517857436922 -0.0005124692770228505 -0.00022876870682006855 -5.1690087292619742e-05 -0.00010699510516213253
decision_type=2 2 2 2 2 2 2 2 2 2 2 2 2 2 2 2 2 2 2 2 2 2 2 2 2 2 2 2 2 2
left_child=1 3 -2 4 5 7 -6 8 9 10 23 12 19 20 16 17 -15 -16 -9 -11 21 -13 -22 26 -25 -26 -1 -27 29 -29
right_child=2 -3 -4 -5 6 -7 -8 18 -10 11 -12 13 -14 14 15 -17 -18 -19 -20 -21 22 -23 -24 24 25 27 -28 28 -30 -31
leaf_value=-1.282777115956114e-07 4.4777379177200301e-05 -5.5342065509951989e-05 2.9716996872183364e-07 3.1241974465956448e-05 -6.0752167822405079e-05 4.777092672156869e-05 -1.6549350129935194e-05 -2.3209556517637489e-05 3.2204310218730829e-05 -2.7754135711196189e-05 3.6293876648111721e-05 3.5510072909043329e-05 -0.00011118033453385579 -2.1030033197651696e-05 -5.3829403441341128e-06 -3.6756483920423005e-05 -7.4421145457866575e-05 4.5558210028199639e-05 1.5494414644005398e-05 1.010842376369207e-05 5.5087714523930721e-05 -1.8958696989557212e-05 8.3286555006149395e-06 -4.7838894407386368e-05 6.3406563940984401e-05 -4.8621278256177906e-05 4.6866525308755433e-05 -3.5217416710941551e-06 -1.5921458853359157e-05 5.0823778569199777e-05
leaf_weight=2387 24 24 2663 24 24 24 24 72 72 24 72 24 24 24 24 24 24 24 24 24 24 24 24 46 23 23 23 46 47 23
leaf_count=2387 24 24 2663 24 24 24 24 72 72 24 72 24 24 24 24 24 24 24 24 24 24 24 24 46 23 23 23 46 47 23
internal_value=-5.2355e-13 -5.71348e-07 6.94462e-07 -1.6589e-07 -4.00131e-07 1.79058e-07 -3.86508e-05 -1.84007e-07 2.36175e-07 -5.36728e-07 6.62826e-07 -1.17409e-05 -4.2942e-05 -1.34052e-06 -1.84065e-05 1.1396e-06 -4.77256e-05 2.00876e-05 -1.35336e-05 -8.82286e-06 1.99919e-05 8.27569e-06 3.17082e-05 -3.17096e-07 -7.70139e-06 3.69568e-06 3.2022e-07 -6.18454e-06 2.22964e-06 1.45934e-05
internal_weight=5953 3266 2687 3242 3218 3170 48 3146 3050 2978 2690 288 72 216 120 72 48 48 96 48 96 48 48 2618 208 162 2410 139 116 69
internal_count=5953 3266 2687 3242 3218 3170 48 3146 3050 2978 2690 288 72 216 120 72 48 48 96 48 96 48 48 2618 208 162 2410 139 116 69
is_linear=0
shrinkage=0.05


Tree=175
num_leaves=31
num_cat=0
split_feature=0 0 0 0 0 0 0 0 0 0 0 0 0 0 0 0 0 0 0 0 0 0 0 0 0 0 0 0 0 0
split_gain=9.30647e-07 1.64227e-06 4.15161e-06 2.71375e-06 2.30921e-06 3.73137e-06 3.08245e-06 2.09321e-06 2.0033e-06 6.85772e-06 3.96279e-06 1.64213e-06 1.43833e-06 8.91493e-06 7.83916e-06 5.00375e-06 5.84388e-06 1.1745e-06 6.28979e-06 3.28387e-06 3.9598e-06 4.24052e-06 5.55678e-06 9.61005e-06 5.38211e-06 3.3194e-06 3.27417e-06 1.90166e-06 1.71962e-05 1.65558e-05
threshold=0.037925976458710924 0.017652897609846101 0.019601077130010799 0.016328996554610096 0.013471226725432842 0.014341752624165545 0.015298453853237368 0.023554004996251227 0.011369417766440045 0.010903837729938103 0.011890504689669283 0.030803742181755533 0.0091487169768551205 0.0094889458289314239 0.0088840703875546299 0.0097591273249414082 0.010147383968335201 0.0080992043414310679 0.007776959479531248 0.0076473147461918961 0.0075114621539750922 0.00704907535732962 0.0072762817437040887 0.0073770644335394682 0.0069396422535360483 0.007186664679583738 0.0086018910567939606 0.0061281797422286129 0.0062371401705527711 0.0059638842426135109
decision_type=2 2 2 2 2 2 2 2 2 2 2 2 2 2 2 2 2 2 2 2 2 2 2 2 2 2 2 2 2 2
left_child=1 3 -3 4 8 -6 -7 -4 9 12 -10 -9 14 -14 17 -15 -17 18 19 20 21 24 25 -24 27 -23 -19 29 -29 -1
right_child=-2 2 7 -5 5 6 -8 11 10 -11 -12 -13 13 15 -16 16 -18 26 -20 -21 -22 22 23 -25 -26 -27 -28 28 -30 -31
leaf_value=-1.7476229943126258e-07 -7.0843372035913337e-06 2.5080195020722306e-05 -1.1764945394015346e-05 -1.7190481404490446e-05 2.5554191138919284e-05 -1.2054189067819845e-05 1.3832047293165133e-05 1.6155953357077165e-05 -2.5383586509396203e-05 2.7274593365133195e-05 -1.4186601417706067e-06 -2.7381146893553112e-06 -3.354155802378006e-05 2.1417810030075288e-05 2.9172776418778558e-05 -2.6482940934922386e-05 2.6192836388793733e-06 -1.1126582438115241e-05 1.8426243079137869e-05 -1.8994447474023735e-05 2.0640724308221885e-05 -9.6481098570739448e-06 2.4350443298159088e-05 -2.1356692324705205e-05 2.4171532846673434e-05 -3.6510872735601406e-05 1.065683362590473e-05 -4.544444037373583e-05 1.2532333463188507e-06 2.9960715093456323e-05
leaf_weight=4941 46 23 23 23 23 23 23 23 23 23 69 23 23 23 23 23 69 69 46 23 23 23 23 23 23 23 23 23 138 46
leaf_count=4941 46 23 23 23 23 23 23 23 23 23 69 23 23 23 23 23 69 69 46 23 23 23 23 23 23 23 23 23 138 46
internal_value=-5.3424e-14 5.51683e-08 6.68327e-06 -4.96959e-08 1.837e-08 9.11068e-06 8.88929e-07 5.50964e-07 -9.12525e-08 2.83204e-08 -7.40989e-06 6.70892e-06 -8.34243e-08 -5.12481e-06 4.37623e-08 5.58544e-07 -4.65627e-06 -7.92352e-08 1.69996e-08 -1.42508e-07 -6.04809e-08 -1.50948e-07 -1.07913e-05 1.49688e-06 3.83604e-08 -2.30795e-05 -5.68073e-06 -6.94607e-08 -5.41786e-06 1.03207e-07
internal_weight=5953 5907 92 5815 5792 69 46 69 5723 5631 92 46 5608 138 5470 115 92 5447 5355 5309 5286 5263 92 46 5171 46 92 5148 161 4987
internal_count=5953 5907 92 5815 5792 69 46 69 5723 5631 92 46 5608 138 5470 115 92 5447 5355 5309 5286 5263 92 46 5171 46 92 5148 161 4987
is_linear=0
shrinkage=0.05


Tree=176
num_leaves=31
num_cat=0
split_feature=0 0 0 0 0 0 0 0 0 0 0 0 0 0 0 0 0 0 0 0 0 0 0 0 0 0 0 0 0 0
split_gain=9.1386e-07 1.08978e-06 2.57925e-05 1.63245e-05 1.33401e-05 1.48434e-05 1.71919e-05 1.37451e-05 1.1219e-05 9.00504e-06 5.5395e-06 6.1831e-05 1.76702e-05 1.66133e-05 2.8594e-05 1.61636e-05 6.21621e-05 2.39757e-05 2.09854e-05 1.88377e-05 1.68276e-05 2.40397e-05 2.71975e-05 1.61963e-05 1.1587e-05 9.05527e-06 8.22901e-06 3.31871e-05 3.07378e-05 1.97396e-05
threshold=-0.050161956975202614 -0.0020429331696519876 -0.0021678216366010977 -0.0019650459139951377 -0.0022266102823411036 -0.0023734529641045278 -0.0024846611764242489 -0.0023106087784343717 -0.0021144916596704116 -0.0024359535633138112 -0.0016134251911044878 -0.0015545041955692732 -0.001692823340305926 -0.0012569284385753766 -0.0014089766874591928 -0.00084515841527540503 -0.00090423889314186366 -0.00065709973606036377 -0.00072027814341748045 -0.00078847701253034069 -0.0011710593048478927 -0.00097511174216158541 -0.0010293214599905137 -0.0010768045238734303 -0.0017556141592583853 -0.0019006441521420075 -0.00035314206361493247 -0.00031255517857436922 -0.00047080791346445079 -0.00022876870682006855
decision_type=2 2 2 2 2 2 2 2 2 2 2 2 2 2 2 2 2 2 2 2 2 2 2 2 2 2 2 2 2 2
left_child=-1 2 4 -3 5 6 -2 -7 -4 -8 12 -12 24 14 -13 16 20 18 19 -17 -15 22 23 -22 25 -5 28 -28 -19 -29
right_child=1 3 8 10 -6 7 9 -9 -10 -11 11 13 -14 15 -16 17 -18 26 -20 -21 21 -23 -24 -25 -26 -27 27 29 -30 -31
leaf_value=9.7370420310956739e-06 -6.7333726053220206e-07 4.2419394594617189e-05 -6.2712698253681483e-05 -1.4176236151758096e-05 3.7732061110031996e-05 -5.5955869775852594e-05 5.2433517133898059e-05 -1.2926264468620978e-06 -1.3327285262715559e-05 8.1885512412080299e-06 -8.187905794171537e-05 -6.5369915714457065e-06 5.0193426179011229e-05 -4.0209319274214543e-05 4.921279048531964e-05 4.2160007022017533e-05 -9.20016378586297e-05 4.6197578848991927e-06 6.8657190242605716e-05 -2.1833334113066287e-05 2.9834636876804996e-05 -3.6662600367613462e-05 6.6756936390131324e-05 -2.9502898004189458e-05 -2.9539210347296753e-05 2.4247745046602138e-05 6.024496397003532e-05 -4.6181479220926441e-05 -4.5438212343825677e-05 2.9339037709976375e-07
leaf_weight=24 1673 23 23 23 23 23 23 23 23 23 23 46 23 23 46 23 23 92 23 23 23 23 23 23 23 46 23 23 46 3451
leaf_count=24 1673 23 23 23 23 23 23 23 23 23 23 46 23 23 46 23 23 92 23 23 23 23 23 23 23 46 23 23 46 3451
internal_value=-5.25267e-13 -3.94151e-08 -1.05234e-06 4.14235e-07 -1.01266e-07 -5.94278e-07 1.55797e-07 -2.86242e-05 -3.802e-05 3.0311e-05 1.76976e-07 -1.37413e-07 1.09947e-05 3.40486e-07 2.13379e-05 -1.62315e-07 -1.69641e-05 4.63671e-07 2.96613e-05 1.01633e-05 -1.95665e-06 7.60652e-06 2.23629e-05 1.65869e-07 1.19501e-06 1.14398e-05 -9.05611e-08 3.82028e-07 -1.20662e-05 -1.43016e-08
internal_weight=5953 5929 1834 4095 1788 1765 1719 46 46 46 4072 3957 115 3934 92 3842 138 3704 69 46 115 92 69 46 92 69 3635 3497 138 3474
internal_count=5953 5929 1834 4095 1788 1765 1719 46 46 46 4072 3957 115 3934 92 3842 138 3704 69 46 115 92 69 46 92 69 3635 3497 138 3474
is_linear=0
shrinkage=0.05


Tree=177
num_leaves=31
num_cat=0
split_feature=0 0 0 0 0 0 0 0 0 0 0 0 0 0 0 0 0 0 0 0 0 0 0 0 0 0 0 0 0 0
split_gain=8.67961e-07 1.09605e-06 4.96491e-06 6.21889e-06 2.92552e-06 7.06668e-06 6.54903e-06 6.14486e-06 3.38576e-06 1.55513e-06 2.94272e-06 1.59672e-06 1.18521e-06 3.27054e-06 4.37423e-06 1.38456e-06 2.10801e-06 1.13326e-06 4.73501e-05 6.05154e-05 3.38412e-05 1.48397e-05 2.20151e-05 2.67636e-05 1.44626e-05 1.5542e-05 1.26573e-05 1.28524e-05 1.25414e-05 1.86637e-05
threshold=0.046204879040816556 0.012434112528229091 0.011369417766440045 0.010572379022454311 0.0091487169768551205 0.0088840703875546299 0.0094889458289314239 0.0097591273249414082 0.010147383968335201 0.014341752624165545 0.013471226725432842 0.015298453853237368 0.016328996554610096 0.017652897609846101 0.019601077130010799 0.023554004996251227 0.030803742181755533 0.0002435901031547042 0.00041126910178810976 0.00036662862087073848 6.4428457785339205e-05 0.00056287761173926356 0.00072670769405607709 0.00067547072744762228 0.0010279278069603649 0.0011379946057564201 0.00051901544814576155 0.00047053809498753932 0.0008859848629561676 0.00082615188029494708
decision_type=2 2 2 2 2 2 2 2 2 2 2 2 2 2 2 2 2 2 2 2 2 2 2 2 2 2 2 2 2 2
left_child=1 2 3 4 5 17 -6 -8 -9 10 -3 -11 -13 -14 -15 -16 -17 20 19 -19 -1 26 23 -23 28 -26 27 -20 29 -24
right_child=-2 9 -4 -5 6 -7 7 8 -10 11 -12 12 13 14 15 16 -18 18 21 -21 -22 22 24 -25 25 -27 -28 -29 -30 -31
leaf_value=-2.7381580539600043e-07 -9.6942806798640816e-06 2.3576510695578616e-06 -1.6465779576126647e-05 1.8336811933255853e-05 -3.1879165686879551e-05 2.7699475986478121e-05 2.0332251000107371e-05 -2.5173467482723618e-05 -1.6782486257042088e-06 -1.1466151741130845e-05 2.4261795308278954e-05 1.3125781855626924e-05 -1.6345602710751574e-05 2.3811523114209589e-05 -1.119136722991243e-05 1.5333511249121766e-05 -3.205570797233478e-06 -8.3876445690596779e-06 3.3728638906419903e-05 -0.00010562723849337393 3.447325459799484e-05 -6.0390907795711738e-06 1.9077324600402791e-05 -7.0706018929437658e-05 -2.8647326234931825e-05 9.3198653977003521e-08 5.2327409745582071e-05 -1.8016686529639024e-05 3.0588161826017314e-05 -3.4924590545415411e-05
leaf_weight=2618 23 46 46 46 23 23 23 23 46 23 23 23 23 23 23 23 46 48 24 24 72 48 48 24 48 2349 24 24 72 24
leaf_count=2618 23 46 46 46 23 23 23 23 46 23 23 23 23 23 23 23 46 48 24 24 72 48 48 24 48 2349 24 24 72 24
internal_value=2.55245e-13 3.76003e-08 -1.05902e-07 2.77432e-08 -1.23057e-07 4.28696e-08 -8.01538e-06 -2.04943e-06 -9.50999e-06 3.2576e-06 9.65903e-06 8.57069e-07 2.61753e-06 8.66154e-07 4.30851e-06 -5.67249e-07 2.97412e-06 -7.39106e-08 -7.86295e-07 -4.08008e-05 6.56217e-07 2.86721e-07 -3.3031e-07 -2.75947e-05 4.42236e-07 -4.82331e-07 2.26798e-05 7.85598e-06 1.58324e-05 1.07669e-06
internal_weight=5953 5930 5677 5631 5585 5470 115 92 69 253 69 184 161 138 115 92 69 5447 2757 72 2690 2685 2613 72 2541 2397 72 48 144 72
internal_count=5953 5930 5677 5631 5585 5470 115 92 69 253 69 184 161 138 115 92 69 5447 2757 72 2690 2685 2613 72 2541 2397 72 48 144 72
is_linear=0
shrinkage=0.05


Tree=178
num_leaves=31
num_cat=0
split_feature=0 0 0 0 0 0 0 0 0 0 0 0 0 0 0 0 0 0 0 0 0 0 0 0 0 0 0 0 0 0
split_gain=8.44076e-07 1.40467e-06 2.17931e-06 1.53639e-06 1.71984e-06 1.21378e-06 2.44065e-06 2.66812e-06 1.17583e-06 1.5446e-06 2.02783e-06 1.04539e-06 9.96339e-07 9.12739e-07 4.30799e-05 5.46152e-05 3.08324e-05 1.32386e-05 2.00436e-05 2.41541e-05 1.28252e-05 1.41988e-05 1.14232e-05 1.15993e-05 1.13186e-05 1.6844e-05 1.12415e-05 8.40028e-06 3.20113e-05 1.15354e-05
threshold=-0.041057583575550255 -0.013109586457152869 -0.014744358271977483 -0.017899142657214113 -0.016018514911379168 -0.011860397195859339 -0.011431649397759874 -0.011055501685961366 -0.020198907872569026 -0.022578175613438552 -0.027323983957631862 -0.013893522920339211 -0.01241668460002244 0.0002435901031547042 0.00041126910178810976 0.00036662862087073848 0.00013204638075740274 0.00056287761173926356 0.00072670769405607709 0.00067547072744762228 0.0010279278069603649 0.0011379946057564201 0.00051901544814576155 0.00047053809498753932 0.0008859848629561676 0.00082615188029494708 0.00077244483763002725 0.0013032371064385356 0.001336628976900265 0.0012397888526209471
decision_type=2 2 2 2 2 2 2 2 2 2 2 2 2 2 2 2 2 2 2 2 2 2 2 2 2 2 2 2 2 2
left_child=-1 2 3 8 -5 12 -7 -8 9 10 -2 -4 -3 16 15 -15 -9 22 19 -19 24 -22 23 -16 25 26 -20 29 -29 -23
right_child=1 5 11 4 -6 6 7 13 -10 -11 -12 -13 -14 14 17 -17 -18 18 20 -21 21 27 -24 -25 -26 -27 -28 28 -30 -31
leaf_value=6.6036223870469262e-06 3.9552099527403093e-07 8.1027143702764688e-07 -2.0786071581824219e-05 1.5697849751935188e-05 -3.2309522794093938e-06 -1.5881573684358349e-05 1.6732761328815592e-05 -5.2486509909591715e-08 -1.4249668311094865e-05 9.1088644353476418e-06 -1.740472895714144e-05 -6.0283423711856214e-06 1.5217585011365978e-05 -7.9682646325333437e-06 3.20422045357797e-05 -0.00010034587673241429 4.0439912853192556e-05 -5.737129830170792e-06 -6.0735826991731308e-06 -6.7170718345247824e-05 -2.7214960361258519e-05 2.9170309062465097e-06 4.9711029350874018e-05 -1.7115854022146473e-05 2.9058758117470363e-05 -3.3178360808960861e-05 4.2320502992273153e-05 -5.7725142445027216e-05 2.7071477198763265e-07 4.5371785654424462e-05
leaf_weight=48 48 24 24 24 24 24 24 2282 24 24 24 24 24 48 24 24 48 48 24 24 48 48 24 24 72 24 24 24 2759 24
leaf_count=48 48 24 24 24 24 24 24 2282 24 24 24 24 24 48 24 24 48 48 24 24 48 48 24 24 72 24 24 24 2759 24
internal_value=1.93222e-13 -5.36787e-08 -4.01133e-06 -1.3268e-06 6.23345e-06 9.65856e-08 2.92159e-08 9.71986e-08 -4.3509e-06 -1.87621e-06 -5.5379e-06 -1.34072e-05 8.01393e-06 2.58141e-08 -5.13933e-07 -3.87608e-05 7.81692e-07 3.49049e-07 -1.40264e-07 -2.6215e-05 4.75877e-07 -2.466e-07 2.15458e-05 7.46318e-06 1.50408e-05 1.02285e-06 1.81235e-05 2.06809e-07 -2.29429e-07 1.70686e-05
internal_weight=5953 5905 216 168 48 5689 5641 5617 120 96 72 48 48 5593 3263 72 2330 3191 3119 72 3047 2903 72 48 144 72 48 2855 2783 72
internal_count=5953 5905 216 168 48 5689 5641 5617 120 96 72 48 48 5593 3263 72 2330 3191 3119 72 3047 2903 72 48 144 72 48 2855 2783 72
is_linear=0
shrinkage=0.05


Tree=179
num_leaves=31
num_cat=0
split_feature=0 0 0 0 0 0 0 0 0 0 0 0 0 0 0 0 0 0 0 0 0 0 0 0 0 0 0 0 0 0
split_gain=7.85639e-07 9.80404e-07 4.48902e-06 5.74529e-06 1.40351e-06 2.65581e-06 1.44103e-06 1.21865e-06 7.22564e-06 6.37053e-06 4.10839e-06 4.71432e-06 1.08056e-06 1.07565e-06 5.65069e-06 2.97701e-06 3.55906e-06 3.85784e-06 5.015e-06 8.67308e-06 4.86394e-06 3.84748e-06 1.60732e-05 1.35308e-05 1.71801e-05 1.48965e-05 1.15708e-05 1.85926e-05 8.47216e-06 8.07396e-06
threshold=0.046204879040816556 0.012434112528229091 0.011369417766440045 0.010903837729938103 0.014341752624165545 0.013471226725432842 0.015298453853237368 0.0091487169768551205 0.0094889458289314239 0.0088840703875546299 0.0097591273249414082 0.010147383968335201 0.011890504689669283 0.0080992043414310679 0.007776959479531248 0.0076473147461918961 0.0075114621539750922 0.00704907535732962 0.0072762817437040887 0.0073770644335394682 0.006812636570764286 0.006306648111289598 0.0064136317100189338 0.0062371401705527711 0.0061281797422286129 0.0059638842426135109 0.0057200525588598896 0.0054712042589986883 0.0058931692408885454 0.0060314024052628137
decision_type=2 2 2 2 2 2 2 2 2 2 2 2 2 2 2 2 2 2 2 2 2 2 2 2 2 2 2 2 2 2
left_child=1 2 3 7 5 -3 -6 9 -9 13 -10 -12 -4 14 15 16 17 20 -19 -20 21 23 -23 24 25 26 27 -1 -28 -27
right_child=-2 4 12 -5 6 -7 -8 8 10 -11 11 -13 -14 -15 -16 -17 -18 18 19 -21 -22 22 -24 -25 -26 29 28 -29 -30 -31
leaf_value=-2.3796298153384896e-07 -9.2231045962999708e-06 2.2262293065938613e-06 -2.3319322233715945e-05 2.4965806838024397e-05 -1.0906376258429626e-05 2.3035177171392288e-05 2.4730917294104786e-06 -3.0298735826205384e-05 1.9302111397100026e-05 2.6300962022303242e-05 -2.3928324125059276e-05 2.2104481921406413e-06 -7.9927247260575718e-06 -5.429554494185141e-06 1.7472058939545052e-05 -1.8077578937189411e-05 1.9575815088540802e-05 -2.1958384557207037e-05 2.3100070108700061e-05 -2.0321721671201016e-05 1.6231050967294524e-05 -4.643154603874554e-05 1.832823763702502e-06 3.8347325702805239e-05 -4.3205071573459504e-05 4.9377418295277849e-05 -3.2876151469637358e-05 2.5902494393370075e-05 4.2900942903740896e-06 7.4822037593390723e-06
leaf_weight=4803 23 46 23 23 23 23 161 23 23 23 23 69 23 92 46 23 23 46 23 23 46 23 69 23 23 23 46 69 23 23
leaf_count=4803 23 46 23 23 23 23 161 23 23 23 23 69 23 92 46 23 23 46 23 23 46 23 69 23 23 23 46 69 23 23
internal_value=-2.70594e-13 3.57723e-08 -9.99484e-08 2.71302e-08 3.08117e-06 9.16255e-06 8.00658e-07 -7.51504e-08 -4.7156e-06 4.19213e-08 4.01026e-07 -4.32424e-06 -1.5656e-05 -6.89577e-08 2.31384e-08 -1.28048e-07 -4.99478e-08 -1.35715e-07 -1.02846e-05 1.38917e-06 4.48493e-08 -1.00432e-07 -1.02333e-05 8.479e-08 -9.08663e-08 1.07976e-07 -1.55696e-07 1.32253e-07 -2.04874e-05 2.84298e-05
internal_weight=5953 5930 5677 5631 253 69 184 5608 138 5470 115 92 46 5447 5355 5309 5286 5263 92 46 5171 5125 92 5033 5010 4987 4941 4872 69 46
internal_count=5953 5930 5677 5631 253 69 184 5608 138 5470 115 92 46 5447 5355 5309 5286 5263 92 46 5171 5125 92 5033 5010 4987 4941 4872 69 46
is_linear=0
shrinkage=0.05


Tree=180
num_leaves=31
num_cat=0
split_feature=0 0 0 0 0 0 0 0 0 0 0 0 0 0 0 0 0 0 0 0 0 0 0 0 0 0 0 0 0 0
split_gain=7.7134e-07 9.13763e-07 2.3288e-05 1.51514e-05 1.20341e-05 1.34043e-05 1.55067e-05 1.2405e-05 1.01252e-05 1.00227e-05 3.29546e-05 2.93186e-05 2.25521e-05 1.70136e-05 1.45049e-05 5.61013e-05 2.17115e-05 1.89393e-05 1.7001e-05 1.51869e-05 2.16958e-05 2.45457e-05 1.46172e-05 1.09243e-05 8.12704e-06 7.36423e-06 3.00039e-05 2.77409e-05 1.95406e-05 1.77743e-05
threshold=-0.050161956975202614 -0.0020429331696519876 -0.0021678216366010977 -0.0018282214218971707 -0.0022266102823411036 -0.0023734529641045278 -0.0024846611764242489 -0.0023106087784343717 -0.0021144916596704116 -0.0014914617810069927 -0.0016134251911044878 -0.0012569284385753766 -0.001692823340305926 -0.0015545041955692732 -0.00084515841527540503 -0.00090423889314186366 -0.00065709973606036377 -0.00072027814341748045 -0.00078847701253034069 -0.0011710593048478927 -0.00097511174216158541 -0.0010293214599905137 -0.0010768045238734303 -0.0014089766874591928 -0.0024359535633138112 -0.00035314206361493247 -0.00031255517857436922 -0.00047080791346445079 -0.0005124692770228505 -0.00022876870682006855
decision_type=2 2 2 2 2 2 2 2 2 2 2 2 2 2 2 2 2 2 2 2 2 2 2 2 2 2 2 2 2 2
left_child=-1 2 4 -3 5 6 -2 -7 -4 10 12 23 -5 -12 15 19 17 18 -16 -13 21 22 -21 -11 -8 27 -27 28 -18 -28
right_child=1 3 8 9 -6 7 24 -9 -10 11 13 14 -14 -15 16 -17 25 -19 -20 20 -22 -23 -24 -25 -26 26 29 -29 -30 -31
leaf_value=8.9456116256769747e-06 -6.0293442291968943e-07 2.3610910117633427e-05 -5.9548846658562188e-05 -1.2926101360632027e-05 3.5873659046204844e-05 -5.3129864239093402e-05 4.9840046457298427e-05 -1.1997933894314845e-06 -1.26327168760801e-05 4.5767692664293975e-06 -7.775688737519491e-05 -3.8170629515029171e-05 4.7711982472759233e-05 -1.694062723444127e-05 4.00802137767681e-05 -8.737335130876011e-05 -8.8870757241713129e-06 6.525254828612442e-05 -2.0713467813987773e-05 2.8371124189225557e-05 -3.4801258184218214e-05 6.3447299133100469e-05 -2.7999545715789754e-05 4.6780362588280069e-05 7.8073416775821353e-06 5.7260938110234945e-05 -4.3844180713083761e-05 -4.3138082306224694e-05 4.4329162483336405e-05 2.564488184349926e-07
leaf_weight=24 1673 69 23 46 23 23 23 23 23 23 23 23 23 23 23 23 69 23 23 23 23 23 23 46 23 23 23 46 23 3451
leaf_count=24 1673 69 23 46 23 23 23 23 23 23 23 23 23 23 23 23 69 23 23 23 23 23 23 46 23 23 23 46 23 3451
internal_value=-4.82016e-13 -3.62114e-08 -9.63731e-07 3.79191e-07 -6.00153e-08 -5.28273e-07 1.84515e-07 -2.71648e-05 -3.60908e-05 -1.89685e-08 -1.45675e-05 4.08821e-07 7.28659e-06 -4.73488e-05 -1.71333e-07 -1.60877e-05 4.21664e-07 2.82064e-05 9.68337e-06 -1.8306e-06 7.2544e-06 2.1273e-05 1.85789e-07 3.27125e-05 2.88237e-05 -1.05749e-07 3.41318e-07 -1.14347e-05 4.41698e-06 -3.55243e-08
internal_weight=5953 5929 1834 4095 1788 1765 1719 46 46 4026 115 3911 69 46 3842 138 3704 69 46 115 92 69 46 69 46 3635 3497 138 92 3474
internal_count=5953 5929 1834 4095 1788 1765 1719 46 46 4026 115 3911 69 46 3842 138 3704 69 46 115 92 69 46 69 46 3635 3497 138 92 3474
is_linear=0
shrinkage=0.05


Tree=181
num_leaves=31
num_cat=0
split_feature=0 0 0 0 0 0 0 0 0 0 0 0 0 0 0 0 0 0 0 0 0 0 0 0 0 0 0 0 0 0
split_gain=7.53836e-07 3.88332e-05 4.92902e-05 2.80391e-05 1.19742e-05 1.80562e-05 2.17991e-05 1.16137e-05 1.279e-05 1.03095e-05 1.04683e-05 1.0215e-05 1.52017e-05 1.01455e-05 7.60475e-06 2.88633e-05 1.04107e-05 6.21024e-06 5.09649e-06 2.26987e-05 1.7031e-05 9.89434e-06 4.24384e-06 2.16086e-05 8.76914e-06 2.21562e-05 3.43006e-05 1.62303e-05 9.52517e-06 7.92262e-06
threshold=0.0002435901031547042 0.00041126910178810976 0.00036662862087073848 6.4428457785339205e-05 0.00056287761173926356 0.00072670769405607709 0.00067547072744762228 0.0010279278069603649 0.0011379946057564201 0.00051901544814576155 0.00047053809498753932 0.0008859848629561676 0.00082615188029494708 0.00077244483763002725 0.0013032371064385356 0.001336628976900265 0.0012397888526209471 0.00028699253498341561 0.0014859408838954712 0.0014422045621178062 0.0015417439956161131 0.0013734960876878326 -5.1690087292619742e-05 -0.00010699510516213253 -0.00047080791346445079 -0.00035314206361493247 -0.00031255517857436922 -0.0005124692770228505 -0.000162869263940615 1.0000000180025095e-35
decision_type=2 2 2 2 2 2 2 2 2 2 2 2 2 2 2 2 2 2 2 2 2 2 2 2 2 2 2 2 2 2
left_child=3 2 17 22 9 6 -6 11 -9 10 -3 12 13 -7 16 -16 -10 -2 19 21 -20 -17 23 24 27 -26 -27 -1 -28 -24
right_child=1 4 -4 -5 5 7 -8 8 14 -11 -12 -13 -14 -15 15 18 -18 -19 20 -21 -22 -23 29 -25 25 26 28 -29 -30 -31
leaf_value=-9.1063197003061772e-08 -2.5555485505416681e-05 3.0439174103473007e-05 -9.5329510198401601e-05 3.1401543674292041e-05 -5.4512044926013919e-06 -5.7708315883549709e-06 -6.3813112016456827e-05 -2.5855138240634308e-05 2.7702591978595594e-06 4.7224556813792638e-05 -1.626098899881375e-05 2.7604898115088066e-05 -3.1520372673791529e-05 4.0203556757963572e-05 -5.4839815614589804e-05 -1.5746937624309491e-05 4.3102272356539592e-05 1.0413936130741301e-05 4.2513461206302361e-05 -5.2600016109257325e-05 2.0445671968889044e-07 2.9654825524024395e-05 -3.6085866272712699e-05 4.8292060186529694e-05 -4.0981183891468072e-05 5.4397891052877128e-05 -2.924423409872954e-05 4.2112697005707206e-05 1.0164098500314614e-05 4.980272933607921e-06
leaf_weight=2387 24 24 24 72 48 24 24 48 48 24 24 72 24 24 24 24 24 24 24 24 2663 24 23 23 46 23 46 23 23 24
leaf_count=2387 24 24 24 72 48 24 24 48 48 24 24 72 24 24 24 24 24 24 24 24 2663 24 23 23 46 23 46 23 23 24
internal_value=4.81719e-13 -5.10867e-07 -3.68237e-05 6.19688e-07 3.08476e-07 -1.56883e-07 -2.49052e-05 4.27914e-07 -2.59592e-07 2.04676e-05 7.08909e-06 1.42878e-05 9.70784e-07 1.72164e-05 1.70736e-07 -2.44332e-07 1.62143e-05 -7.57077e-06 2.30584e-07 -1.28974e-05 5.82356e-07 6.95394e-06 -2.26872e-07 4.53124e-08 -3.90196e-07 -1.26481e-05 1.51838e-06 3.11711e-07 -1.61081e-05 -1.51159e-05
internal_weight=5953 3263 72 2690 3191 3119 72 3047 2903 72 48 144 72 48 2855 2783 72 48 2759 72 2687 48 2618 2571 2548 138 92 2410 69 47
internal_count=5953 3263 72 2690 3191 3119 72 3047 2903 72 48 144 72 48 2855 2783 72 48 2759 72 2687 48 2618 2571 2548 138 92 2410 69 47
is_linear=0
shrinkage=0.05


Tree=182
num_leaves=31
num_cat=0
split_feature=0 0 0 0 0 0 0 0 0 0 0 0 0 0 0 0 0 0 0 0 0 0 0 0 0 0 0 0 0 0
split_gain=7.33678e-07 1.26443e-06 3.37852e-06 2.26095e-06 1.74744e-06 2.67854e-06 2.36895e-06 1.70795e-06 1.49671e-06 5.17448e-06 3.05226e-06 1.3329e-06 1.11208e-06 6.52114e-06 5.75403e-06 3.70782e-06 4.25468e-06 3.36493e-06 2.65058e-06 2.6949e-06 3.20311e-06 3.50055e-06 4.52603e-06 7.82745e-06 4.4928e-06 2.99576e-06 2.57579e-06 1.696e-06 1.66732e-05 1.21933e-05
threshold=0.037925976458710924 0.017652897609846101 0.019601077130010799 0.016328996554610096 0.013471226725432842 0.014341752624165545 0.015298453853237368 0.023554004996251227 0.011369417766440045 0.010903837729938103 0.011890504689669283 0.030803742181755533 0.0091487169768551205 0.0094889458289314239 0.0086018910567939606 0.0097591273249414082 0.010147383968335201 0.0083253114794032794 0.007776959479531248 0.0076473147461918961 0.0075114621539750922 0.00704907535732962 0.0072762817437040887 0.0073770644335394682 0.0069396422535360483 0.007186664679583738 0.0080992043414310679 0.006306648111289598 0.0064136317100189338 0.0062371401705527711
decision_type=2 2 2 2 2 2 2 2 2 2 2 2 2 2 2 2 2 2 2 2 2 2 2 2 2 2 2 2 2 2
left_child=1 3 -3 4 8 -6 -7 -4 9 12 -10 -9 14 -14 17 -15 -17 18 19 20 21 24 25 -24 27 -23 -20 29 -29 -1
right_child=-2 2 7 -5 5 6 -8 11 10 -11 -12 -13 13 15 -16 16 -18 -19 26 -21 -22 22 23 -25 -26 -27 -28 28 -30 -31
leaf_value=-8.1984747217705002e-08 -6.2901255422848807e-06 2.2460717667380105e-05 -1.0792063498545602e-05 -1.5688575513195246e-05 2.1860380049632943e-05 -1.038410068165673e-05 1.2309270349088246e-05 1.4406564372146258e-05 -2.2176403106878632e-05 2.3694488305883843e-05 -1.144135645860671e-06 -2.6158117891653725e-06 -2.8806846650853834e-05 1.8313960169072508e-05 1.7651214527533105e-05 -2.2754956887144112e-05 2.076872281748734e-06 -1.3573198956019832e-05 1.6575419652761647e-05 -1.7196751761493154e-05 1.8573979626956357e-05 -8.1236964868604339e-06 2.1922016141774215e-05 -1.9328687306804805e-05 2.209549135801828e-05 -3.364332053182728e-05 -3.9176513066353357e-06 -4.4133016031675816e-05 3.4629561632162069e-06 3.64069148655171e-05
leaf_weight=5010 46 23 23 23 23 23 23 23 23 23 69 23 23 23 46 23 69 46 46 23 23 23 23 23 23 23 23 23 92 23
leaf_count=5010 46 23 23 23 23 23 23 23 23 23 69 23 23 23 46 23 69 46 46 23 23 23 23 23 23 23 23 23 92 23
internal_value=5.35497e-13 4.89841e-08 5.86485e-06 -4.30296e-08 1.90987e-08 7.92852e-06 9.62585e-07 3.32896e-07 -7.62621e-08 2.7092e-08 -6.4022e-06 5.89538e-06 -6.99748e-08 -4.50287e-06 4.18607e-08 3.57924e-07 -4.13109e-06 -1.07481e-07 7.696e-09 -1.1885e-07 -4.4542e-08 -1.25907e-07 -9.79342e-06 1.29666e-06 4.60925e-08 -2.08835e-05 9.7444e-06 -5.24188e-08 -6.05624e-06 8.47637e-08
internal_weight=5953 5907 92 5815 5792 69 46 69 5723 5631 92 46 5608 138 5470 115 92 5424 5378 5309 5286 5263 92 46 5171 46 69 5148 115 5033
internal_count=5953 5907 92 5815 5792 69 46 69 5723 5631 92 46 5608 138 5470 115 92 5424 5378 5309 5286 5263 92 46 5171 46 69 5148 115 5033
is_linear=0
shrinkage=0.05


Tree=183
num_leaves=31
num_cat=0
split_feature=0 0 0 0 0 0 0 0 0 0 0 0 0 0 0 0 0 0 0 0 0 0 0 0 0 0 0 0 0 0
split_gain=7.16804e-07 1.23477e-06 1.96683e-06 1.38659e-06 1.55215e-06 1.11035e-06 2.18771e-06 2.42376e-06 1.06118e-06 1.39399e-06 1.83012e-06 9.4347e-07 8.99194e-07 8.85567e-07 4.24194e-06 1.68892e-06 1.37302e-06 5.07008e-06 2.36732e-06 2.06569e-06 2.03539e-06 4.53509e-06 5.18078e-06 4.29273e-06 4.19433e-06 9.28123e-06 1.88809e-06 1.18193e-05 9.68723e-06 5.37626e-06
threshold=-0.041057583575550255 -0.013109586457152869 -0.014744358271977483 -0.017899142657214113 -0.016018514911379168 -0.011860397195859339 -0.011431649397759874 -0.011055501685961366 -0.020198907872569026 -0.022578175613438552 -0.027323983957631862 -0.013893522920339211 -0.01241668460002244 -0.010110776558653363 -0.010382870609192218 -0.010755843220688821 -0.00957397570292093 -0.0092284920864327252 -0.0089603765977270908 -0.008675775959136196 -0.0084348269931123019 -0.0082134807213181931 -0.0077712965683273986 -0.0075694638907180698 -0.0071028240303755595 -0.0073243711975200807 -0.0059894136610153222 -0.0058656100349734073 -0.0057059410177613791 -0.0050608455083966082
decision_type=2 2 2 2 2 2 2 2 2 2 2 2 2 2 2 2 2 2 2 2 2 2 2 2 2 2 2 2 2 2
left_child=-1 2 3 8 -5 12 -7 -8 9 10 -2 -4 -3 14 15 -9 -15 -18 -19 -20 -21 -22 -23 -24 25 -25 -26 -28 -29 -30
right_child=1 5 11 4 -6 6 7 13 -10 -11 -12 -13 -14 16 -16 -17 17 18 19 20 21 22 23 24 26 -27 27 28 29 -31
leaf_value=6.0854345065308735e-06 4.2644091990950983e-07 8.2047003312861004e-07 -1.9696065767978631e-05 1.4963646026444622e-05 -3.018711868207902e-06 -1.5036796200244376e-05 1.5946810636554196e-05 -6.2833340659077905e-06 -1.3486470318942643e-05 8.7040837949340737e-06 -1.648379329708405e-05 -5.6762176730747651e-06 1.450740053314803e-05 8.5147573069358877e-06 -2.2649364473181778e-05 1.2474552931962535e-05 -2.2909388583987799e-05 1.5791050706563207e-05 -1.4583392233665414e-05 1.4646548758416126e-05 -2.1633139234230236e-05 1.6503167292588237e-05 -2.1095806490241862e-05 -7.1750711867935026e-06 -5.2514622309120445e-06 3.6797521170228725e-05 3.5141287420022611e-05 -3.1720709618336214e-05 1.0577223456493811e-05 -1.3492627773020283e-07
leaf_weight=48 48 24 24 24 24 24 24 24 24 24 24 24 24 48 24 24 24 24 24 24 24 48 24 24 168 24 24 24 120 4897
leaf_count=48 48 24 24 24 24 24 24 24 24 24 24 24 24 48 24 24 24 24 24 24 24 48 24 24 168 24 24 24 120 4897
internal_value=4.08493e-14 -4.94667e-08 -3.76007e-06 -1.20977e-06 5.97247e-06 9.14176e-08 2.69821e-08 9.13458e-08 -4.08266e-06 -1.73171e-06 -5.2103e-06 -1.26861e-05 7.66394e-06 2.33087e-08 -5.48605e-06 3.09561e-06 9.51569e-08 2.13142e-08 1.22312e-07 5.29941e-08 1.18033e-07 5.31853e-08 1.50415e-07 2.45438e-09 9.83374e-08 1.48112e-05 -3.66174e-08 1.36353e-07 -3.03043e-08 1.21294e-07
internal_weight=5953 5905 216 168 48 5689 5641 5617 120 96 72 48 48 5593 72 48 5521 5473 5449 5425 5401 5377 5353 5305 5281 48 5233 5065 5041 5017
internal_count=5953 5905 216 168 48 5689 5641 5617 120 96 72 48 48 5593 72 48 5521 5473 5449 5425 5401 5377 5353 5305 5281 48 5233 5065 5041 5017
is_linear=0
shrinkage=0.05


Tree=184
num_leaves=31
num_cat=0
split_feature=0 0 0 0 0 0 0 0 0 0 0 0 0 0 0 0 0 0 0 0 0 0 0 0 0 0 0 0 0 0
split_gain=6.95847e-07 3.6805e-05 2.64828e-05 1.89066e-05 1.53548e-05 1.30675e-05 5.06314e-05 1.96153e-05 1.70927e-05 1.53434e-05 1.37062e-05 1.95805e-05 2.21525e-05 1.3192e-05 9.85922e-06 6.84527e-06 1.18008e-05 2.11366e-05 1.0801e-05 1.21871e-05 1.38955e-05 1.11955e-05 9.13796e-06 7.33466e-06 6.22818e-06 2.4445e-05 2.37202e-05 1.493e-05 1.24655e-05 3.50317e-05
threshold=-0.0014914617810069927 -0.0016134251911044878 -0.0012569284385753766 -0.001692823340305926 -0.0015545041955692732 -0.00084515841527540503 -0.00090423889314186366 -0.00065709973606036377 -0.00072027814341748045 -0.00078847701253034069 -0.0011710593048478927 -0.00097511174216158541 -0.0010293214599905137 -0.0010768045238734303 -0.0014089766874591928 -0.0017556141592583853 -0.0020429331696519876 -0.0021678216366010977 -0.0022266102823411036 -0.0023734529641045278 -0.0024846611764242489 -0.0023106087784343717 -0.0021144916596704116 -0.0024359535633138112 -0.00035314206361493247 -0.00031255517857436922 -0.00040354597098055529 -0.00022876870682006855 0.0002435901031547042 0.00041126910178810976
decision_type=2 2 2 2 2 2 2 2 2 2 2 2 2 2 2 2 2 2 2 2 2 2 2 2 2 2 2 2 2 2
left_child=1 3 14 15 -3 6 10 8 9 -7 -4 12 13 -12 -2 16 17 18 19 20 -1 -21 -19 -22 26 -26 -9 -27 -29 -30
right_child=2 4 5 -5 -6 7 -8 24 -10 -11 11 -13 -14 -15 -16 -17 -18 22 -20 21 23 -23 -24 -25 25 27 -28 28 29 -31
leaf_value=-4.5276525473566494e-07 4.3633294610671056e-06 -7.3853650689631217e-05 -3.6246702581158153e-05 4.534177993343252e-05 -1.6078193932670454e-05 3.8091610841824467e-05 -8.2989280971283418e-05 -1.2472362900355265e-06 6.2005312666651264e-05 -1.9662386456848648e-05 2.696797145409105e-05 -3.3045798140254035e-05 6.0290335449795037e-05 -2.6584162507155588e-05 4.4456738958061858e-05 -2.7372328496193919e-05 1.7545206997451517e-05 -5.6555999301211993e-05 3.4095382105316156e-05 -5.0457974050558461e-05 4.7363451449200512e-05 -1.124405231245834e-06 -1.1985683712460425e-05 7.4323777959722534e-06 5.1688836664771261e-05 -4.0178920228398691e-05 -5.6870416080093254e-05 1.2758707173409851e-05 -3.4971656774966207e-05 2.9624981132357408e-07
leaf_weight=1697 23 23 23 23 23 23 23 115 23 23 23 23 23 23 46 23 92 23 23 23 23 23 23 23 23 23 23 188 72 3191
leaf_count=1697 23 23 23 23 23 23 23 115 23 23 23 23 23 23 46 23 92 23 23 23 23 23 23 23 23 23 23 188 72 3191
internal_value=-3.02516e-13 -7.48126e-07 3.90609e-07 2.70921e-07 -4.49659e-05 -1.60774e-07 -1.52679e-05 4.02074e-07 2.68115e-05 9.21461e-06 -1.72367e-06 6.90709e-06 2.02247e-05 1.91904e-07 3.10923e-05 -2.54487e-07 6.53645e-08 -8.00161e-07 4.95367e-08 -3.88168e-07 2.8225e-07 -2.57912e-05 -3.42708e-05 2.73979e-05 -9.92332e-08 3.11907e-07 -1.05178e-05 -2.82396e-08 2.39354e-07 -4.81957e-07
internal_weight=5953 2042 3911 1996 46 3842 138 3704 69 46 115 92 69 46 69 1973 1950 1858 1812 1789 1743 46 46 46 3635 3497 138 3474 3451 3263
internal_count=5953 2042 3911 1996 46 3842 138 3704 69 46 115 92 69 46 69 1973 1950 1858 1812 1789 1743 46 46 46 3635 3497 138 3474 3451 3263
is_linear=0
shrinkage=0.05


Tree=185
num_leaves=31
num_cat=0
split_feature=0 0 0 0 0 0 0 0 0 0 0 0 0 0 0 0 0 0 0 0 0 0 0 0 0 0 0 0 0 0
split_gain=6.63934e-07 1.13779e-06 3.04911e-06 2.04277e-06 1.57359e-06 2.41738e-06 2.13798e-06 1.54143e-06 1.35455e-06 4.76431e-06 2.75466e-06 2.27351e-06 5.33567e-06 4.74431e-06 4.60509e-06 2.3977e-06 1.20295e-06 1.09384e-06 2.97773e-05 1.61402e-05 2.33408e-05 2.80216e-05 1.21002e-05 2.76012e-05 1.1174e-05 8.14533e-06 1.74331e-05 1.22285e-05 8.94132e-06 8.43945e-06
threshold=0.037925976458710924 0.017652897609846101 0.019601077130010799 0.016328996554610096 0.013471226725432842 0.014341752624165545 0.015298453853237368 0.023554004996251227 0.011369417766440045 0.010572379022454311 0.011890504689669283 0.0091487169768551205 0.0088840703875546299 0.0094889458289314239 0.0097591273249414082 0.010147383968335201 0.030803742181755533 0.0046150052830187761 0.0045367673985707386 0.004936100157888609 0.0048642353772912509 0.0047799479694173282 0.0050197732439822614 0.0050882883699477155 0.0046995108834841795 0.0057200525588598896 0.0058931692408885454 0.0060314024052628137 0.0054712042589986883 0.0059638842426135109
decision_type=2 2 2 2 2 2 2 2 2 2 2 2 2 2 2 2 2 2 2 2 2 2 2 2 2 2 2 2 2 2
left_child=1 3 -3 4 8 -6 -7 -4 9 11 -10 12 17 -13 -15 -16 -9 18 -1 20 21 24 -21 -24 -19 28 -27 29 -25 -28
right_child=-2 2 7 -5 5 6 -8 16 10 -11 -12 13 -14 14 15 -17 -18 19 -20 22 -22 -23 23 25 -26 26 27 -29 -30 -31
leaf_value=-3.4707875484326417e-08 -5.9836882744844923e-06 2.1329614252823853e-05 -1.0260514176005255e-05 -1.4912196670395688e-05 2.0759299640422282e-05 -9.8729678227201759e-06 1.1685729386163471e-05 1.3678203053448511e-05 -2.1075649672876234e-05 1.6051641013410005e-05 -1.0949921409558991e-06 -2.7374567877774572e-05 2.4072238264362449e-05 1.739019022826814e-05 -2.1625269184131986e-05 -1.8533509358783942e-06 -2.4931080153454906e-06 -4.8437525117111844e-06 5.7001264877212441e-05 3.6355018465141966e-05 -6.5117253056403408e-05 3.8105562144546246e-05 -5.4402625676669666e-05 1.8133355953740768e-06 -5.4130050589067303e-05 -3.125935295627088e-05 4.0485803290958636e-06 -1.5143356927512576e-06 2.4580357822360123e-05 4.6881540860656813e-05
leaf_weight=4527 46 23 23 23 23 23 23 23 23 46 69 23 23 23 23 46 23 23 23 23 23 23 23 115 23 46 23 483 69 23
leaf_count=4527 46 23 23 23 23 23 23 23 23 46 69 23 23 23 23 46 23 23 23 23 23 23 23 115 23 46 23 483 69 23
internal_value=3.63556e-13 4.65976e-08 5.56355e-06 -4.0687e-08 1.83677e-08 7.52402e-06 9.06381e-07 3.08194e-07 -7.2125e-08 2.61983e-08 -6.09016e-06 -1.05793e-07 4.04796e-08 -7.06327e-06 -1.98545e-06 -8.44399e-06 5.59255e-06 -6.09947e-08 2.53606e-07 -1.65679e-06 -2.14964e-05 -6.95608e-06 6.10586e-07 -4.40721e-07 -2.94869e-05 1.19449e-06 -1.73559e-06 8.31699e-07 1.0351e-05 2.54651e-05
internal_weight=5953 5907 92 5815 5792 69 46 69 5723 5631 92 5585 5470 115 92 69 46 5447 4550 897 92 69 805 782 46 759 575 529 184 46
internal_count=5953 5907 92 5815 5792 69 46 69 5723 5631 92 5585 5470 115 92 69 46 5447 4550 897 92 69 805 782 46 759 575 529 184 46
is_linear=0
shrinkage=0.05


Tree=186
num_leaves=31
num_cat=0
split_feature=0 0 0 0 0 0 0 0 0 0 0 0 0 0 0 0 0 0 0 0 0 0 0 0 0 0 0 0 0 0
split_gain=6.57247e-07 1.48977e-05 2.52071e-05 2.37442e-05 2.22664e-05 1.69737e-05 1.48676e-05 1.3037e-05 1.13909e-05 2.54985e-05 1.12947e-05 9.36453e-06 2.06388e-05 9.76325e-06 9.33161e-06 8.52585e-06 1.66332e-05 1.15716e-05 1.25237e-05 1.01278e-05 7.65542e-06 7.2083e-06 5.51344e-06 4.32478e-06 1.54549e-05 5.18673e-06 1.08839e-05 5.12503e-06 3.88516e-06 3.85142e-06
threshold=-0.0030078749251793301 -0.0035976423254494368 -0.0038714621955656691 -0.0034946426188443634 -0.0039474372548191769 -0.0033079396304207726 -0.0028563024556434264 -0.0031629927537497452 -0.0041335871280671855 -0.0040419387176810736 -0.0029279978062143963 -0.0027023007013469232 -0.0027684927753667743 -0.0026314935958557119 -0.0037152489831321091 -0.0043218991557717685 -0.0042428440131381398 -0.0045885086614475172 -0.004954723710388219 -0.0052288518901749846 -0.0050608455083966082 -0.0044660990012244757 -0.0031029584104307712 -0.0053171534512130537 -0.0054481196936981341 -0.0058656100349734073 -0.0059894136610153222 -0.0062897638870469527 -0.0046926363438754707 -0.0057059410177613791
decision_type=2 2 2 2 2 2 2 2 2 2 2 2 2 2 2 2 2 2 2 2 2 2 2 2 2 2 2 2 2 2
left_child=1 2 4 -3 8 -5 10 -7 15 -10 -2 12 -8 -13 -4 17 -17 18 19 23 -21 -19 -9 24 25 26 27 -1 -20 -27
right_child=6 3 14 5 -6 7 11 22 9 -11 -12 13 -14 -15 -16 16 -18 21 28 20 -22 -23 -24 -25 -26 29 -28 -29 -30 -31
leaf_value=1.9354147265663158e-07 3.8112845251579652e-06 -6.098603094718177e-05 5.8472815423253149e-05 1.7008358857613835e-05 -4.8180083589007457e-05 -3.7832516439569494e-05 1.1062900707854525e-05 1.5964517842803616e-05 6.0768406547140331e-05 -1.2116294237785042e-05 5.3362891396872055e-05 3.2740579753527014e-05 -5.5919880580167165e-05 7.7198725142577228e-08 1.4381037728602072e-05 -5.0591692646169889e-05 8.2746220869012187e-06 4.3761163988165214e-05 -2.9074543272145095e-05 4.3094091840127176e-05 3.1581497751176361e-06 5.0090193326468579e-06 -1.7926990525059714e-05 -2.1345699375766951e-05 3.9773280999118776e-05 -3.0110303972226877e-05 3.340861076139845e-05 -1.6604726260993631e-05 -4.4360329411574638e-06 -5.5790033002267592e-06
leaf_weight=840 23 24 24 48 24 48 23 24 24 24 23 23 23 4302 24 24 24 24 48 24 24 24 24 24 24 24 24 48 24 48
leaf_count=840 23 24 24 48 24 48 23 24 24 24 23 23 23 4302 24 24 24 24 48 24 24 24 24 24 24 24 24 48 24 48
internal_value=-3.27513e-13 -8.90911e-07 8.3471e-07 -1.49424e-05 -4.59552e-07 -7.26846e-06 3.09812e-07 -1.94069e-05 4.24162e-07 2.43261e-05 2.85871e-05 1.22241e-08 -2.24285e-05 2.509e-07 3.64269e-05 -4.95142e-07 -2.11585e-05 3.31394e-07 -6.70844e-07 6.75214e-07 2.31261e-05 2.43851e-05 -9.81236e-07 -3.69014e-07 1.3043e-07 -8.36468e-07 1.83503e-07 -7.14473e-07 -2.08617e-05 -1.37561e-05
internal_weight=5953 1536 1368 168 1320 144 4417 96 1296 48 46 4371 46 4325 48 1248 48 1200 1152 1080 48 48 48 1032 1008 984 912 888 72 72
internal_count=5953 1536 1368 168 1320 144 4417 96 1296 48 46 4371 46 4325 48 1248 48 1200 1152 1080 48 48 48 1032 1008 984 912 888 72 72
is_linear=0
shrinkage=0.05


Tree=187
num_leaves=31
num_cat=0
split_feature=0 0 0 0 0 0 0 0 0 0 0 0 0 0 0 0 0 0 0 0 0 0 0 0 0 0 0 0 0 0
split_gain=6.50876e-07 8.01824e-07 2.01943e-06 1.00638e-06 1.97014e-06 2.19196e-06 1.00304e-06 1.40082e-06 1.18448e-06 9.53316e-07 2.09295e-06 8.5148e-07 8.11524e-07 7.94452e-07 3.82835e-06 1.52425e-06 1.24406e-06 4.56903e-06 2.14112e-06 1.85996e-06 1.88332e-06 8.67849e-06 5.49794e-06 5.56391e-06 4.36653e-06 5.89528e-06 4.92144e-06 4.7048e-06 4.15195e-06 7.87523e-06
threshold=-0.050161956975202614 -0.013109586457152869 -0.014744358271977483 -0.011860397195859339 -0.011431649397759874 -0.011055501685961366 -0.017899142657214113 -0.016018514911379168 -0.020198907872569026 -0.022578175613438552 -0.027323983957631862 -0.013893522920339211 -0.01241668460002244 -0.010110776558653363 -0.010382870609192218 -0.010755843220688821 -0.00957397570292093 -0.0092284920864327252 -0.0089603765977270908 -0.008675775959136196 -0.0068077683775005999 -0.006647014231557548 -0.0064153301772330871 -0.0061589658740905584 -0.0073243711975200807 -0.0071028240303755595 -0.0077712965683273986 -0.0079879316931693069 -0.0058656100349734073 -0.0057059410177613791
decision_type=2 2 2 2 2 2 2 2 2 2 2 2 2 2 2 2 2 2 2 2 2 2 2 2 2 2 2 2 2 2
left_child=-1 2 6 12 -5 -6 8 -8 9 10 -2 -4 -3 14 15 -7 -15 -18 -19 -20 24 -22 -23 -24 26 -26 27 -21 -25 -30
right_child=1 3 11 4 5 13 7 -9 -10 -11 -12 -13 -14 16 -16 -17 17 18 19 20 21 22 23 28 25 -27 -28 -29 29 -31
leaf_value=8.2174376681602257e-06 1.404639260726981e-06 7.9412866398342891e-07 -1.8696565105832028e-05 -1.4270277946100882e-05 1.5164150573809822e-05 -5.954464328776036e-06 1.4230150979225679e-05 -2.8530829392063126e-06 -1.2797466236709929e-05 8.2836061665148015e-06 -1.5644903639137433e-05 -5.3777204205592477e-06 1.3796722642685686e-05 8.1037088420998767e-06 -2.1502191278462611e-05 1.1865527388484528e-05 -2.1749221620363338e-05 1.5016212152355972e-05 -1.3839532039128244e-05 -1.9625507169015088e-07 -3.0077013191961063e-05 2.3935053225917123e-05 -1.6995405227741383e-05 1.4743657205447867e-05 3.497232525357201e-05 4.6220805112776967e-06 -1.3413976679051608e-05 2.5366292296287913e-05 -2.8604795564509306e-05 1.051481405386257e-07
leaf_weight=24 72 24 24 24 24 24 24 24 24 24 24 24 24 48 24 24 24 24 24 72 24 24 48 48 24 48 48 24 24 5017
leaf_count=24 72 24 24 24 24 24 24 24 24 24 24 24 24 48 24 24 24 24 24 72 24 24 48 48 24 48 48 24 24 5017
internal_value=-1.1625e-14 -3.32634e-08 -2.86421e-06 8.61647e-08 2.48202e-08 8.58994e-08 -5.70972e-07 5.68853e-06 -2.65747e-06 -6.29476e-07 -2.85775e-06 -1.20371e-05 7.29543e-06 2.11975e-08 -5.19704e-06 2.95553e-06 8.92492e-08 1.89597e-08 1.14837e-07 4.89141e-08 1.10629e-07 -7.99379e-08 5.95564e-08 -5.19896e-08 4.68512e-06 1.47388e-05 -3.41738e-07 6.19438e-06 1.07822e-07 -3.15388e-08
internal_weight=5953 5929 240 5689 5641 5617 192 48 144 120 96 48 48 5593 72 48 5521 5473 5449 5425 5401 5185 5161 5137 216 72 144 96 5089 5041
internal_count=5953 5929 240 5689 5641 5617 192 48 144 120 96 48 48 5593 72 48 5521 5473 5449 5425 5401 5185 5161 5137 216 72 144 96 5089 5041
is_linear=0
shrinkage=0.05


Tree=188
num_leaves=31
num_cat=0
split_feature=0 0 0 0 0 0 0 0 0 0 0 0 0 0 0 0 0 0 0 0 0 0 0 0 0 0 0 0 0 0
split_gain=6.33735e-07 3.161e-05 4.44844e-05 2.48371e-05 1.0819e-05 1.62803e-05 1.96737e-05 1.04995e-05 1.15316e-05 9.3043e-06 9.44768e-06 9.21905e-06 1.37196e-05 9.15631e-06 7.98065e-06 6.87425e-06 2.60366e-05 9.39565e-06 5.60474e-06 4.5903e-06 2.04856e-05 1.53805e-05 8.92964e-06 3.73389e-06 3.13016e-06 2.31436e-05 1.0289e-05 7.41364e-06 7.32277e-06 1.05187e-05
threshold=0.0002435901031547042 0.00041126910178810976 0.00036662862087073848 0.00013204638075740274 0.00056287761173926356 0.00072670769405607709 0.00067547072744762228 0.0010279278069603649 0.0011379946057564201 0.00051901544814576155 0.00047053809498753932 0.0008859848629561676 0.00082615188029494708 0.00077244483763002725 0.00018721508464889043 0.0013032371064385356 0.001336628976900265 0.0012397888526209471 0.00028699253498341561 0.0014859408838954712 0.0014422045621178062 0.0015417439956161131 0.0013734960876878326 0.00062509647156369869 0.0016302631319567104 0.0016954499578590507 0.001598503711567092 0.0020425917694844495 0.0023072232814748757 0.0023971661132836867
decision_type=2 2 2 2 2 2 2 2 2 2 2 2 2 2 2 2 2 2 2 2 2 2 2 2 2 2 2 2 2 2
left_child=3 2 18 -1 9 6 23 11 -9 10 -3 12 13 -7 -5 17 -17 -10 -2 20 22 -21 -18 -6 26 -26 -23 -27 -29 -30
right_child=1 4 -4 14 5 7 -8 8 15 -11 -12 -13 -14 -15 -16 16 19 -19 -20 21 -22 24 -24 -25 25 27 -28 28 29 -31
leaf_value=-7.9404147337791543e-08 -2.2525676407288608e-05 2.8905868687919187e-05 -8.8810984258695202e-05 5.6600167226861231e-05 8.7553883683237184e-06 -5.4936378243534518e-06 -6.0633806970145092e-05 -2.4573725416606369e-05 2.6203961776142631e-06 4.4851985997714412e-05 -1.5459285153459255e-05 2.6213298542643316e-05 -2.9955698028061307e-05 3.8182028098769183e-05 1.5824733660944428e-05 -5.2109175885561858e-05 -1.4970939539201331e-05 4.0935805388168476e-05 1.1645292276322532e-05 4.0376440483669289e-05 -4.9981363069188471e-05 1.0666337525814622e-05 2.8160739069941584e-05 -1.9135370287888997e-05 4.9276043137069797e-05 -1.1075855500511069e-05 -3.5632030873481811e-05 1.2642951029799102e-05 -2.3186444226060607e-05 4.649215383485417e-07
leaf_weight=2642 24 24 24 24 24 24 24 48 48 24 24 72 24 24 24 24 24 24 24 24 24 24 24 24 24 144 24 120 48 2279
leaf_count=2642 24 24 24 24 24 24 24 48 48 24 24 72 24 24 24 24 24 24 24 24 24 24 24 24 24 144 24 120 48 2279
internal_value=-2.67452e-13 -4.68407e-07 -3.32305e-05 5.68183e-07 2.70818e-07 -1.71525e-07 -2.36713e-05 3.83769e-07 -2.69927e-07 1.94329e-05 6.72329e-06 1.35621e-05 9.10897e-07 1.63442e-05 3.62125e-05 1.38683e-07 -2.55946e-07 1.53922e-05 -5.44019e-06 1.95115e-07 -1.22639e-05 5.28962e-07 6.5949e-06 -5.18999e-06 1.69841e-07 4.02089e-07 -1.24828e-05 -5.06222e-08 5.98186e-07 -2.29451e-08
internal_weight=5953 3263 72 2690 3191 3119 72 3047 2903 72 48 144 72 48 48 2855 2783 72 48 2759 72 2687 48 48 2663 2615 48 2591 2447 2327
internal_count=5953 3263 72 2690 3191 3119 72 3047 2903 72 48 144 72 48 48 2855 2783 72 48 2759 72 2687 48 48 2663 2615 48 2591 2447 2327
is_linear=0
shrinkage=0.05


Tree=189
num_leaves=31
num_cat=0
split_feature=0 0 0 0 0 0 0 0 0 0 0 0 0 0 0 0 0 0 0 0 0 0 0 0 0 0 0 0 0 0
split_gain=6.22785e-07 7.30371e-07 3.48889e-06 4.32594e-06 1.08414e-06 1.88382e-06 1.06572e-06 9.49282e-07 5.28551e-06 4.82364e-06 3.04413e-06 3.4323e-06 3.02328e-06 2.40709e-06 2.42339e-06 2.90041e-06 3.139e-06 4.11928e-06 5.95618e-06 1.10241e-05 1.55024e-05 1.22656e-05 1.01989e-05 9.50129e-06 1.50454e-05 7.04334e-06 6.90199e-06 2.71859e-05 8.82627e-06 1.65596e-05
threshold=0.046204879040816556 0.012434112528229091 0.011369417766440045 0.010903837729938103 0.014341752624165545 0.013471226725432842 0.015298453853237368 0.0091487169768551205 0.0094889458289314239 0.0086018910567939606 0.0097591273249414082 0.010147383968335201 0.0083253114794032794 0.007776959479531248 0.0076473147461918961 0.0075114621539750922 0.00704907535732962 0.0066840215762294227 0.006306648111289598 0.0062371401705527711 0.0061281797422286129 0.0059638842426135109 0.0064136317100189338 0.0057200525588598896 0.0054712042589986883 0.0065499764062531638 0.0046150052830187761 0.0044867306992448638 0.0047799479694173282 0.0048642353772912509
decision_type=2 2 2 2 2 2 2 2 2 2 2 2 2 2 2 2 2 2 2 2 2 2 2 2 2 2 2 2 2 2
left_child=1 2 3 7 5 -3 -6 9 -9 12 -10 -12 13 14 15 16 17 18 19 20 21 23 -20 24 26 -24 27 -1 -28 -30
right_child=-2 4 -4 -5 6 -7 -8 8 10 -11 11 -13 -14 -15 -16 -17 -18 -19 22 -21 -22 -23 25 -25 -26 -27 28 -29 29 -31
leaf_value=-1.3968132912884353e-07 -8.2117305440909192e-06 2.1633941366377733e-06 -1.3799420064416431e-05 2.1666742340249071e-05 -9.4116766653631056e-06 1.9688954394634654e-05 2.094307097842084e-06 -2.6038203846521515e-05 1.6488313375030764e-05 1.6164275660665464e-05 -2.0576376751389195e-05 1.7268559307579551e-06 -1.2859249134477147e-05 9.29246514030071e-06 -1.6301629163891723e-05 1.7680564854779968e-05 -9.2684664986850503e-06 1.2184057765768123e-05 -4.1891071471226218e-05 3.4621850911365904e-05 -4.1028489510569233e-05 2.5814769888592823e-05 1.8452134226327358e-05 -1.8547902784674715e-05 2.3318976003582173e-05 -2.0677925393734452e-05 -2.8044925950424562e-05 3.8494290564140891e-05 3.616791863865017e-05 -8.831526316577725e-06
leaf_weight=4504 23 46 46 23 23 23 161 23 23 46 23 69 46 69 23 23 92 69 23 23 23 46 23 69 69 23 46 46 23 184
leaf_count=4504 23 46 46 23 23 23 161 23 23 46 23 69 46 69 23 23 92 69 23 23 23 46 23 69 69 23 46 46 23 184
internal_value=-6.69112e-13 3.18492e-08 -8.52935e-08 2.67381e-08 2.66038e-06 8.00525e-06 6.56059e-07 -6.20137e-08 -4.15762e-06 4.13123e-08 2.18501e-07 -3.84895e-06 -9.54238e-08 1.37499e-08 -1.06844e-07 -3.63783e-08 -1.13804e-07 4.90718e-08 -1.15043e-07 8.49867e-08 -7.35658e-08 1.15318e-07 -1.47056e-05 -1.2394e-07 1.3699e-07 -1.1129e-06 -1.96043e-07 2.50904e-07 -8.23401e-06 -3.83159e-06
internal_weight=5953 5930 5677 5631 253 69 184 5608 138 5470 115 92 5424 5378 5309 5286 5263 5171 5102 5033 5010 4987 69 4941 4872 46 4803 4550 253 207
internal_count=5953 5930 5677 5631 253 69 184 5608 138 5470 115 92 5424 5378 5309 5286 5263 5171 5102 5033 5010 4987 69 4941 4872 46 4803 4550 253 207
is_linear=0
shrinkage=0.05


Tree=190
num_leaves=31
num_cat=0
split_feature=0 0 0 0 0 0 0 0 0 0 0 0 0 0 0 0 0 0 0 0 0 0 0 0 0 0 0 0 0 0
split_gain=5.99714e-07 9.96994e-07 1.59765e-06 1.13429e-06 1.26424e-06 1.00728e-06 3.21137e-05 2.20904e-05 2.0511e-05 9.85583e-06 2.30124e-05 8.42177e-06 8.08005e-06 1.50114e-05 1.00035e-05 1.19786e-05 8.5844e-06 7.29287e-06 1.45225e-05 1.06091e-05 7.02993e-06 2.6044e-05 1.00892e-05 8.81994e-06 7.42823e-06 6.90902e-06 6.50549e-06 4.14532e-06 1.35443e-05 4.75672e-06
threshold=-0.041057583575550255 -0.013109586457152869 -0.014744358271977483 -0.017899142657214113 -0.016018514911379168 -0.0035976423254494368 -0.0034946426188443634 -0.0038714621955656691 -0.0039474372548191769 -0.0041335871280671855 -0.0040419387176810736 -0.0037152489831321091 -0.0043218991557717685 -0.0042428440131381398 -0.0045885086614475172 -0.004954723710388219 -0.0052288518901749846 -0.0034126785965574104 -0.0031629927537497452 -0.0033079396304207726 -0.0027684927753667743 -0.0027023007013469232 -0.0029279978062143963 -0.0026314935958557119 -0.0028563024556434264 -0.0050608455083966082 -0.0044660990012244757 -0.0053171534512130537 -0.0054481196936981341 -0.0058656100349734073
decision_type=2 2 2 2 2 2 2 2 2 2 2 2 2 2 2 2 2 2 2 2 2 2 2 2 2 2 2 2 2 2
left_child=-1 2 3 -2 -5 7 -7 8 9 12 -11 -9 14 -14 15 16 27 -8 19 -19 22 -22 -20 -23 -24 -18 -16 28 29 -3
right_child=1 5 -4 4 -6 6 17 11 -10 10 -12 -13 13 -15 26 -17 25 18 20 -21 21 23 24 -25 -26 -27 -28 -29 -30 -31
leaf_value=5.5662597636304181e-06 -3.6793754998143418e-06 9.6267846427306535e-07 -1.1424333448909846e-05 1.3529597951370911e-05 -2.6994736496514333e-06 -5.7931042980878071e-05 2.7547986125379494e-05 5.5554859560894931e-05 -4.5765398438864699e-05 5.7735678274184467e-05 -1.1504784924909473e-05 1.3667689150527927e-05 -4.8056419655040375e-05 7.8665764400890726e-06 4.1578797542266943e-05 -1.9812924094569301e-05 4.0945094224298376e-05 4.7792775148991497e-06 5.4840637230753749e-07 -3.593519347001954e-05 -5.311818444486404e-05 3.1109250140497864e-05 5.0700454512084632e-05 6.3877415249412445e-08 1.0515461579653558e-05 3.0059454729780555e-06 4.7642675175059905e-06 -2.0272717301850209e-05 3.7790314521165178e-05 -1.2584104913710489e-05
leaf_weight=48 120 648 48 24 24 24 24 24 24 24 24 24 24 24 24 72 24 24 71 48 23 23 23 4302 23 24 24 24 24 72
leaf_count=48 120 648 48 24 24 24 24 24 24 24 24 24 24 24 24 72 24 24 71 48 23 23 23 4302 23 24 24 24 24 72
internal_value=-7.25175e-13 -4.52472e-08 -3.37949e-06 -1.08096e-06 5.41506e-06 8.13474e-08 -2.45121e-07 1.4372e-06 -7.0714e-08 9.91953e-07 2.31154e-05 3.46113e-05 -8.72417e-08 -2.00949e-05 9.38793e-07 -2.62977e-07 1.46202e-06 5.84221e-08 -8.69933e-08 -2.23637e-05 2.72228e-07 -5.3221e-08 1.23667e-05 2.28974e-07 3.0608e-05 2.19755e-05 2.31715e-05 1.79925e-07 8.39688e-07 -3.92e-07
internal_weight=5953 5905 216 168 48 5689 4585 1104 1056 1032 48 48 984 48 936 888 816 4561 4537 72 4465 4348 117 4325 46 48 48 768 744 720
internal_count=5953 5905 216 168 48 5689 4585 1104 1056 1032 48 48 984 48 936 888 816 4561 4537 72 4465 4348 117 4325 46 48 48 768 744 720
is_linear=0
shrinkage=0.05


Tree=191
num_leaves=31
num_cat=0
split_feature=0 0 0 0 0 0 0 0 0 0 0 0 0 0 0 0 0 0 0 0 0 0 0 0 0 0 0 0 0 0
split_gain=5.95188e-07 2.85047e-05 4.01472e-05 2.24061e-05 9.77813e-06 1.46754e-05 1.77555e-05 9.49647e-06 1.03944e-05 8.39714e-06 8.52653e-06 8.32019e-06 1.23819e-05 8.26357e-06 7.20254e-06 6.21649e-06 2.34838e-05 8.47958e-06 5.05828e-06 4.1322e-06 1.84883e-05 1.38922e-05 8.059e-06 3.36984e-06 2.99997e-06 1.33187e-05 2.233e-05 2.67158e-05 1.1385e-05 1.23429e-05
threshold=0.0002435901031547042 0.00041126910178810976 0.00036662862087073848 0.00013204638075740274 0.00056287761173926356 0.00072670769405607709 0.00067547072744762228 0.0010279278069603649 0.0011379946057564201 0.00051901544814576155 0.00047053809498753932 0.0008859848629561676 0.00082615188029494708 0.00077244483763002725 0.00018721508464889043 0.0013032371064385356 0.001336628976900265 0.0012397888526209471 0.00028699253498341561 0.0014859408838954712 0.0014422045621178062 0.0015417439956161131 0.0013734960876878326 0.00062509647156369869 -0.000162869263940615 -0.00031255517857436922 -0.00035314206361493247 -0.00040354597098055529 -5.1690087292619742e-05 1.0000000180025095e-35
decision_type=2 2 2 2 2 2 2 2 2 2 2 2 2 2 2 2 2 2 2 2 2 2 2 2 2 2 2 2 2 2
left_child=3 2 18 24 9 6 23 11 -9 10 -3 12 13 -7 -5 17 -17 -10 -2 20 22 -21 -18 -6 25 26 27 -1 -26 -30
right_child=1 4 -4 14 5 7 -8 8 15 -11 -12 -13 -14 -15 -16 16 19 -19 -20 21 -22 -23 -24 -25 28 -27 -28 -29 29 -31
leaf_value=1.1534233892855019e-07 -2.1395599833340385e-05 2.7464357754070082e-05 -8.4366643204702998e-05 5.3773945061645161e-05 8.3214085255652513e-06 -5.2151620972532939e-06 -5.7598313712029871e-05 -2.3341258717361295e-05 2.4931659936555661e-06 4.2613183419841036e-05 -1.4682533780311739e-05 2.4906427398087145e-05 -2.8454123791258706e-05 3.6276719644471696e-05 1.5037273260531948e-05 -4.9499927869571062e-05 -1.421859508354828e-05 3.8892814059939459e-05 1.106681265810039e-05 3.8361404828416809e-05 -4.7478514655570814e-05 1.49527292609204e-07 2.675649125383946e-05 -1.8174810459944032e-05 2.7139958197237679e-05 -2.7085297122776746e-05 4.9104777913864546e-05 -5.4026516812408103e-05 -3.4908281003995597e-05 9.6391915879697393e-06
leaf_weight=2433 24 24 24 24 24 24 24 48 48 24 24 72 24 24 24 24 24 24 24 24 24 2663 24 24 46 46 23 23 23 48
leaf_count=2433 24 24 24 24 24 24 24 48 48 24 24 72 24 24 24 24 24 24 24 24 24 2663 24 24 46 46 23 23 23 48
internal_value=5.08002e-13 -4.53938e-07 -3.15651e-05 5.50633e-07 2.48039e-07 -1.72488e-07 -2.24839e-05 3.54727e-07 -2.66961e-07 1.8465e-05 6.39091e-06 1.28878e-05 8.69145e-07 1.55308e-05 3.44056e-05 1.20978e-07 -2.54297e-07 1.46264e-05 -5.16439e-06 1.74081e-07 -1.16469e-05 4.90832e-07 6.26895e-06 -4.9267e-06 -6.44462e-08 -4.27127e-07 6.75385e-08 -3.91686e-07 7.76264e-06 -4.79168e-06
internal_weight=5953 3263 72 2690 3191 3119 72 3047 2903 72 48 144 72 48 48 2855 2783 72 48 2759 72 2687 48 48 2642 2525 2479 2456 117 71
internal_count=5953 3263 72 2690 3191 3119 72 3047 2903 72 48 144 72 48 48 2855 2783 72 48 2759 72 2687 48 48 2642 2525 2479 2456 117 71
is_linear=0
shrinkage=0.05


Tree=192
num_leaves=31
num_cat=0
split_feature=0 0 0 0 0 0 0 0 0 0 0 0 0 0 0 0 0 0 0 0 0 0 0 0 0 0 0 0 0 0
split_gain=5.79396e-07 1.62819e-06 2.13096e-06 2.37906e-06 1.88275e-06 1.32183e-06 1.91996e-06 1.82265e-06 1.12086e-06 3.95183e-06 2.34866e-06 1.91909e-06 4.46234e-06 3.83465e-06 3.78872e-06 1.91461e-06 9.56963e-07 2.49473e-05 1.41253e-05 2.09816e-05 2.28238e-05 1.1181e-05 2.45088e-05 1.00846e-05 7.05716e-06 1.47869e-05 1.08691e-05 6.9146e-06 6.91149e-06 6.80885e-06
threshold=0.030803742181755533 0.017652897609846101 0.019601077130010799 0.023554004996251227 0.016328996554610096 0.013471226725432842 0.014341752624165545 0.015298453853237368 0.011369417766440045 0.010572379022454311 0.011890504689669283 0.0091487169768551205 0.0088840703875546299 0.0094889458289314239 0.0097591273249414082 0.010147383968335201 0.0046150052830187761 0.0045367673985707386 0.004936100157888609 0.0048642353772912509 0.0047799479694173282 0.0050197732439822614 0.0050882883699477155 0.0046995108834841795 0.0057200525588598896 0.0058931692408885454 0.0060314024052628137 0.0054712042589986883 0.0058062473020025242 0.0059638842426135109
decision_type=2 2 2 2 2 2 2 2 2 2 2 2 2 2 2 2 2 2 2 2 2 2 2 2 2 2 2 2 2 2
left_child=1 4 -3 -4 5 8 -7 -8 9 11 -10 12 16 -13 -15 -16 17 -1 19 20 23 -20 -23 -18 27 28 29 -24 -26 -27
right_child=-2 2 3 -5 -6 6 7 -9 10 -11 -12 13 -14 14 15 -17 18 -19 21 -21 -22 22 24 -25 25 26 -28 -29 -30 -31
leaf_value=-2.2247990632376738e-08 -4.5551392258198907e-06 2.0115383212333143e-05 -9.8952221299481152e-06 1.2846539080466915e-05 -1.4314332435352973e-05 1.8693840272886599e-05 -8.9517673072607621e-06 1.0953703389057647e-05 -1.9374924190544888e-05 1.4621184604750497e-05 -9.2539998729699762e-07 -2.4746962425643178e-05 2.2017384585721985e-05 1.5653231995478879e-05 -1.9558217963608715e-05 -1.8900493001717184e-06 -3.2423604431602623e-06 5.2183455504153085e-05 3.493579975126878e-05 -6.1462847414709952e-05 3.4348855526490217e-05 -5.1283962713331793e-05 2.1212116161737158e-06 -5.0064332659214574e-05 -9.4309842097572989e-06 4.7305119274508049e-06 -1.4684902946503885e-06 2.2142361410880002e-05 -4.8193062779635356e-05 4.3203684997380432e-05
leaf_weight=4527 69 23 23 23 23 23 23 23 23 46 69 23 23 23 23 46 23 23 23 23 23 23 115 23 23 23 483 69 23 23
leaf_count=4527 69 23 23 23 23 23 23 23 23 46 69 23 23 23 23 46 23 23 23 23 23 23 115 23 23 23 483 69 23 23
internal_value=-2.79232e-13 5.34165e-08 7.6889e-06 1.47566e-06 -3.71851e-08 1.95094e-08 6.89859e-06 1.00097e-06 -6.3429e-08 2.60116e-08 -5.53778e-06 -9.41993e-08 4.0189e-08 -6.48641e-06 -1.92127e-06 -7.77944e-06 -5.26098e-08 2.41649e-07 -1.54523e-06 -2.01052e-05 -6.31928e-06 5.7591e-07 -4.34675e-07 -2.66533e-05 1.10621e-06 -1.62113e-06 7.433e-07 9.62914e-06 -2.8812e-05 2.39671e-05
internal_weight=5953 5884 69 46 5815 5792 69 46 5723 5631 92 5585 5470 115 92 69 5447 4550 897 92 69 805 782 46 759 575 529 184 46 46
internal_count=5953 5884 69 46 5815 5792 69 46 5723 5631 92 5585 5470 115 92 69 5447 4550 897 92 69 805 782 46 759 575 529 184 46 46
is_linear=0
shrinkage=0.05


Tree=193
num_leaves=31
num_cat=0
split_feature=0 0 0 0 0 0 0 0 0 0 0 0 0 0 0 0 0 0 0 0 0 0 0 0 0 0 0 0 0 0
split_gain=5.73373e-07 3.32733e-05 2.39208e-05 1.70339e-05 1.38577e-05 1.17729e-05 4.56949e-05 1.7721e-05 1.54262e-05 1.38474e-05 1.23698e-05 1.76714e-05 1.99926e-05 1.19058e-05 8.89795e-06 6.19568e-06 1.06021e-05 1.91231e-05 9.72353e-06 1.10363e-05 1.24998e-05 1.01039e-05 8.24702e-06 6.61953e-06 5.73177e-06 8.5865e-06 7.3367e-06 5.41605e-06 6.46784e-06 2.32218e-05
threshold=-0.0014914617810069927 -0.0016134251911044878 -0.0012569284385753766 -0.001692823340305926 -0.0015545041955692732 -0.00084515841527540503 -0.00090423889314186366 -0.00065709973606036377 -0.00072027814341748045 -0.00078847701253034069 -0.0011710593048478927 -0.00097511174216158541 -0.0010293214599905137 -0.0010768045238734303 -0.0014089766874591928 -0.0017556141592583853 -0.0020429331696519876 -0.0021678216366010977 -0.0022266102823411036 -0.0023734529641045278 -0.0024846611764242489 -0.0023106087784343717 -0.0021144916596704116 -0.0024359535633138112 -0.0019650459139951377 -0.0019006441521420075 -0.0018282214218971707 -0.0025769388712698913 -0.0027023007013469232 -0.0027684927753667743
decision_type=2 2 2 2 2 2 2 2 2 2 2 2 2 2 2 2 2 2 2 2 2 2 2 2 2 2 2 2 2 2
left_child=1 3 14 15 -3 6 10 8 9 -7 -4 12 13 -12 -2 16 17 18 19 20 27 -21 -19 -22 -18 -26 -27 28 29 -1
right_child=2 4 5 -5 -6 7 -8 -9 -10 -11 11 -13 -14 -15 -16 -17 24 22 -20 21 23 -23 -24 -25 25 26 -28 -29 -30 -31
leaf_value=1.3231218175537707e-07 4.1408951169021596e-06 -7.0165242410123187e-05 -3.4438652991134998e-05 4.3070400589267195e-05 -1.5278560393831554e-05 3.6182744201062673e-05 -7.8844094810926409e-05 -1.1170685750292995e-07 5.8900774994348788e-05 -1.8683534068733699e-05 2.5615291594041754e-05 -3.1397791273142824e-05 5.7271544068024256e-05 -2.5259233877042553e-05 4.2229634335601832e-05 -2.6007981543206492e-05 3.8279949607702135e-05 -5.373248815253053e-05 3.2386332421320611e-05 -4.7939345772054207e-05 4.499100639646792e-05 -1.0724541346502045e-06 -1.1390670197610947e-05 7.056476264868094e-06 -1.5485892198858377e-05 4.1898633524238987e-05 1.9619947441084228e-06 -2.448939055244884e-05 1.842917421448004e-05 -5.0466929742074366e-05
leaf_weight=1605 23 23 23 23 23 23 23 3635 23 23 23 23 23 23 46 23 23 23 23 23 23 23 23 23 23 23 23 23 46 23
leaf_count=1605 23 23 23 23 23 23 23 3635 23 23 23 23 23 23 46 23 23 23 23 23 23 23 23 23 23 23 23 23 46 23
internal_value=-2.0321e-13 -6.79105e-07 3.54572e-07 2.89817e-07 -4.27219e-05 -1.69462e-07 -1.45088e-05 3.6478e-07 2.54667e-05 8.74961e-06 -1.64177e-06 6.55745e-06 1.92092e-05 1.78029e-07 2.95334e-05 -2.08892e-07 9.54047e-08 -7.24983e-07 8.32307e-08 -3.32069e-07 3.05909e-07 -2.45059e-05 -3.25616e-05 2.60237e-05 1.66637e-05 9.45825e-06 2.19303e-05 -3.91215e-07 -6.01173e-08 -5.82542e-07
internal_weight=5953 2042 3911 1996 46 3842 138 3704 69 46 115 92 69 46 69 1973 1950 1858 1812 1789 1743 46 46 46 92 69 46 1697 1674 1628
internal_count=5953 2042 3911 1996 46 3842 138 3704 69 46 115 92 69 46 69 1973 1950 1858 1812 1789 1743 46 46 46 92 69 46 1697 1674 1628
is_linear=0
shrinkage=0.05


Tree=194
num_leaves=31
num_cat=0
split_feature=0 0 0 0 0 0 0 0 0 0 0 0 0 0 0 0 0 0 0 0 0 0 0 0 0 0 0 0 0 0
split_gain=5.4623e-07 6.59071e-07 1.64036e-06 8.96521e-07 1.78979e-06 1.96585e-06 8.21063e-07 1.14098e-06 1.05196e-06 8.79267e-07 1.85311e-06 7.68463e-07 7.32401e-07 7.3012e-07 3.45509e-06 1.37564e-06 1.10931e-06 4.14198e-06 1.91973e-06 1.69048e-06 1.83289e-06 4.099e-06 4.29002e-06 3.63088e-06 3.48442e-06 7.43417e-06 1.56715e-06 1.48975e-06 9.17054e-06 6.78273e-06
threshold=-0.050161956975202614 -0.013109586457152869 -0.014744358271977483 -0.011860397195859339 -0.011431649397759874 -0.011055501685961366 -0.017899142657214113 -0.016018514911379168 -0.020198907872569026 -0.022578175613438552 -0.027323983957631862 -0.013893522920339211 -0.01241668460002244 -0.010110776558653363 -0.010382870609192218 -0.010755843220688821 -0.00957397570292093 -0.0092284920864327252 -0.0089603765977270908 -0.008675775959136196 -0.0084348269931123019 -0.0082134807213181931 -0.0077712965683273986 -0.0075694638907180698 -0.0071028240303755595 -0.0073243711975200807 -0.0079879316931693069 -0.0059894136610153222 -0.0058656100349734073 -0.0057059410177613791
decision_type=2 2 2 2 2 2 2 2 2 2 2 2 2 2 2 2 2 2 2 2 2 2 2 2 2 2 2 2 2 2
left_child=-1 2 6 12 -5 -6 8 -8 9 10 -2 -4 -3 14 15 -7 -15 -18 -19 -20 -21 -22 26 -24 25 -25 -23 -26 -29 -30
right_child=1 3 11 4 5 13 7 -9 -10 -11 -12 -13 -14 16 -16 -17 17 18 19 20 21 22 23 24 27 -27 -28 28 29 -31
leaf_value=7.5279194182561092e-06 1.3639409088581387e-06 7.0596487754907393e-07 -1.7190840541540334e-05 -1.360521030922731e-05 1.4357517922765815e-05 -5.7052111818241739e-06 1.284185151841181e-05 -2.5757726689334959e-06 -1.1973937216680498e-05 8.053103624661163e-06 -1.4679005713939356e-05 -4.5379148408149683e-06 1.3058434475018052e-05 7.6500654965154052e-06 -2.0475544927952191e-05 1.1223790837296595e-05 -2.0710213054068542e-05 1.4216951270403419e-05 -1.3195997113750005e-05 1.389028475387022e-05 -2.0575423028882749e-05 5.9804812432654826e-06 -1.9404090198804625e-05 -6.1793496570317081e-06 -4.6673409954001688e-06 3.3175251398157954e-05 2.4049517620975772e-05 3.095253608383549e-05 -2.6545665605226532e-05 9.8544604008162174e-08
leaf_weight=24 72 24 24 24 24 24 24 24 24 24 24 24 24 48 24 24 24 24 24 24 24 24 24 24 168 24 24 24 24 5017
leaf_count=24 72 24 24 24 24 24 24 24 24 24 24 24 24 48 24 24 24 24 24 24 24 24 24 24 168 24 24 24 24 5017
internal_value=-3.06398e-13 -3.04726e-08 -2.59707e-06 7.78036e-08 1.99041e-08 7.81207e-08 -5.30242e-07 5.13304e-06 -2.418e-06 -5.06816e-07 -2.6468e-06 -1.08644e-05 6.8822e-06 1.68467e-08 -4.98566e-06 2.75929e-06 8.20849e-08 1.57113e-08 1.06998e-07 4.45762e-08 1.03412e-07 4.18752e-08 1.34312e-07 -3.29244e-10 8.7853e-08 1.3498e-05 1.5015e-05 -3.51519e-08 1.18492e-07 -2.83074e-08
internal_weight=5953 5929 240 5689 5641 5617 192 48 144 120 96 48 48 5593 72 48 5521 5473 5449 5425 5401 5377 5353 5305 5281 48 48 5233 5065 5041
internal_count=5953 5929 240 5689 5641 5617 192 48 144 120 96 48 48 5593 72 48 5521 5473 5449 5425 5401 5377 5353 5305 5281 48 48 5233 5065 5041
is_linear=0
shrinkage=0.05


Tree=195
num_leaves=31
num_cat=0
split_feature=0 0 0 0 0 0 0 0 0 0 0 0 0 0 0 0 0 0 0 0 0 0 0 0 0 0 0 0 0 0
split_gain=5.37802e-07 2.5722e-05 3.62328e-05 2.02603e-05 8.82688e-06 1.32419e-05 1.60244e-05 8.57369e-06 9.37898e-06 7.57841e-06 7.69519e-06 7.50897e-06 1.11747e-05 7.45787e-06 5.61227e-06 2.1192e-05 7.83012e-06 4.5651e-06 3.84972e-06 1.78354e-05 7.35882e-06 1.66437e-05 2.58825e-05 1.46887e-05 6.84342e-06 6.35701e-06 4.25394e-06 4.19534e-06 1.71497e-05 1.79635e-05
threshold=0.0002435901031547042 0.00041126910178810976 0.00036662862087073848 6.4428457785339205e-05 0.00056287761173926356 0.00072670769405607709 0.00067547072744762228 0.0010279278069603649 0.0011379946057564201 0.00051901544814576155 0.00047053809498753932 0.0008859848629561676 0.00082615188029494708 0.00077244483763002725 0.0013032371064385356 0.001336628976900265 0.0011850831211700596 0.00028699253498341561 -5.1690087292619742e-05 -0.00010699510516213253 -0.00047080791346445079 -0.00035314206361493247 -0.00031255517857436922 -0.0005124692770228505 -0.000162869263940615 1.0000000180025095e-35 -0.00040354597098055529 -0.00061578420248018797 -0.00072027814341748045 -0.00097511174216158541
decision_type=2 2 2 2 2 2 2 2 2 2 2 2 2 2 2 2 2 2 2 2 2 2 2 2 2 2 2 2 2 2
left_child=3 2 17 18 9 6 -6 11 -9 10 -3 12 13 -7 16 -16 -10 -2 19 20 23 26 -23 27 -24 -20 -22 28 29 -1
right_child=1 4 -4 -5 5 7 -8 8 14 -11 -12 -13 -14 -15 15 -17 -18 -19 25 -21 21 22 24 -25 -26 -27 -28 -29 -30 -31
leaf_value=5.191431072474374e-07 -2.0324044089647942e-05 2.6092914292045563e-05 -8.0146548740837412e-05 2.6689287975993164e-05 -4.6785954585478378e-06 -4.9526351025027304e-06 -5.4716641837633995e-05 -2.217241229421537e-05 -9.4217883694606527e-06 4.0484277027038239e-05 -1.3946634135209024e-05 2.3662872066173199e-05 -2.7029651255361388e-05 3.4464649070287122e-05 -4.7023166310585414e-05 1.6474681495949362e-07 2.5556141235938415e-05 1.0515248504816554e-05 -3.3161093470761956e-05 4.3895508987707619e-05 -2.0913382658087042e-05 4.665131134021542e-05 -2.5729261055264784e-05 4.0076651234615029e-05 7.6739487173219224e-06 3.624344572017435e-06 -5.1323423648010136e-05 -1.5026523705392205e-05 3.0449059241895477e-05 -2.2031314596381931e-05
leaf_weight=2203 24 24 24 72 48 24 24 48 24 24 24 72 24 24 24 2759 48 24 23 23 23 23 46 23 23 24 23 46 46 92
leaf_count=2203 24 24 24 72 48 24 24 48 24 24 24 72 24 24 24 2759 48 24 23 23 23 23 46 23 23 24 23 46 46 92
internal_value=-4.90542e-13 -4.31501e-07 -2.99851e-05 5.23414e-07 2.35331e-07 -1.64217e-07 -2.13579e-05 3.36587e-07 -2.54125e-07 1.75435e-05 6.07314e-06 1.22452e-05 8.27454e-07 1.4756e-05 1.14379e-07 -2.42192e-07 1.38968e-05 -4.9044e-06 -1.96197e-07 6.30401e-08 -3.32622e-07 -1.15617e-05 7.16684e-07 3.1037e-07 -1.45949e-05 -1.4377e-05 -3.61184e-05 -7.27993e-08 2.21037e-07 -3.8484e-07
internal_weight=5953 3263 72 2690 3191 3119 72 3047 2903 72 48 144 72 48 2855 2783 72 48 2618 2571 2548 138 92 2410 69 47 46 2387 2341 2295
internal_count=5953 3263 72 2690 3191 3119 72 3047 2903 72 48 144 72 48 2855 2783 72 48 2618 2571 2548 138 92 2410 69 47 46 2387 2341 2295
is_linear=0
shrinkage=0.05


Tree=196
num_leaves=31
num_cat=0
split_feature=0 0 0 0 0 0 0 0 0 0 0 0 0 0 0 0 0 0 0 0 0 0 0 0 0 0 0 0 0 0
split_gain=5.44311e-07 3.00508e-05 2.1527e-05 1.5362e-05 1.25066e-05 1.0108e-05 4.02315e-05 1.62966e-05 1.24308e-05 1.24973e-05 1.13259e-05 1.52091e-05 1.80434e-05 1.0745e-05 8.0304e-06 5.59839e-06 9.55009e-06 1.72766e-05 8.76624e-06 9.97445e-06 1.12655e-05 9.11879e-06 7.44293e-06 5.97413e-06 5.17292e-06 7.74931e-06 6.62137e-06 4.89537e-06 5.82559e-06 2.09737e-05
threshold=-0.0014914617810069927 -0.0016134251911044878 -0.0012569284385753766 -0.001692823340305926 -0.0015545041955692732 -0.00084515841527540503 -0.00090423889314186366 -0.00065709973606036377 -0.00072027814341748045 -0.00078847701253034069 -0.0011710593048478927 -0.00097511174216158541 -0.0010293214599905137 -0.0010768045238734303 -0.0014089766874591928 -0.0017556141592583853 -0.0020429331696519876 -0.0021678216366010977 -0.0022266102823411036 -0.0023734529641045278 -0.0024846611764242489 -0.0023106087784343717 -0.0021144916596704116 -0.0024359535633138112 -0.0019650459139951377 -0.0019006441521420075 -0.0018282214218971707 -0.0025769388712698913 -0.0027023007013469232 -0.0027684927753667743
decision_type=2 2 2 2 2 2 2 2 2 2 2 2 2 2 2 2 2 2 2 2 2 2 2 2 2 2 2 2 2 2
left_child=1 3 14 15 -3 6 10 8 9 -7 -4 12 13 -12 -2 16 17 18 19 20 27 -21 -19 -22 -18 -26 -27 28 29 -1
right_child=2 4 5 -5 -6 7 -8 -9 -10 -11 11 -13 -14 -15 -16 -17 24 22 -20 21 23 -23 -24 -25 25 26 -28 -29 -30 -31
leaf_value=1.1308740914356461e-07 3.9029574153296974e-06 -6.6687868409486404e-05 -3.274761035319661e-05 4.0885991082810193e-05 -1.4545516426986305e-05 3.5470248590370278e-05 -7.3805253234003552e-05 -1.1356381687707005e-07 5.4428351627986718e-05 -1.6652726259527973e-05 2.4303645098015019e-05 -2.8731258846718168e-05 5.4377078168213111e-05 -2.4027153773678712e-05 4.0087260763159618e-05 -2.473846916868554e-05 3.6335067619327913e-05 -5.1076741605673149e-05 3.0736133972506813e-05 -4.5573269649732697e-05 4.2710570699494826e-05 -1.04972037345009e-06 -1.0852016123902539e-05 6.6727711110497299e-06 -1.4742480909816275e-05 3.9772818648919424e-05 1.8330080859848989e-06 -2.3295805832553331e-05 1.7476831240144195e-05 -4.7974479792608934e-05
leaf_weight=1605 23 23 23 23 23 23 23 3635 23 23 23 23 23 23 46 23 23 23 23 23 23 23 23 23 23 23 23 23 46 23
leaf_count=1605 23 23 23 23 23 23 23 3635 23 23 23 23 23 23 46 23 23 23 23 23 23 23 23 23 23 23 23 23 46 23
internal_value=-1.1914e-13 -6.6167e-07 3.45469e-07 2.59137e-07 -4.06167e-05 -1.51653e-07 -1.34384e-05 3.43372e-07 2.44153e-05 9.40876e-06 -1.36506e-06 6.48058e-06 1.82179e-05 1.38246e-07 2.80258e-05 -2.14466e-07 7.47919e-08 -7.03832e-07 6.4372e-08 -3.29955e-07 2.76558e-07 -2.33115e-05 -3.09644e-05 2.46917e-05 1.57996e-05 8.95445e-06 2.08029e-05 -3.85255e-07 -7.0474e-08 -5.66282e-07
internal_weight=5953 2042 3911 1996 46 3842 138 3704 69 46 115 92 69 46 69 1973 1950 1858 1812 1789 1743 46 46 46 92 69 46 1697 1674 1628
internal_count=5953 2042 3911 1996 46 3842 138 3704 69 46 115 92 69 46 69 1973 1950 1858 1812 1789 1743 46 46 46 92 69 46 1697 1674 1628
is_linear=0
shrinkage=0.05


Tree=197
num_leaves=31
num_cat=0
split_feature=0 0 0 0 0 0 0 0 0 0 0 0 0 0 0 0 0 0 0 0 0 0 0 0 0 0 0 0 0 0
split_gain=5.43686e-07 1.2244e-05 2.04762e-05 1.93202e-05 1.81739e-05 1.38562e-05 1.21405e-05 1.05717e-05 9.23876e-06 2.07687e-05 9.13637e-06 7.60065e-06 6.97965e-06 1.35478e-05 9.38245e-06 1.02581e-05 8.20466e-06 6.23539e-06 5.91161e-06 1.41782e-05 7.00511e-06 5.8712e-06 4.97589e-06 3.54389e-06 1.25469e-05 4.19754e-06 3.50636e-06 2.24577e-06 2.12155e-06 1.72524e-05
threshold=-0.0030078749251793301 -0.0035976423254494368 -0.0038714621955656691 -0.0034946426188443634 -0.0039474372548191769 -0.0033079396304207726 -0.0028563024556434264 -0.0031629927537497452 -0.0041335871280671855 -0.0040419387176810736 -0.0029279978062143963 -0.0037152489831321091 -0.0043218991557717685 -0.0042428440131381398 -0.0045885086614475172 -0.004954723710388219 -0.0052288518901749846 -0.0050608455083966082 -0.0027023007013469232 -0.0027684927753667743 -0.0026314935958557119 -0.0044660990012244757 -0.0031029584104307712 -0.0053171534512130537 -0.0054481196936981341 -0.0055554636556805074 -0.0046926363438754707 -0.0034126785965574104 -0.0023734529641045278 -0.0023106087784343717
decision_type=2 2 2 2 2 2 2 2 2 2 2 2 2 2 2 2 2 2 2 2 2 2 2 2 2 2 2 2 2 2
left_child=1 2 4 -3 8 27 10 -7 12 -10 -2 -4 14 -14 15 16 23 -18 19 -8 -20 -16 -9 24 25 -1 -17 -5 -22 -30
right_child=6 3 11 5 -6 7 18 22 9 -11 -12 -13 13 -15 21 26 17 -19 20 -21 28 -23 -24 -25 -26 -27 -28 -29 29 -31
leaf_value=-2.2094209597867123e-07 3.551186882364361e-06 -5.50823063046361e-05 5.2729318485944536e-05 2.6122780521594299e-05 -4.3524916206176084e-05 -3.4186242676999733e-05 9.9418725332488183e-06 1.5096766098092e-05 5.4801080841571094e-05 -1.097735682075533e-05 4.8117619893594606e-05 1.2936490793435951e-05 -4.5701399782653124e-05 7.4254450737498702e-06 3.9452041619369993e-05 -2.66722868521659e-05 3.885003916366259e-05 2.807838609442115e-06 2.7722953350546408e-05 -4.5575751795220881e-05 7.5665497918279207e-06 4.4782476228040959e-06 -1.7100171438263111e-05 -1.9306881707355694e-05 3.5852985123104492e-05 -2.1391081524294957e-05 -3.2656869128307643e-06 4.4925128653024638e-06 -4.329460511065048e-05 1.2845468231764194e-07
leaf_weight=960 23 24 24 24 24 48 23 24 24 24 23 24 24 24 24 48 24 24 23 23 92 24 24 24 24 24 24 24 23 4187
leaf_count=960 23 24 24 24 24 48 23 24 24 24 23 24 24 24 24 48 24 24 23 23 92 24 24 24 24 24 24 24 23 4187
internal_value=2.9488e-13 -8.10297e-07 7.54104e-07 -1.3549e-05 -4.12398e-07 -6.62677e-06 2.81779e-07 -1.7594e-05 3.85982e-07 2.19119e-05 2.58344e-05 3.28329e-05 -4.41937e-07 -1.9138e-05 3.05905e-07 -5.96563e-07 6.21671e-07 2.08289e-05 1.28655e-08 -1.78169e-05 2.025e-07 2.19651e-05 -1.0017e-06 -3.18201e-07 1.3391e-07 -7.37287e-07 -1.88701e-05 1.53076e-05 5.53664e-08 -1.08773e-07
internal_weight=5953 1536 1368 168 1320 144 4417 96 1296 48 46 48 1248 48 1200 1152 1080 48 4371 46 4325 48 48 1032 1008 984 72 48 4302 4210
internal_count=5953 1536 1368 168 1320 144 4417 96 1296 48 46 48 1248 48 1200 1152 1080 48 4371 46 4325 48 48 1032 1008 984 72 48 4302 4210
is_linear=0
shrinkage=0.05


Tree=198
num_leaves=31
num_cat=0
split_feature=0 0 0 0 0 0 0 0 0 0 0 0 0 0 0 0 0 0 0 0 0 0 0 0 0 0 0 0 0 0
split_gain=5.32384e-07 6.06301e-07 2.91876e-06 3.62455e-06 9.04104e-07 1.50571e-06 8.94734e-07 2.87324e-06 1.29836e-06 1.64494e-06 9.39573e-07 1.36226e-06 8.01896e-07 4.28348e-06 4.05597e-06 2.70594e-06 2.4996e-06 2.76814e-06 2.19745e-06 2.32465e-06 2.17254e-06 2.63368e-06 2.89611e-06 4.2345e-06 9.04489e-06 1.79113e-06 5.3341e-06 9.98211e-06 1.39518e-05 1.01275e-05
threshold=0.046204879040816556 0.012434112528229091 0.011369417766440045 0.010903837729938103 0.014341752624165545 0.013471226725432842 0.017652897609846101 0.019601077130010799 0.016328996554610096 0.015298453853237368 0.023554004996251227 0.030803742181755533 0.0091487169768551205 0.0094889458289314239 0.0086018910567939606 0.0083253114794032794 0.0097591273249414082 0.010147383968335201 0.007776959479531248 0.0080992043414310679 0.0076473147461918961 0.0075114621539750922 0.0073770644335394682 0.0072762817437040887 0.007186664679583738 0.0066840215762294227 0.006306648111289598 0.0062371401705527711 0.0061281797422286129 0.0059638842426135109
decision_type=2 2 2 2 2 2 2 2 2 2 2 2 2 2 2 2 2 2 2 2 2 2 2 2 2 2 2 2 2 2
left_child=1 2 3 12 5 -3 8 -8 9 -6 -9 -12 14 -14 15 18 -15 -18 20 -20 21 22 23 24 25 26 27 28 29 -1
right_child=-2 4 -4 -5 6 -7 7 10 -10 -11 11 -13 13 16 -16 -17 17 -19 19 -21 -22 -23 -24 -25 -26 -27 -28 -29 -30 -31
leaf_value=-1.0807391368783245e-07 -7.5923833165965649e-06 2.0825051014190134e-06 -1.2620927467967545e-05 1.9833352337667273e-05 -8.5125011695629886e-06 1.7750829093806123e-05 1.9101285294670127e-05 -9.4087976638389676e-06 -1.3606957256105608e-05 1.039769131634587e-05 1.219590827215301e-05 -2.7073617947399212e-06 -2.3517941134860337e-05 1.4862241890944501e-05 1.4823348560046566e-05 -1.2161857241311657e-05 -1.8588638783473036e-05 1.4408303919164768e-06 1.5371732170815054e-05 -4.0966764335399094e-06 -1.5432116260458516e-05 1.6850967000684015e-05 -1.7809106208480207e-05 2.1379055586926965e-05 -3.140800513590322e-05 6.9308724811850441e-06 -1.3915912975038658e-05 3.2945190627208873e-05 -3.8922636462223681e-05 2.3461654322802688e-05
leaf_weight=4941 23 46 46 23 23 23 23 23 23 23 23 46 23 23 46 46 23 69 46 23 23 23 23 23 23 92 69 23 23 46
leaf_count=4941 23 46 46 23 23 23 23 23 23 23 23 46 23 23 46 46 23 69 46 23 23 23 23 23 23 92 69 23 23 46
internal_value=3.67402e-13 2.94481e-08 -7.72822e-08 2.51876e-08 2.42434e-06 7.30528e-06 5.93988e-07 3.29473e-06 -3.90726e-06 9.42595e-07 -6.56903e-07 2.26039e-06 -5.60513e-08 -3.82031e-06 3.89153e-08 -8.64689e-08 1.19219e-07 -3.56654e-06 1.68163e-08 8.88226e-06 -9.84061e-08 -3.16873e-08 -1.05467e-07 -2.77599e-08 -1.22135e-07 1.64043e-08 -1.08278e-07 8.10176e-08 -6.98558e-08 1.09333e-07
internal_weight=5953 5930 5677 5631 253 69 184 115 69 46 92 69 5608 138 5470 5424 115 92 5378 69 5309 5286 5263 5240 5217 5194 5102 5033 5010 4987
internal_count=5953 5930 5677 5631 253 69 184 115 69 46 92 69 5608 138 5470 5424 115 92 5378 69 5309 5286 5263 5240 5217 5194 5102 5033 5010 4987
is_linear=0
shrinkage=0.05


Tree=199
num_leaves=31
num_cat=0
split_feature=0 0 0 0 0 0 0 0 0 0 0 0 0 0 0 0 0 0 0 0 0 0 0 0 0 0 0 0 0 0
split_gain=5.0039e-07 1.44336e-05 1.18187e-05 7.23461e-06 5.83356e-06 1.39495e-05 9.15404e-06 9.73385e-06 9.3634e-06 7.94394e-06 7.86602e-06 6.46342e-06 2.71082e-05 8.83437e-06 6.82484e-06 6.28097e-06 1.95315e-05 1.61365e-05 1.50408e-05 7.30328e-06 1.12926e-05 1.68915e-05 6.35929e-06 6.0876e-06 5.75955e-06 5.57565e-06 1.60109e-05 9.68239e-06 1.57655e-05 1.05693e-05
threshold=0.0021205127434794188 0.0022534084520796855 0.0021827998122470314 0.001866093451278965 0.0025105642701259119 0.0027107652337801562 0.0026154520048600363 0.0025468797556308293 0.0026553461289055592 0.002455247004665716 0.0023971661132836867 0.0029278205419772194 0.0028840650084086725 0.0027667136535893954 0.0028287714882308779 0.0032080433903018475 0.0030829115671654477 0.0032910703023802911 0.0030327807007904969 0.003337919246072307 0.0033884638574101299 0.0034460593410293168 0.0032518789206043338 0.0031414737074156002 0.0023552695541368689 0.0036187552532875268 0.003540546764762276 0.0038241186501719606 0.0037412106850754057 0.0039859300302273453
decision_type=2 2 2 2 2 2 2 2 2 2 2 2 2 2 2 2 2 2 2 2 2 2 2 2 2 2 2 2 2 2
left_child=3 2 -2 -1 9 6 7 -6 -8 10 24 12 13 -7 -15 16 18 22 -13 -19 -21 -22 -17 -18 -3 26 -23 28 -27 -29
right_child=1 4 -4 -5 5 11 8 -9 -10 -11 -12 15 -14 14 -16 17 23 19 -20 20 21 25 -24 -25 -26 27 -28 29 -30 -31
leaf_value=4.5078250776313381e-08 2.8899738026666458e-06 -2.5666879082564266e-06 5.251076375619354e-05 -1.244443291435952e-05 2.6873748752025318e-05 -2.2834913967096289e-05 5.7975517895259975e-05 -1.912685111165047e-05 1.285876267937293e-05 -3.6464609305160893e-05 2.0486738746209693e-05 1.1378692895801658e-05 -6.021279626546185e-05 3.4376665011539289e-05 -4.1416469131312949e-06 -1.1000119016186902e-05 5.5122362834441927e-05 2.8384818174147411e-05 -3.8141996280857081e-05 -3.4781792182121026e-05 4.3051882707716334e-05 3.0227728964983612e-06 -4.8181504383177055e-05 1.8743906991363951e-05 -3.2565518267801963e-05 1.9395255430540799e-06 -4.8070026969071479e-05 -1.9434206615846632e-05 5.263929652637276e-05 5.4976727013759645e-07
leaf_weight=3434 24 48 24 120 23 23 23 23 23 24 24 46 23 23 23 23 23 23 23 23 23 46 23 23 24 46 23 69 23 1610
leaf_count=3434 24 48 24 120 23 23 23 23 23 24 24 46 23 23 23 23 23 23 23 23 23 46 23 23 24 46 23 69 23 1610
internal_value=8.39306e-13 5.57957e-07 2.77004e-05 -3.76627e-07 3.79436e-09 5.81427e-07 1.96453e-05 3.87345e-06 3.54171e-05 -1.07354e-05 -4.30304e-06 -2.38525e-07 -1.32032e-05 2.4667e-06 1.51175e-05 3.44156e-07 1.16963e-05 -3.31569e-07 -5.1282e-06 3.82072e-07 3.63586e-08 4.71585e-07 -2.95908e-05 3.69331e-05 -1.25663e-05 -6.74056e-08 -1.40082e-05 4.82887e-07 1.88394e-05 -2.71492e-07
internal_weight=5953 2399 48 3554 2351 2231 92 46 46 120 96 2139 92 69 46 2047 115 1932 69 1886 1863 1840 46 46 72 1817 69 1748 69 1679
internal_count=5953 2399 48 3554 2351 2231 92 46 46 120 96 2139 92 69 46 2047 115 1932 69 1886 1863 1840 46 46 72 1817 69 1748 69 1679
is_linear=0
shrinkage=0.05


end of trees

feature_importances:
Column_0=6000

parameters:
[boosting: gbdt]
[objective: regression]
[metric: l2]
[tree_learner: serial]
[device_type: cpu]
[data_sample_strategy: bagging]
[data: ]
[valid: ]
[num_iterations: 200]
[learning_rate: 0.05]
[num_leaves: 31]
[num_threads: 12]
[seed: 0]
[deterministic: 0]
[force_col_wise: 0]
[force_row_wise: 0]
[histogram_pool_size: -1]
[max_depth: -1]
[min_data_in_leaf: 20]
[min_sum_hessian_in_leaf: 0.001]
[bagging_fraction: 1]
[pos_bagging_fraction: 1]
[neg_bagging_fraction: 1]
[bagging_freq: 0]
[bagging_seed: 3]
[bagging_by_query: 0]
[feature_fraction: 1]
[feature_fraction_bynode: 1]
[feature_fraction_seed: 2]
[extra_trees: 0]
[extra_seed: 6]
[early_stopping_round: 0]
[early_stopping_min_delta: 0]
[first_metric_only: 0]
[max_delta_step: 0]
[lambda_l1: 0]
[lambda_l2: 0]
[linear_lambda: 0]
[min_gain_to_split: 0]
[drop_rate: 0.1]
[max_drop: 50]
[skip_drop: 0.5]
[xgboost_dart_mode: 0]
[uniform_drop: 0]
[drop_seed: 4]
[top_rate: 0.2]
[other_rate: 0.1]
[min_data_per_group: 100]
[max_cat_threshold: 32]
[cat_l2: 10]
[cat_smooth: 10]
[max_cat_to_onehot: 4]
[top_k: 20]
[monotone_constraints: ]
[monotone_constraints_method: basic]
[monotone_penalty: 0]
[feature_contri: ]
[forcedsplits_filename: ]
[refit_decay_rate: 0.9]
[cegb_tradeoff: 1]
[cegb_penalty_split: 0]
[cegb_penalty_feature_lazy: ]
[cegb_penalty_feature_coupled: ]
[path_smooth: 0]
[interaction_constraints: ]
[verbosity: -1]
[saved_feature_importance_type: 0]
[use_quantized_grad: 0]
[num_grad_quant_bins: 4]
[quant_train_renew_leaf: 0]
[stochastic_rounding: 1]
[linear_tree: 0]
[max_bin: 255]
[max_bin_by_feature: ]
[min_data_in_bin: 3]
[bin_construct_sample_cnt: 200000]
[data_random_seed: 1]
[is_enable_sparse: 1]
[enable_bundle: 1]
[use_missing: 1]
[zero_as_missing: 0]
[feature_pre_filter: 1]
[pre_partition: 0]
[two_round: 0]
[header: 0]
[label_column: ]
[weight_column: ]
[group_column: ]
[ignore_column: ]
[categorical_feature: ]
[forcedbins_filename: ]
[precise_float_parser: 0]
[parser_config_file: ]
[objective_seed: 5]
[num_class: 1]
[is_unbalance: 0]
[scale_pos_weight: 1]
[sigmoid: 1]
[boost_from_average: 1]
[reg_sqrt: 0]
[alpha: 0.9]
[fair_c: 1]
[poisson_max_delta_step: 0.7]
[tweedie_variance_power: 1.5]
[lambdarank_truncation_level: 30]
[lambdarank_norm: 1]
[label_gain: ]
[lambdarank_position_bias_regularization: 0]
[eval_at: ]
[multi_error_top_k: 1]
[auc_mu_weights: ]
[num_machines: 1]
[local_listen_port: 12400]
[time_out: 120]
[machine_list_filename: ]
[machines: ]
[gpu_platform_id: -1]
[gpu_device_id: -1]
[gpu_use_dp: 0]
[num_gpu: 1]

end of parameters

pandas_categorical:null
